timestamp,gyro_y,gyro_z
2026-07-20T19:26:51.104515,-0.015038013,0.042137206
2026-07-20T19:26:51.106414,-0.004334718,-0.0013049317,0.9923096,-0.099312544,0.061297894,-0.08000016
2026-07-20T19:26:51.108435,-0.000428468,-0.0022814942,1.00354,-0.03824377,-0.0455724,0.0574044
2026-07-20T19:26:51.110338,-0.0018933117,-0.001793213,1.0030518,-0.053510904,0.030763507,-0.12580168
2026-07-20T19:26:51.112370,-0.002381593,0.00040405267,1.0037842,-0.053510904,-0.030305147,-0.08000016
2026-07-20T19:26:51.113523,-0.0021374524,0.0008923339,1.0032959,-0.03824377,0.09183216,0.087938726
2026-07-20T19:26:51.117955,-0.0053112805,0.0013806152,1.0010986,-0.099312544,-0.015038013,0.087938726
2026-07-20T19:26:51.119884,0.00079223514,-0.00057250983,1.0028076,0.007557869,0.015496373,0.087938726
2026-07-20T19:26:51.122915,0.002113037,0.99157715,-0.0060437024,0.068626404,0.42771006,-0.06473303
2026-07-20T19:26:51.124522,-0.003602296,-0.0003283692,0.99694824,0.083893776,0.061297894,-0.06473303
2026-07-20T19:26:51.130963,0.0020129383,0.0018688964,0.9971924,0.05335927,-0.12190819,0.011602879
2026-07-20T19:26:51.143585,-0.002381593,-0.0020373536,0.9979248,0.17549682,0.21396959,0.026870072
2026-07-20T19:26:51.156061,0.009581298,0.00040405267,1.0074463,0.022825003,-0.106641054,-0.049465835
2026-07-20T19:26:51.168561,-0.002381593,-8.422858e-05,0.9967041,-0.007709503,-0.015038013,0.13374025
2026-07-20T19:26:51.181032,-0.0016491711,-0.0047229007,0.9962158,0.022825003,-0.060839534,-0.018931508
2026-07-20T19:26:51.193072,0.0049426258,0.0006481933,0.9996338,0.083893776,0.18343532,-0.06473303
2026-07-20T19:26:51.205526,0.0005480945,-8.422858e-05,1.0028076,-0.12984681,-0.3051144,-0.08000016
2026-07-20T19:26:51.218031,0.0029895008,-0.0015490723,0.99523926,0.09916091,0.21396959,0.0574044
2026-07-20T19:26:51.230593,-0.0016491711,0.0035778808,0.99938965,-0.06877804,-0.16770983,0.0574044
2026-07-20T19:26:51.243008,-0.0006726086,-0.003990479,1.0023193,0.09916091,0.07656503,0.07267159
2026-07-20T19:26:51.255588,0.006163329,0.0008923339,0.9971924,0.083893776,0.107099414,-0.03419864
2026-07-20T19:26:51.267625,0.00079223514,-0.0010607911,1.0101318,0.022825003,-0.09137392,0.026870072
2026-07-20T19:26:51.280089,0.0017687976,-0.0015490723,0.9962158,0.007557869,0.00022912025,0.0574044
2026-07-20T19:26:51.292648,0.0027453601,-0.0022814942,0.99328613,0.022825003,0.00022912025,-0.018931508
2026-07-20T19:26:51.305465,0.00079223514,-0.0022814942,1.0008545,-0.06877804,-0.0455724,0.011602879
2026-07-20T19:26:51.317623,0.0044543445,0.0011364745,0.9996338,0.022825003,-0.015038013,0.026870072
2026-07-20T19:26:51.330036,0.002257079,-0.00057250983,0.99890137,0.038092136,-0.106641054,0.011602879
2026-07-20T19:26:51.342625,0.0010363758,-0.0010607911,1.0015869,0.038092136,0.030763507,-0.06473303
2026-07-20T19:26:51.354604,0.0032336414,-0.0003283692,1.0010986,-0.06877804,0.061297894,-0.018931508
2026-07-20T19:26:51.367014,0.0003039539,0.0016247558,0.9986572,-0.03824377,0.04603064,-0.0036643147
2026-07-20T19:26:51.379596,0.0005480945,-0.0020373536,1.00354,0.083893776,0.015496373,-0.0036643147
2026-07-20T19:26:51.392108,-0.0011608899,-0.00081665046,1.0015869,0.007557869,-0.015038013,-0.049465835
2026-07-20T19:26:51.404902,0.0037219226,-0.00057250983,0.9996338,-0.053510904,-0.015038013,0.011602879
2026-07-20T19:26:51.416997,0.003477782,-0.0003283692,1.0023193,0.068626404,0.1376338,0.0574044
2026-07-20T19:26:51.429667,-0.00091674924,-8.422858e-05,1.0040283,0.083893776,0.09183216,-0.0036643147
2026-07-20T19:26:51.442038,0.0032336414,0.0018688964,1.001831,-0.007709503,0.015496373,-0.049465835
2026-07-20T19:26:51.454602,0.004210204,-0.0003283692,1.00354,-0.053510904,0.061297894,0.10320598
2026-07-20T19:26:51.466596,0.00079223514,-0.001793213,0.99645996,0.09916091,-0.0455724,0.011602879
2026-07-20T19:26:51.479035,0.0025012195,-0.0003283692,0.9991455,-0.022976637,0.04603064,0.07267159
2026-07-20T19:26:51.491641,5.981326e-05,-0.0025256348,1.0028076,-0.053510904,-0.0455724,0.011602879
2026-07-20T19:26:51.504056,0.0010363758,-0.0020373536,0.99768066,0.05335927,-0.030305147,0.11847311
2026-07-20T19:26:51.516799,0.0027453601,-0.0003283692,0.99572754,-0.007709503,0.07656503,-0.0036643147
2026-07-20T19:26:51.529104,0.0017687976,0.0011364745,0.9954834,0.12969518,0.1376338,-0.03419864
2026-07-20T19:26:51.541115,0.0025012195,-0.00081665046,1.0001221,0.068626404,0.09183216,-0.11053455
2026-07-20T19:26:51.553672,0.0071398914,-0.0015490723,0.9991455,0.068626404,0.030763507,-0.0036643147
2026-07-20T19:26:51.566169,0.0025012195,-0.0013049317,0.99890137,0.14496231,0.21396959,0.026870072
2026-07-20T19:26:51.578612,0.003477782,0.0008923339,1.0067139,0.11442804,0.18343532,-0.08000016
2026-07-20T19:26:51.590727,0.00079223514,0.0011364745,1.0001221,0.20603108,0.18343532,0.011602879
2026-07-20T19:26:51.603046,0.0039660633,-0.00057250983,0.989624,0.22129822,0.33610702,-0.018931508
2026-07-20T19:26:51.615735,-0.00018432736,-0.003013916,0.9967041,0.19076395,0.22923684,-0.0036643147
2026-07-20T19:26:51.628049,0.0020129383,-0.0025256348,0.993042,0.12969518,0.19870245,-0.018931508
2026-07-20T19:26:51.640082,0.0037219226,-0.0025256348,0.9942627,0.19076395,0.12236655,0.011602879
2026-07-20T19:26:51.652659,-0.0011608899,-8.422858e-05,1.0023193,0.20603108,0.18343532,0.0574044
2026-07-20T19:26:51.665059,0.0049426258,0.0008923339,1.006958,0.14496231,-0.015038013,-0.0036643147
2026-07-20T19:26:51.677609,-0.0006726086,0.002845459,0.98791504,0.038092136,0.24450397,-0.03419864
2026-07-20T19:26:51.689670,0.0005480945,0.00040405267,0.9971924,0.007557869,0.00022912025,0.011602879
2026-07-20T19:26:51.702082,-0.00018432736,-0.0013049317,0.99694824,0.068626404,0.22923684,-0.049465835
2026-07-20T19:26:51.714674,5.981326e-05,0.00015991204,1.0050049,-0.007709503,0.00022912025,-0.0036643147
2026-07-20T19:26:51.727635,0.0017687976,-0.0003283692,0.9959717,-0.14511395,0.33610702,0.042137206
2026-07-20T19:26:51.739643,0.0076281726,0.002113037,0.9954834,-0.022976637,-0.1982441,0.042137206
2026-07-20T19:26:51.752140,0.001524657,-0.0015490723,0.9984131,0.038092136,-0.21351135,-0.06473303
2026-07-20T19:26:51.764098,0.002257079,-0.0003283692,1.0028076,0.19076395,0.24450397,0.011602879
2026-07-20T19:26:51.776635,0.0039660633,-0.0032580567,0.9962158,-0.03824377,-0.12190819,0.07267159
2026-07-20T19:26:51.789077,0.0020129383,-0.00057250983,1.0023193,-0.053510904,-0.1982441,0.042137206
2026-07-20T19:26:51.801611,0.0027453601,-0.0010607911,0.99938965,0.022825003,0.09183216,-0.12580168
2026-07-20T19:26:51.814075,0.0049426258,-0.00447876,1.0025635,-0.007709503,-0.12190819,-0.095267355
2026-07-20T19:26:51.826058,0.001524657,0.0023571777,0.9986572,0.038092136,-0.0455724,-0.06473303
2026-07-20T19:26:51.838866,5.981326e-05,0.00015991204,0.99645996,0.022825003,0.16816807,0.042137206
2026-07-20T19:26:51.851003,0.0020129383,0.00040405267,1.0059814,-0.08404517,-0.0455724,0.087938726
2026-07-20T19:26:51.863716,0.006163329,0.00015991204,1.0003662,-0.06877804,0.015496373,0.087938726
2026-07-20T19:26:51.876122,0.0025012195,-0.0022814942,1.0064697,0.038092136,0.061297894,-0.08000016
2026-07-20T19:26:51.888641,0.002257079,-0.0013049317,1.0013428,-0.007709503,0.030763507,-0.049465835
2026-07-20T19:26:51.901123,0.003477782,-0.003746338,0.99816895,0.038092136,0.18343532,-0.06473303
2026-07-20T19:26:51.913094,-0.0016491711,0.0006481933,1.0047607,-0.03824377,0.061297894,0.011602879
2026-07-20T19:26:51.925678,5.981326e-05,-0.0027697755,0.9937744,-0.007709503,0.00022912025,-0.0036643147
2026-07-20T19:26:51.938511,0.0005480945,-0.0022814942,1.0023193,0.05335927,0.061297894,0.10320598
2026-07-20T19:26:51.950733,-0.00018432736,0.0023571777,0.9949951,0.038092136,-0.015038013,0.042137206
2026-07-20T19:26:51.963001,-0.0016491711,0.002845459,0.9984131,0.14496231,0.04603064,0.011602879
2026-07-20T19:26:51.975784,0.00079223514,-0.0013049317,1.0001221,-0.022976637,0.061297894,0.011602879
2026-07-20T19:26:51.988189,0.0017687976,-0.0015490723,1.0028076,-0.007709503,0.030763507,-0.03419864
2026-07-20T19:26:52.000150,-0.002381593,0.0016247558,0.9974365,-0.053510904,-0.030305147,-0.03419864
2026-07-20T19:26:52.012683,0.0010363758,-0.0032580567,1.0008545,-0.007709503,0.04603064,0.011602879
2026-07-20T19:26:52.025105,0.0027453601,-0.0027697755,1.0013428,0.05335927,0.00022912025,-0.03419864
2026-07-20T19:26:52.037657,0.0012805164,-0.0032580567,1.0020752,-0.053510904,0.015496373,-0.0036643147
2026-07-20T19:26:52.050425,-0.000428468,0.002113037,1.0028076,0.068626404,0.12236655,-0.11053455
2026-07-20T19:26:52.062698,0.0039660633,-0.001793213,0.994751,0.05335927,0.00022912025,0.026870072
2026-07-20T19:26:52.074728,0.0027453601,0.0008923339,0.9967041,0.05335927,-0.030305147,-0.03419864
2026-07-20T19:26:52.087100,0.0032336414,-0.0010607911,1.0020752,-0.053510904,0.07656503,-0.03419864
2026-07-20T19:26:52.099774,0.002257079,0.0013806152,1.0006104,0.007557869,0.1376338,-0.08000016
2026-07-20T19:26:52.112156,0.0029895008,0.0038220214,0.99938965,0.007557869,0.09183216,-0.03419864
2026-07-20T19:26:52.124674,0.0029895008,0.0030895995,0.9984131,0.022825003,0.015496373,-0.0036643147
2026-07-20T19:26:52.137119,0.0029895008,0.0050427243,1.0015869,0.083893776,-0.030305147,-0.0036643147
2026-07-20T19:26:52.149664,0.0020129383,0.002113037,1.0003662,0.022825003,0.12236655,-0.049465835
2026-07-20T19:26:52.162006,0.0044543445,0.00040405267,1.012085,-0.03824377,0.015496373,-0.11053455
2026-07-20T19:26:52.174103,0.00665161,-0.0013049317,1.0006104,-0.007709503,0.04603064,-0.03419864
2026-07-20T19:26:52.186699,0.004698485,-0.0020373536,0.9998779,0.007557869,0.015496373,-0.0036643147
2026-07-20T19:26:52.199141,-0.00091674924,0.00015991204,0.9998779,-0.053510904,-0.015038013,-0.049465835
2026-07-20T19:26:52.211702,0.0017687976,-0.00081665046,0.99401855,-0.03824377,-0.0455724,0.07267159
2026-07-20T19:26:52.224246,0.001524657,-0.00057250983,0.99694824,0.038092136,0.061297894,0.026870072
2026-07-20T19:26:52.236711,0.0025012195,-8.422858e-05,0.99816895,0.09916091,-0.106641054,-0.0036643147
2026-07-20T19:26:52.248705,0.001524657,-8.422858e-05,0.9996338,0.038092136,0.107099414,-0.06473303
2026-07-20T19:26:52.261648,-0.0021374524,-0.00057250983,1.0020752,0.09916091,0.04603064,0.026870072
2026-07-20T19:26:52.273712,0.0025012195,-8.422858e-05,0.99890137,0.022825003,0.015496373,-0.049465835
2026-07-20T19:26:52.286115,0.0037219226,0.0016247558,0.9937744,0.038092136,0.07656503,0.10320598
2026-07-20T19:26:52.298713,0.0005480945,-0.0054553226,0.9959717,0.038092136,0.00022912025,0.087938726
2026-07-20T19:26:52.310696,0.0032336414,0.0018688964,1.00354,0.007557869,0.12236655,0.11847311
2026-07-20T19:26:52.323133,0.0027453601,-0.0027697755,1.0059814,0.007557869,0.030763507,-0.0036643147
2026-07-20T19:26:52.335737,0.0010363758,-0.001793213,0.99890137,0.11442804,0.07656503,0.011602879
2026-07-20T19:26:52.348168,0.0025012195,-0.007164307,0.9998779,0.022825003,0.030763507,0.07267159
2026-07-20T19:26:52.360869,0.0039660633,0.002845459,0.99328613,-0.06877804,0.07656503,-0.06473303
2026-07-20T19:26:52.372934,0.006163329,0.0033337402,1.0113525,0.038092136,0.061297894,0.026870072
2026-07-20T19:26:52.385132,0.0037219226,0.0011364745,0.9954834,0.09916091,0.00022912025,-0.0036643147
2026-07-20T19:26:52.397672,0.0012805164,-0.0015490723,1.0054932,0.05335927,0.015496373,-0.06473303
2026-07-20T19:26:52.410163,0.001524657,-0.0022814942,1.005249,0.022825003,0.04603064,-0.018931508
2026-07-20T19:26:52.422744,0.0044543445,-8.422858e-05,0.9979248,0.083893776,-0.030305147,-0.03419864
2026-07-20T19:26:52.435139,0.004210204,0.0018688964,1.0001221,-0.03824377,0.00022912025,-0.049465835
2026-07-20T19:26:52.447711,0.0020129383,0.0008923339,1.0059814,0.007557869,-0.030305147,0.087938726
2026-07-20T19:26:52.459698,0.002257079,0.0008923339,0.99450684,0.007557869,0.07656503,0.011602879
2026-07-20T19:26:52.472506,0.0020129383,-0.006431885,1.0010986,0.11442804,0.04603064,0.042137206
2026-07-20T19:26:52.484726,0.0020129383,-0.003990479,0.9937744,0.022825003,0.107099414,-0.049465835
2026-07-20T19:26:52.497185,0.0025012195,-0.00081665046,0.9974365,0.007557869,-0.015038013,-0.049465835
2026-07-20T19:26:52.509883,0.0037219226,-0.0013049317,0.9991455,-0.022976637,0.107099414,0.1490075
2026-07-20T19:26:52.521680,0.002257079,0.0008923339,1.0010986,0.038092136,0.09183216,0.042137206
2026-07-20T19:26:52.534132,-0.0031140149,-0.003013916,0.99768066,-0.022976637,-0.015038013,0.07267159
2026-07-20T19:26:52.546723,0.0012805164,0.00040405267,1.0032959,0.038092136,0.00022912025,-0.018931508
2026-07-20T19:26:52.559163,-0.0031140149,-0.0027697755,0.9996338,-0.007709503,0.061297894,0.026870072
2026-07-20T19:26:52.571723,-0.0006726086,0.00015991204,1.0037842,-0.06877804,0.12236655,0.026870072
2026-07-20T19:26:52.584423,0.0027453601,-0.0020373536,1.0084229,-0.007709503,-0.015038013,-0.08000016
2026-07-20T19:26:52.596765,0.002257079,-0.0013049317,0.9979248,0.068626404,-0.0455724,0.026870072
2026-07-20T19:26:52.609166,0.004210204,-0.003990479,0.9954834,-0.007709503,0.030763507,0.11847311
2026-07-20T19:26:52.621194,0.0037219226,0.00040405267,0.9998779,0.05335927,0.00022912025,0.026870072
2026-07-20T19:26:52.633770,0.006163329,-0.00057250983,1.0006104,-0.022976637,0.04603064,-0.15633607
2026-07-20T19:26:52.646167,0.0017687976,-0.0013049317,0.99890137,-0.053510904,0.07656503,-0.03419864
2026-07-20T19:26:52.658748,0.0020129383,-0.00447876,0.99890137,-0.053510904,0.04603064,0.026870072
2026-07-20T19:26:52.671171,0.0010363758,-0.00081665046,1.0001221,-0.007709503,0.061297894,-0.018931508
2026-07-20T19:26:52.683748,0.004210204,-0.0013049317,0.99890137,0.007557869,-0.07610667,-0.03419864
2026-07-20T19:26:52.696706,0.0039660633,0.0013806152,0.993042,-0.007709503,0.04603064,0.042137206
2026-07-20T19:26:52.708239,0.0017687976,0.00040405267,1.0006104,-0.007709503,0.04603064,-0.06473303
2026-07-20T19:26:52.720788,0.0025012195,-0.0010607911,1.0042725,0.068626404,-0.0455724,-0.0036643147
2026-07-20T19:26:52.733174,0.0020129383,0.002113037,1.0020752,-0.03824377,0.061297894,-0.03419864
2026-07-20T19:26:52.745735,0.0049426258,0.00015991204,1.0010986,-0.099312544,0.04603064,-0.018931508
2026-07-20T19:26:52.758183,0.0039660633,-0.0027697755,0.9984131,-0.007709503,0.015496373,0.011602879
2026-07-20T19:26:52.770749,0.0010363758,-0.0025256348,0.99816895,-0.099312544,0.030763507,-0.018931508
2026-07-20T19:26:52.783220,0.0003039539,-0.0015490723,0.99768066,0.038092136,-0.030305147,0.07267159
2026-07-20T19:26:52.796105,0.0044543445,-0.0020373536,1.0030518,0.09916091,-0.060839534,-0.08000016
2026-07-20T19:26:52.807835,0.0027453601,-0.0020373536,0.9974365,0.022825003,0.09183216,-0.018931508
2026-07-20T19:26:52.820206,0.0056750476,-0.001793213,0.9979248,0.09916091,0.061297894,-0.03419864
2026-07-20T19:26:52.832850,0.0017687976,-0.00057250983,1.0054932,0.05335927,0.04603064,-0.0036643147
2026-07-20T19:26:52.845186,5.981326e-05,0.0013806152,0.99816895,-0.007709503,0.030763507,0.0574044
2026-07-20T19:26:52.857766,-0.0006726086,-0.0013049317,1.0020752,-0.007709503,0.015496373,0.042137206
2026-07-20T19:26:52.870319,0.0056750476,-0.0020373536,1.0001221,0.038092136,0.030763507,-0.03419864
2026-07-20T19:26:52.882742,0.005430907,-0.00081665046,0.99816895,0.05335927,0.061297894,0.0574044
2026-07-20T19:26:52.894750,0.0012805164,0.002113037,0.99768066,0.022825003,0.061297894,-0.0036643147
2026-07-20T19:26:52.907568,0.002257079,-0.0049670413,0.9986572,0.022825003,0.09183216,-0.03419864
2026-07-20T19:26:52.919784,0.0003039539,0.00040405267,1.0020752,-0.007709503,0.07656503,-0.049465835
2026-07-20T19:26:52.932272,0.0005480945,0.0023571777,0.99572754,0.09916091,0.030763507,0.026870072
2026-07-20T19:26:52.944724,0.0025012195,-0.0003283692,1.0113525,0.022825003,0.015496373,-0.06473303
2026-07-20T19:26:52.956693,0.003477782,0.002113037,1.00354,0.038092136,0.04603064,0.026870072
2026-07-20T19:26:52.969291,5.981326e-05,-0.0010607911,0.9984131,0.022825003,0.00022912025,-0.17160326
2026-07-20T19:26:52.981777,0.0012805164,-0.0025256348,1.0008545,0.11442804,0.015496373,-0.018931508
2026-07-20T19:26:52.994200,0.0020129383,-0.001793213,0.9974365,0.083893776,-0.015038013,-0.049465835
2026-07-20T19:26:53.006926,0.0020129383,-0.003013916,1.0025635,-0.022976637,0.061297894,0.087938726
2026-07-20T19:26:53.019258,0.0037219226,-8.422858e-05,0.99938965,0.068626404,0.09183216,-0.08000016
2026-07-20T19:26:53.031313,0.001524657,0.00040405267,0.9991455,0.05335927,-0.030305147,-0.03419864
2026-07-20T19:26:53.043806,-0.0026257336,0.00040405267,1.0013428,-0.022976637,-0.060839534,0.07267159
2026-07-20T19:26:53.056253,0.0020129383,-0.0047229007,0.99523926,0.038092136,0.015496373,0.042137206
2026-07-20T19:26:53.068803,0.0039660633,0.0011364745,1.0028076,-0.03824377,-0.12190819,-0.0036643147
2026-07-20T19:26:53.081217,0.0010363758,-0.00057250983,1.0076904,-0.022976637,0.030763507,-0.03419864
2026-07-20T19:26:53.093731,0.002257079,-0.001793213,1.0059814,-0.17564821,0.061297894,0.026870072
2026-07-20T19:26:53.106210,0.00079223514,-0.00081665046,0.9984131,0.038092136,0.07656503,-0.049465835
2026-07-20T19:26:53.118506,0.0068957508,0.0008923339,0.9974365,-0.03824377,0.1376338,-0.0036643147
2026-07-20T19:26:53.130833,0.0039660633,-0.00447876,0.9918213,-0.022976637,-0.015038013,-0.0036643147
2026-07-20T19:26:53.143155,0.0076281726,0.0011364745,1.0013428,0.007557869,0.107099414,0.042137206
2026-07-20T19:26:53.155809,0.0012805164,-0.0035021973,1.0020752,0.083893776,0.061297894,0.026870072
2026-07-20T19:26:53.167799,0.0032336414,0.0018688964,1.0045166,0.022825003,0.015496373,-0.049465835
2026-07-20T19:26:53.180761,0.0005480945,-0.0015490723,1.001831,0.068626404,-0.030305147,0.026870072
2026-07-20T19:26:53.192751,0.0017687976,0.0016247558,0.9998779,-0.099312544,-0.106641054,0.042137206
2026-07-20T19:26:53.205201,0.0020129383,0.0006481933,1.0032959,-0.053510904,0.00022912025,-0.08000016
2026-07-20T19:26:53.217905,0.0037219226,0.0008923339,1.0010986,0.007557869,0.16816807,-0.14106888
2026-07-20T19:26:53.230769,0.0032336414,-0.0003283692,0.9996338,-0.053510904,0.061297894,0.087938726
2026-07-20T19:26:53.242918,0.0020129383,0.00015991204,0.9984131,-0.053510904,0.107099414,0.087938726
2026-07-20T19:26:53.254766,5.981326e-05,-0.0032580567,0.9974365,0.038092136,-0.09137392,0.011602879
2026-07-20T19:26:53.267180,0.0025012195,-0.0010607911,0.99890137,-0.03824377,-0.015038013,-0.0036643147
2026-07-20T19:26:53.279795,0.001524657,-0.0015490723,1.0006104,-0.06877804,0.061297894,-0.06473303
2026-07-20T19:26:53.292233,0.0029895008,-0.00057250983,1.001831,0.022825003,-0.015038013,-0.0036643147
2026-07-20T19:26:53.304939,0.003477782,0.00040405267,1.0020752,0.022825003,0.04603064,-0.0036643147
2026-07-20T19:26:53.317233,0.00079223514,0.0006481933,0.9935303,-0.099312544,0.09183216,-0.06473303
2026-07-20T19:26:53.330156,0.0044543445,-0.003013916,1.0001221,-0.022976637,0.00022912025,-0.049465835
2026-07-20T19:26:53.342273,0.0020129383,-0.001793213,0.99890137,-0.053510904,-0.09137392,-0.018931508
2026-07-20T19:26:53.354751,0.003477782,-0.0035021973,1.0001221,-0.007709503,0.030763507,0.026870072
2026-07-20T19:26:53.367229,0.003477782,0.0006481933,1.005249,-0.007709503,0.04603064,-0.0036643147
2026-07-20T19:26:53.379267,0.0020129383,0.00040405267,1.0003662,0.022825003,-0.106641054,-0.03419864
2026-07-20T19:26:53.391913,0.0039660633,-0.00081665046,1.0008545,0.022825003,0.00022912025,-0.049465835
2026-07-20T19:26:53.404316,0.0039660633,0.00015991204,1.0047607,0.007557869,0.030763507,-0.049465835
2026-07-20T19:26:53.416751,0.0027453601,-0.0027697755,0.9974365,0.007557869,0.07656503,-0.06473303
2026-07-20T19:26:53.429249,0.0029895008,-0.00057250983,0.9986572,0.068626404,0.107099414,0.026870072
2026-07-20T19:26:53.442163,0.002257079,-0.0010607911,0.99694824,0.083893776,-0.015038013,-0.0036643147
2026-07-20T19:26:53.453760,0.0032336414,-0.0013049317,1.0091553,0.038092136,0.12236655,-0.049465835
2026-07-20T19:26:53.466211,0.001524657,0.00015991204,1.0010986,0.083893776,0.030763507,-0.018931508
2026-07-20T19:26:53.478782,-0.00091674924,0.0038220214,1.001831,0.05335927,-0.030305147,0.042137206
2026-07-20T19:26:53.491236,0.004210204,-0.0035021973,1.0006104,0.038092136,0.061297894,-0.018931508
2026-07-20T19:26:53.503827,0.001524657,-0.00057250983,1.0037842,0.007557869,0.061297894,-0.0036643147
2026-07-20T19:26:53.516300,-0.00018432736,0.0016247558,1.0003662,-0.007709503,-0.030305147,0.011602879
2026-07-20T19:26:53.528789,-0.00018432736,0.0011364745,1.0054932,-0.053510904,-0.0455724,0.042137206
2026-07-20T19:26:53.541765,0.00079223514,-0.001793213,0.9937744,0.022825003,0.1376338,0.087938726
2026-07-20T19:26:53.553240,0.0027453601,-0.001793213,1.0057373,0.007557869,0.061297894,0.042137206
2026-07-20T19:26:53.565776,0.0027453601,-0.00057250983,0.9949951,0.05335927,-0.015038013,-0.11053455
2026-07-20T19:26:53.578248,0.0049426258,0.00040405267,0.9959717,0.007557869,-0.060839534,0.07267159
2026-07-20T19:26:53.591153,0.0005480945,0.0006481933,0.9998779,-0.007709503,0.04603064,-0.03419864
2026-07-20T19:26:53.602790,0.0044543445,-0.0015490723,0.9996338,-0.06877804,0.09183216,0.087938726
2026-07-20T19:26:53.615809,0.00079223514,-0.0020373536,1.0047607,-0.007709503,0.107099414,-0.03419864
2026-07-20T19:26:53.627774,0.0056750476,0.0006481933,0.9998779,0.11442804,0.061297894,-0.0036643147
2026-07-20T19:26:53.640312,0.00079223514,0.0008923339,0.9984131,-0.099312544,0.061297894,-0.018931508
2026-07-20T19:26:53.653081,0.0012805164,0.0006481933,1.0001221,-0.053510904,0.030763507,0.07267159
2026-07-20T19:26:53.665241,0.003477782,-0.00057250983,1.0010986,0.022825003,0.12236655,0.042137206
2026-07-20T19:26:53.677247,0.0059191883,0.0006481933,0.9962158,0.022825003,0.030763507,0.042137206
2026-07-20T19:26:53.689777,0.001524657,-0.0003283692,1.0006104,-0.06877804,-0.0455724,0.011602879
2026-07-20T19:26:53.702268,0.0012805164,-0.0013049317,0.99645996,0.068626404,-0.015038013,-0.11053455
2026-07-20T19:26:53.714798,0.0037219226,-0.003013916,0.9996338,-0.022976637,0.04603064,0.11847311
2026-07-20T19:26:53.727301,-0.0021374524,0.00015991204,0.9971924,-0.053510904,-0.060839534,-0.08000016
2026-07-20T19:26:53.739813,0.0037219226,0.0011364745,1.0013428,-0.007709503,0.00022912025,0.0574044
2026-07-20T19:26:53.752068,0.0005480945,-0.0010607911,1.0040283,0.068626404,0.107099414,0.07267159
2026-07-20T19:26:53.764399,0.0049426258,0.002113037,0.99938965,0.038092136,-0.12190819,-0.0036643147
2026-07-20T19:26:53.776853,5.981326e-05,-0.00057250983,1.0006104,0.05335927,0.00022912025,0.026870072
2026-07-20T19:26:53.789351,0.0010363758,0.00040405267,1.0047607,0.05335927,0.07656503,-0.11053455
2026-07-20T19:26:53.801882,-0.0011608899,0.00015991204,1.0054932,-0.007709503,0.030763507,0.087938726
2026-07-20T19:26:53.814277,0.0020129383,0.0006481933,1.0013428,0.022825003,-0.060839534,-0.018931508
2026-07-20T19:26:53.826825,0.00079223514,-0.0020373536,1.0045166,-0.022976637,0.061297894,-0.0036643147
2026-07-20T19:26:53.839269,0.0017687976,-0.003013916,1.001831,-0.03824377,0.030763507,0.026870072
2026-07-20T19:26:53.851808,0.0017687976,0.0006481933,1.0006104,-0.007709503,0.04603064,0.16427463
2026-07-20T19:26:53.864023,-0.0006726086,-0.0027697755,0.99645996,0.007557869,0.07656503,0.026870072
2026-07-20T19:26:53.876305,0.0029895008,-0.0010607911,1.0113525,-0.022976637,-0.030305147,0.042137206
2026-07-20T19:26:53.888899,0.005430907,-0.0010607911,1.0040283,-0.007709503,-0.060839534,-0.03419864
2026-07-20T19:26:53.901341,0.0017687976,-0.0010607911,0.9962158,-0.03824377,-0.030305147,-0.049465835
2026-07-20T19:26:53.913864,0.0037219226,0.0011364745,1.0037842,-0.03824377,0.061297894,0.011602879
2026-07-20T19:26:53.926302,0.0012805164,0.0016247558,0.99523926,-0.007709503,0.015496373,-0.018931508
2026-07-20T19:26:53.938969,0.0037219226,-0.00081665046,1.0030518,0.083893776,-0.0455724,0.10320598
2026-07-20T19:26:53.950829,0.0003039539,-0.003013916,0.9996338,0.022825003,-0.07610667,-0.0036643147
2026-07-20T19:26:53.963592,0.0051867664,-0.00057250983,0.99816895,0.022825003,-0.09137392,0.10320598
2026-07-20T19:26:53.975790,0.002257079,-0.0042346194,1.0037842,-0.06877804,0.15290093,0.042137206
2026-07-20T19:26:53.988335,0.0012805164,-0.0032580567,1.0025635,-0.022976637,-0.0455724,-0.03419864
2026-07-20T19:26:54.000826,0.005430907,0.00040405267,1.0001221,0.038092136,0.00022912025,-0.018931508
2026-07-20T19:26:54.013332,0.0029895008,0.0008923339,0.9998779,-0.03824377,-0.030305147,-0.06473303
2026-07-20T19:26:54.025845,0.0032336414,-8.422858e-05,0.99816895,0.038092136,0.030763507,0.011602879
2026-07-20T19:26:54.038306,0.002257079,-0.0010607911,0.9974365,-0.053510904,0.061297894,-0.049465835
2026-07-20T19:26:54.050269,0.0005480945,0.0011364745,0.9986572,0.12969518,0.015496373,0.011602879
2026-07-20T19:26:54.062873,-0.0011608899,0.002113037,0.9996338,0.083893776,0.107099414,-0.049465835
2026-07-20T19:26:54.075816,0.0020129383,-0.0020373536,0.9991455,0.022825003,0.015496373,-0.11053455
2026-07-20T19:26:54.087875,5.981326e-05,-0.0013049317,0.9974365,0.022825003,-0.030305147,0.07267159
2026-07-20T19:26:54.100335,0.0039660633,-0.00081665046,1.0032959,-0.022976637,0.015496373,-0.018931508
2026-07-20T19:26:54.112328,0.0020129383,-0.0013049317,1.0023193,-0.022976637,0.12236655,0.042137206
2026-07-20T19:26:54.124814,0.0029895008,-0.0032580567,1.0015869,0.038092136,-0.0455724,-0.0036643147
2026-07-20T19:26:54.137300,0.0025012195,-0.00057250983,1.0084229,0.11442804,-0.060839534,0.11847311
2026-07-20T19:26:54.149875,0.0010363758,0.004066162,1.00354,-0.053510904,0.00022912025,0.07267159
2026-07-20T19:26:54.162353,0.0059191883,-0.0003283692,1.0030518,0.007557869,-0.0455724,-0.018931508
2026-07-20T19:26:54.174891,0.0032336414,-0.00057250983,1.005249,0.083893776,0.00022912025,0.087938726
2026-07-20T19:26:54.187178,0.0003039539,-0.0015490723,0.9974365,0.068626404,0.030763507,-0.049465835
2026-07-20T19:26:54.199331,-0.000428468,-0.0003283692,0.9906006,-0.007709503,0.030763507,-0.03419864
2026-07-20T19:26:54.211882,0.0044543445,0.0018688964,0.9998779,0.11442804,0.04603064,0.0574044
2026-07-20T19:26:54.224296,0.0032336414,0.0016247558,1.0028076,-0.08404517,0.030763507,-0.03419864
2026-07-20T19:26:54.236888,0.0025012195,0.00040405267,1.0015869,0.05335927,0.061297894,-0.049465835
2026-07-20T19:26:54.249385,0.00079223514,0.00040405267,1.0020752,-0.007709503,-0.060839534,0.0574044
2026-07-20T19:26:54.261334,0.0032336414,0.0011364745,0.99572754,-0.03824377,0.015496373,0.07267159
2026-07-20T19:26:54.274066,-0.0014050305,-0.001793213,0.9998779,-0.007709503,0.030763507,-0.06473303
2026-07-20T19:26:54.286783,0.002257079,-0.0027697755,0.99816895,0.022825003,-0.030305147,-0.03419864
2026-07-20T19:26:54.298996,0.0020129383,-0.00057250983,1.0020752,0.12969518,0.04603064,0.042137206
2026-07-20T19:26:54.311292,0.0051867664,0.00015991204,0.99523926,0.068626404,0.061297894,-0.03419864
2026-07-20T19:26:54.323330,0.003477782,-0.0015490723,0.9986572,0.09916091,-0.106641054,0.026870072
2026-07-20T19:26:54.335862,-0.000428468,0.0026013183,0.99401855,0.083893776,0.107099414,-0.08000016
2026-07-20T19:26:54.348338,0.0005480945,-0.003013916,1.0006104,-0.022976637,0.00022912025,-0.03419864
2026-07-20T19:26:54.360912,0.0020129383,0.00015991204,1.0015869,0.022825003,0.07656503,-0.095267355
2026-07-20T19:26:54.373305,0.002257079,0.0011364745,1.0003662,0.038092136,0.015496373,0.10320598
2026-07-20T19:26:54.385848,0.0010363758,-0.005211182,1.0057373,-0.022976637,-0.09137392,-0.08000016
2026-07-20T19:26:54.398700,-0.0006726086,-0.00057250983,0.99938965,-0.053510904,0.030763507,-0.0036643147
2026-07-20T19:26:54.410845,0.0025012195,0.0018688964,1.0047607,0.038092136,0.015496373,0.011602879
2026-07-20T19:26:54.422853,-0.0040905774,-0.0003283692,0.9986572,0.038092136,-0.060839534,0.011602879
2026-07-20T19:26:54.435359,0.0012805164,0.00015991204,1.006958,0.007557869,-0.060839534,0.07267159
2026-07-20T19:26:54.448034,0.001524657,-0.0022814942,0.99035645,-0.03824377,0.015496373,0.026870072
2026-07-20T19:26:54.460392,0.0005480945,-0.0015490723,0.99816895,-0.022976637,0.107099414,-0.018931508
2026-07-20T19:26:54.472917,0.003477782,-0.0032580567,0.99523926,-0.03824377,-0.015038013,-0.08000016
2026-07-20T19:26:54.485398,0.0010363758,-0.0010607911,0.9967041,-0.007709503,0.015496373,-0.03419864
2026-07-20T19:26:54.498098,0.002257079,-8.422858e-05,1.0101318,-0.03824377,0.030763507,0.042137206
2026-07-20T19:26:54.509896,0.0059191883,-0.0015490723,1.0032959,0.05335927,0.030763507,-0.095267355
2026-07-20T19:26:54.522445,0.002257079,-0.0013049317,0.99401855,-0.053510904,0.04603064,-0.03419864
2026-07-20T19:26:54.534895,0.0020129383,-0.0027697755,1.00354,-0.022976637,0.09183216,0.011602879
2026-07-20T19:26:54.547549,0.001524657,-0.0013049317,0.9959717,0.05335927,0.061297894,-0.018931508
2026-07-20T19:26:54.559918,0.004210204,0.0013806152,0.9998779,0.007557869,0.00022912025,-0.03419864
2026-07-20T19:26:54.571905,0.0012805164,0.0013806152,0.9996338,0.083893776,0.00022912025,0.042137206
2026-07-20T19:26:54.584506,0.0027453601,0.0030895995,0.9998779,-0.099312544,0.015496373,-0.0036643147
2026-07-20T19:26:54.596942,0.00079223514,-0.0022814942,0.9996338,0.022825003,0.00022912025,0.026870072
2026-07-20T19:26:54.609644,0.0027453601,-0.0013049317,0.9962158,0.038092136,0.015496373,0.011602879
2026-07-20T19:26:54.621956,0.0017687976,0.00040405267,0.99694824,-0.053510904,0.015496373,-0.095267355
2026-07-20T19:26:54.633914,-0.0011608899,0.00015991204,1.0023193,0.05335927,-0.0455724,-0.06473303
2026-07-20T19:26:54.646430,0.0027453601,0.0013806152,0.99401855,0.12969518,0.04603064,0.026870072
2026-07-20T19:26:54.658885,0.0020129383,0.00015991204,0.9974365,0.022825003,0.015496373,0.07267159
2026-07-20T19:26:54.671394,0.0032336414,-0.003013916,0.9971924,0.022825003,0.061297894,-0.0036643147
2026-07-20T19:26:54.684049,0.0029895008,-0.00057250983,0.99816895,0.007557869,0.04603064,0.07267159
2026-07-20T19:26:54.695921,0.0037219226,-0.00057250983,1.0006104,0.068626404,0.030763507,-0.03419864
2026-07-20T19:26:54.708356,0.0020129383,0.00015991204,1.0003662,0.022825003,0.00022912025,0.042137206
2026-07-20T19:26:54.721300,-0.000428468,-0.0010607911,1.00354,-0.022976637,0.04603064,0.07267159
2026-07-20T19:26:54.733367,0.0025012195,-0.00057250983,0.99645996,0.09916091,0.015496373,0.026870072
2026-07-20T19:26:54.745991,-0.00091674924,0.0011364745,0.99890137,0.05335927,0.061297894,-0.0036643147
2026-07-20T19:26:54.758390,0.0025012195,0.00015991204,0.9967041,0.09916091,-0.106641054,-0.0036643147
2026-07-20T19:26:54.770358,0.002257079,-0.0003283692,0.9949951,0.022825003,0.030763507,0.16427463
2026-07-20T19:26:54.782990,0.0037219226,0.0013806152,1.0001221,0.09916091,-0.015038013,0.042137206
2026-07-20T19:26:54.795417,0.0059191883,0.00040405267,1.0010986,-0.007709503,0.030763507,-0.018931508
2026-07-20T19:26:54.808045,-0.00018432736,0.0030895995,0.9979248,-0.14511395,0.00022912025,-0.0036643147
2026-07-20T19:26:54.820871,0.0017687976,0.0011364745,1.0001221,0.022825003,0.12236655,-0.03419864
2026-07-20T19:26:54.832870,0.001524657,0.0026013183,1.00354,0.038092136,0.030763507,-0.049465835
2026-07-20T19:26:54.845993,0.0032336414,-0.0027697755,0.99572754,0.083893776,-0.030305147,-0.018931508
2026-07-20T19:26:54.857901,0.0025012195,-0.00447876,0.9991455,0.007557869,-0.030305147,0.042137206
2026-07-20T19:26:54.870391,0.0025012195,-0.0027697755,1.0030518,0.022825003,0.030763507,-0.0036643147
2026-07-20T19:26:54.882374,0.005430907,-0.00057250983,0.9971924,0.007557869,0.030763507,0.011602879
2026-07-20T19:26:54.894978,0.0037219226,0.0011364745,1.0037842,-0.053510904,0.04603064,-0.018931508
2026-07-20T19:26:54.907386,0.0027453601,-0.0032580567,1.0025635,0.068626404,0.061297894,-0.018931508
2026-07-20T19:26:54.919995,0.0017687976,-0.0013049317,0.99401855,-0.022976637,-0.0455724,0.042137206
2026-07-20T19:26:54.932801,0.0049426258,0.0011364745,1.0093994,0.022825003,-0.0455724,-0.12580168
2026-07-20T19:26:54.944940,0.0027453601,-0.001793213,1.0023193,0.083893776,0.061297894,0.011602879
2026-07-20T19:26:54.956976,0.0025012195,-0.0003283692,0.9986572,0.05335927,0.015496373,-0.03419864
2026-07-20T19:26:54.969423,0.005430907,0.00040405267,1.0023193,0.022825003,-0.09137392,0.026870072
2026-07-20T19:26:54.981927,0.003477782,0.005286865,1.0067139,-0.022976637,-0.030305147,-0.0036643147
2026-07-20T19:26:54.994397,0.0025012195,-0.0025256348,1.0020752,-0.053510904,-0.106641054,0.026870072
2026-07-20T19:26:55.007001,0.0012805164,-0.0003283692,1.0025635,0.022825003,0.07656503,0.10320598
2026-07-20T19:26:55.019369,0.0049426258,-0.0032580567,0.9979248,-0.022976637,-0.030305147,0.10320598
2026-07-20T19:26:55.032195,0.0039660633,0.00015991204,1.0010986,0.022825003,0.015496373,0.087938726
2026-07-20T19:26:55.043909,0.0064074695,-0.003746338,1.0015869,0.007557869,0.061297894,0.011602879
2026-07-20T19:26:55.056512,0.001524657,0.0018688964,1.0010986,0.038092136,0.00022912025,0.011602879
2026-07-20T19:26:55.068973,0.0059191883,-8.422858e-05,0.9974365,-0.022976637,-0.030305147,-0.03419864
2026-07-20T19:26:55.081439,0.0051867664,-0.00081665046,0.99279785,0.022825003,0.00022912025,-0.018931508
2026-07-20T19:26:55.093962,-0.000428468,-0.0032580567,1.0020752,-0.007709503,-0.030305147,-0.095267355
2026-07-20T19:26:55.105953,5.981326e-05,0.002845459,0.993042,-0.007709503,0.12236655,0.0574044
2026-07-20T19:26:55.118407,0.002257079,0.0008923339,1.0015869,0.007557869,0.07656503,0.011602879
2026-07-20T19:26:55.130947,0.0005480945,0.0023571777,1.0015869,-0.053510904,0.030763507,-0.018931508
2026-07-20T19:26:55.143718,0.0029895008,-0.0022814942,0.99645996,-0.022976637,-0.060839534,0.026870072
2026-07-20T19:26:55.155927,0.004210204,0.00015991204,1.0023193,0.11442804,-0.09137392,0.026870072
2026-07-20T19:26:55.168441,0.0020129383,-0.0013049317,0.99768066,-0.022976637,-0.0455724,-0.03419864
2026-07-20T19:26:55.181120,0.0037219226,0.0006481933,0.9998779,0.068626404,-0.030305147,-0.0036643147
2026-07-20T19:26:55.193100,0.004210204,-0.0020373536,0.9967041,-0.022976637,0.07656503,0.026870072
2026-07-20T19:26:55.205407,0.0068957508,0.0016247558,0.9971924,-0.007709503,0.015496373,0.026870072
2026-07-20T19:26:55.218004,0.0020129383,0.0013806152,0.9996338,0.022825003,0.07656503,0.011602879
2026-07-20T19:26:55.229970,0.0029895008,0.0013806152,0.99645996,-0.022976637,0.030763507,0.026870072
2026-07-20T19:26:55.243134,0.0032336414,-0.0020373536,1.0006104,0.068626404,0.015496373,0.026870072
2026-07-20T19:26:55.254973,0.0003039539,0.0018688964,1.0001221,-0.022976637,-0.030305147,0.0574044
2026-07-20T19:26:55.267401,0.0059191883,-0.0013049317,1.0015869,0.05335927,0.04603064,-0.06473303
2026-07-20T19:26:55.280082,0.0039660633,-0.00057250983,1.0020752,-0.06877804,-0.060839534,-0.0036643147
2026-07-20T19:26:55.292426,-0.00018432736,-8.422858e-05,1.0030518,0.05335927,-0.060839534,0.11847311
2026-07-20T19:26:55.305000,0.0051867664,-0.00081665046,1.0074463,-0.022976637,-0.015038013,-0.049465835
2026-07-20T19:26:55.317423,-0.00018432736,0.0008923339,0.9986572,-0.03824377,0.015496373,0.026870072
2026-07-20T19:26:55.330011,-0.000428468,0.0006481933,1.0032959,0.007557869,0.061297894,0.0574044
2026-07-20T19:26:55.341945,-0.000428468,0.0035778808,0.9908447,0.007557869,0.015496373,0.0574044
2026-07-20T19:26:55.354898,0.0027453601,0.0006481933,0.9996338,0.038092136,-0.09137392,0.11847311
2026-07-20T19:26:55.366994,-0.0014050305,0.00015991204,1.0084229,0.083893776,0.00022912025,0.026870072
2026-07-20T19:26:55.379409,-0.000428468,-0.0013049317,1.0003662,0.05335927,-0.0455724,0.026870072
2026-07-20T19:26:55.392108,0.0032336414,-0.0003283692,0.9954834,-0.053510904,-0.030305147,-0.0036643147
2026-07-20T19:26:55.404461,0.00079223514,0.0023571777,0.99768066,-0.007709503,-0.030305147,-0.018931508
2026-07-20T19:26:55.416969,0.004698485,-8.422858e-05,0.99890137,-0.022976637,-0.060839534,-0.11053455
2026-07-20T19:26:55.429456,0.0025012195,-0.0003283692,0.99645996,-0.053510904,0.00022912025,-0.018931508
2026-07-20T19:26:55.441987,0.0017687976,-0.0022814942,0.994751,0.022825003,0.07656503,0.0574044
2026-07-20T19:26:55.454027,0.00079223514,0.00040405267,1.0023193,-0.08404517,0.04603064,-0.17160326
2026-07-20T19:26:55.466910,0.0064074695,-0.001793213,0.9984131,0.05335927,-0.07610667,-0.095267355
2026-07-20T19:26:55.479163,0.0037219226,-0.0049670413,0.99768066,0.038092136,0.09183216,-0.0036643147
2026-07-20T19:26:55.491459,0.0037219226,0.00040405267,0.9949951,-0.053510904,0.061297894,-0.08000016
2026-07-20T19:26:55.504038,0.003477782,-0.0022814942,1.0001221,0.022825003,-0.060839534,-0.018931508
2026-07-20T19:26:55.516540,0.0012805164,0.0006481933,0.99816895,0.007557869,0.00022912025,-0.08000016
2026-07-20T19:26:55.528988,0.0039660633,0.0023571777,1.0001221,-0.03824377,0.07656503,-0.11053455
2026-07-20T19:26:55.540997,0.003477782,0.00015991204,0.9974365,-0.099312544,-0.015038013,-0.08000016
2026-07-20T19:26:55.553456,0.0017687976,0.0011364745,0.9984131,-0.03824377,0.00022912025,0.011602879
2026-07-20T19:26:55.566385,-0.002381593,-0.0015490723,1.0001221,0.05335927,-0.106641054,0.042137206
2026-07-20T19:26:55.578468,0.003477782,-0.0025256348,0.99645996,0.038092136,-0.015038013,0.042137206
2026-07-20T19:26:55.591073,0.0003039539,-0.0003283692,1.0032959,-0.053510904,0.07656503,-0.095267355
2026-07-20T19:26:55.603440,0.0029895008,0.00040405267,1.0025635,0.083893776,-0.030305147,0.026870072
2026-07-20T19:26:55.616104,0.0029895008,-0.00081665046,0.99890137,0.007557869,0.00022912025,-0.0036643147
2026-07-20T19:26:55.628055,-0.000428468,-0.0032580567,0.9984131,-0.022976637,0.07656503,0.0574044
2026-07-20T19:26:55.640514,0.002257079,0.0008923339,1.0023193,-0.022976637,0.061297894,0.026870072
2026-07-20T19:26:55.652991,0.00079223514,0.0018688964,1.0072021,0.038092136,-0.0455724,0.042137206
2026-07-20T19:26:55.665442,0.0056750476,-0.001793213,1.0013428,0.038092136,0.00022912025,0.10320598
2026-07-20T19:26:55.678260,0.0012805164,0.0006481933,1.0028076,0.007557869,0.061297894,-0.03419864
2026-07-20T19:26:55.690009,0.004210204,0.0013806152,1.0015869,0.022825003,-0.09137392,0.0574044
2026-07-20T19:26:55.702443,0.0044543445,0.0038220214,0.99450684,0.022825003,-0.0455724,0.11847311
2026-07-20T19:26:55.715013,0.0037219226,0.0016247558,0.99694824,0.038092136,0.09183216,0.011602879
2026-07-20T19:26:55.727445,0.0025012195,0.0026013183,1.0001221,0.05335927,-0.0455724,0.026870072
2026-07-20T19:26:55.740023,0.0027453601,-0.00057250983,0.9967041,-0.007709503,-0.015038013,-0.17160326
2026-07-20T19:26:55.752083,0.00079223514,-0.001793213,1.0010986,0.007557869,0.030763507,0.011602879
2026-07-20T19:26:55.764449,0.002257079,-0.0020373536,1.0015869,0.12969518,-0.13717544,0.0574044
2026-07-20T19:26:55.777251,0.00079223514,-8.422858e-05,0.99816895,0.007557869,0.12236655,0.16427463
2026-07-20T19:26:55.789459,0.0020129383,-0.00081665046,0.9996338,0.022825003,0.061297894,0.042137206
2026-07-20T19:26:55.802048,0.0017687976,-0.0003283692,0.9971924,0.038092136,0.00022912025,0.026870072
2026-07-20T19:26:55.814479,-0.00091674924,-0.0022814942,1.0047607,-0.022976637,-0.0455724,-0.03419864
2026-07-20T19:26:55.826472,0.001524657,-0.0010607911,1.0008545,-0.007709503,0.061297894,0.026870072
2026-07-20T19:26:55.839019,-0.00018432736,-8.422858e-05,1.0008545,0.068626404,0.07656503,-0.095267355
2026-07-20T19:26:55.851508,0.003477782,-0.0015490723,1.0010986,-0.007709503,0.015496373,0.026870072
2026-07-20T19:26:55.864101,0.0010363758,0.004066162,0.9949951,-0.022976637,0.015496373,-0.095267355
2026-07-20T19:26:55.876480,0.00079223514,-0.00447876,1.001831,0.038092136,0.09183216,-0.06473303
2026-07-20T19:26:55.889162,0.0017687976,0.0006481933,0.99645996,-0.03824377,0.015496373,-0.0036643147
2026-07-20T19:26:55.901432,0.003477782,0.00015991204,1.0023193,0.11442804,0.015496373,0.042137206
2026-07-20T19:26:55.913436,0.0005480945,-0.0013049317,1.0089111,0.05335927,0.030763507,0.19480902
2026-07-20T19:26:55.926044,0.0020129383,-0.0020373536,0.993042,-0.007709503,0.07656503,0.042137206
2026-07-20T19:26:55.938523,-0.0006726086,-0.0015490723,1.0045166,0.083893776,0.04603064,0.026870072
2026-07-20T19:26:55.951071,0.009337157,0.0008923339,1.0008545,0.007557869,0.015496373,0.026870072
2026-07-20T19:26:55.963544,0.0020129383,0.0008923339,1.001831,-0.06877804,0.07656503,-0.0036643147
2026-07-20T19:26:55.976098,0.0010363758,-0.0020373536,0.9998779,0.11442804,0.107099414,-0.018931508
2026-07-20T19:26:55.988095,0.006163329,0.0008923339,0.993042,0.022825003,0.00022912025,0.087938726
2026-07-20T19:26:56.000965,0.001524657,-0.00057250983,1.0015869,-0.06877804,0.015496373,-0.018931508
2026-07-20T19:26:56.013047,0.001524657,-0.00057250983,1.0072021,0.038092136,-0.07610667,-0.0036643147
2026-07-20T19:26:56.025449,0.002257079,0.002845459,1.0006104,0.022825003,-0.015038013,0.011602879
2026-07-20T19:26:56.038022,0.002257079,-0.00081665046,0.9984131,0.038092136,0.04603064,-0.08000016
2026-07-20T19:26:56.050579,0.0037219226,-0.0013049317,0.99401855,0.038092136,0.00022912025,0.026870072
2026-07-20T19:26:56.063112,-0.0014050305,-0.0022814942,1.0057373,0.038092136,0.09183216,-0.08000016
2026-07-20T19:26:56.075063,0.0037219226,-0.0013049317,0.99768066,0.038092136,0.061297894,0.026870072
2026-07-20T19:26:56.087606,0.00079223514,-0.00057250983,0.99938965,0.068626404,-0.060839534,-0.0036643147
2026-07-20T19:26:56.100425,0.0039660633,-0.00447876,0.9959717,-0.06877804,0.00022912025,0.07267159
2026-07-20T19:26:56.112517,0.005430907,-0.0047229007,1.00354,-0.022976637,0.00022912025,-0.0036643147
2026-07-20T19:26:56.125058,0.0039660633,-0.0003283692,1.0023193,0.007557869,-0.07610667,0.0574044
2026-07-20T19:26:56.137512,5.981326e-05,0.0016247558,0.99890137,0.038092136,-0.015038013,-0.08000016
2026-07-20T19:26:56.150140,0.0005480945,-0.00057250983,0.9986572,-0.053510904,-0.015038013,0.026870072
2026-07-20T19:26:56.162130,0.0027453601,-0.0003283692,1.0037842,0.038092136,0.015496373,-0.018931508
2026-07-20T19:26:56.174542,0.003477782,0.0006481933,1.0079346,0.007557869,0.030763507,-0.08000016
2026-07-20T19:26:56.187088,0.00079223514,0.0016247558,1.0010986,0.022825003,0.015496373,-0.03419864
2026-07-20T19:26:56.199461,0.0029895008,0.0026013183,1.0030518,0.007557869,-0.07610667,0.042137206
2026-07-20T19:26:56.212317,0.0037219226,-8.422858e-05,1.0001221,0.007557869,-0.030305147,0.042137206
2026-07-20T19:26:56.224500,0.0051867664,-0.0010607911,0.9942627,0.038092136,-0.015038013,0.0574044
2026-07-20T19:26:56.237025,0.0051867664,0.0006481933,1.0032959,0.038092136,-0.030305147,0.011602879
2026-07-20T19:26:56.249558,0.0010363758,-8.422858e-05,1.0008545,-0.022976637,-0.106641054,-0.03419864
2026-07-20T19:26:56.261515,0.0051867664,0.0006481933,1.0074463,0.12969518,-0.106641054,0.0574044
2026-07-20T19:26:56.274086,-0.0011608899,-0.00057250983,0.9979248,0.007557869,0.04603064,-0.018931508
2026-07-20T19:26:56.286472,0.0044543445,0.00015991204,1.0040283,0.007557869,-0.07610667,0.10320598
2026-07-20T19:26:56.299073,0.0010363758,-0.0015490723,1.0008545,0.022825003,0.015496373,-0.08000016
2026-07-20T19:26:56.311913,-0.0011608899,0.0013806152,1.0006104,0.007557869,-0.07610667,0.026870072
2026-07-20T19:26:56.324199,0.0017687976,-0.0013049317,0.9925537,0.068626404,0.04603064,-0.049465835
2026-07-20T19:26:56.336591,0.0025012195,0.0026013183,1.0062256,0.038092136,0.00022912025,-0.018931508
2026-07-20T19:26:56.348552,0.0032336414,-0.0003283692,1.0042725,0.068626404,0.030763507,0.0574044
2026-07-20T19:26:56.361079,0.004210204,0.00040405267,1.001831,0.022825003,0.09183216,-0.0036643147
2026-07-20T19:26:56.373554,0.0032336414,-0.0003283692,0.9967041,-0.099312544,-0.0455724,-0.11053455
2026-07-20T19:26:56.386107,0.004698485,-0.0010607911,0.99890137,-0.03824377,0.015496373,-0.06473303
2026-07-20T19:26:56.398098,0.0017687976,0.00040405267,0.9998779,0.022825003,-0.015038013,0.026870072
2026-07-20T19:26:56.410539,-0.0006726086,0.0016247558,0.99768066,-0.053510904,-0.015038013,0.042137206
2026-07-20T19:26:56.423236,0.0044543445,0.0023571777,0.9986572,-0.007709503,0.07656503,0.011602879
2026-07-20T19:26:56.435520,0.0029895008,0.0035778808,0.9996338,0.022825003,-0.015038013,0.0574044
2026-07-20T19:26:56.448171,0.0051867664,0.002845459,0.9954834,-0.06877804,0.07656503,0.10320598
2026-07-20T19:26:56.460217,0.0012805164,0.0013806152,0.99938965,-0.007709503,0.09183216,0.10320598
2026-07-20T19:26:56.472535,0.004210204,0.0008923339,1.0025635,0.022825003,-0.060839534,0.10320598
2026-07-20T19:26:56.485223,-0.000428468,-0.0022814942,1.0010986,-0.053510904,0.030763507,0.011602879
2026-07-20T19:26:56.497529,0.0010363758,-0.0032580567,0.9984131,-0.022976637,-0.015038013,-0.03419864
2026-07-20T19:26:56.510145,-0.00018432736,-0.0020373536,1.0040283,0.007557869,-0.106641054,0.011602879
2026-07-20T19:26:56.522545,-0.000428468,0.00040405267,1.0015869,0.007557869,0.030763507,-0.049465835
2026-07-20T19:26:56.535561,0.004698485,-8.422858e-05,1.0042725,-0.007709503,-0.13717544,0.011602879
2026-07-20T19:26:56.547536,0.0027453601,-0.0013049317,1.0025635,0.068626404,-0.0455724,0.0574044
2026-07-20T19:26:56.560097,0.0025012195,-0.001793213,1.0040283,0.05335927,0.00022912025,0.011602879
2026-07-20T19:26:56.572208,0.0005480945,-0.0003283692,0.99572754,-0.11457968,0.09183216,-0.0036643147
2026-07-20T19:26:56.584572,0.0037219226,-8.422858e-05,0.99768066,0.083893776,-0.030305147,0.07267159
2026-07-20T19:26:56.597264,0.0029895008,0.0016247558,1.005249,0.038092136,0.00022912025,0.011602879
2026-07-20T19:26:56.609511,-0.0026257336,-0.0049670413,1.00354,0.022825003,-0.015038013,0.011602879
2026-07-20T19:26:56.622065,0.0005480945,-0.0020373536,0.9971924,0.022825003,0.061297894,-0.018931508
2026-07-20T19:26:56.634499,0.0064074695,-0.0013049317,0.9954834,0.022825003,0.015496373,-0.08000016
2026-07-20T19:26:56.646568,5.981326e-05,-0.0025256348,1.0042725,-0.053510904,0.00022912025,-0.049465835
2026-07-20T19:26:56.659123,0.004698485,0.0035778808,0.993042,-0.03824377,0.04603064,-0.018931508
2026-07-20T19:26:56.671551,-0.0016491711,0.00015991204,1.0054932,-0.007709503,-0.0455724,0.011602879
2026-07-20T19:26:56.684177,0.0049426258,-0.001793213,0.99523926,-0.03824377,0.07656503,0.042137206
2026-07-20T19:26:56.696566,0.0027453601,0.002113037,0.9991455,-0.08404517,0.00022912025,0.13374025
2026-07-20T19:26:56.709154,-0.00018432736,-0.003746338,1.0032959,0.038092136,-0.060839534,-0.018931508
2026-07-20T19:26:56.721130,0.0029895008,0.0011364745,1.0015869,0.022825003,0.030763507,-0.0036643147
2026-07-20T19:26:56.733563,-0.0014050305,0.0013806152,1.0059814,-0.022976637,-0.13717544,-0.018931508
2026-07-20T19:26:56.746416,0.003477782,-0.00057250983,1.0010986,0.038092136,0.030763507,-0.0036643147
2026-07-20T19:26:56.758561,0.0027453601,0.0006481933,1.0015869,0.022825003,0.12236655,0.11847311
2026-07-20T19:26:56.771162,0.0027453601,-0.0003283692,1.0010986,0.083893776,-0.030305147,0.0574044
2026-07-20T19:26:56.783565,0.0017687976,0.0013806152,1.005249,0.068626404,-0.015038013,-0.049465835
2026-07-20T19:26:56.796168,0.0003039539,0.0018688964,1.0025635,0.068626404,-0.12190819,-0.08000016
2026-07-20T19:26:56.808221,0.0020129383,-0.0015490723,0.9996338,0.007557869,0.107099414,0.10320598
2026-07-20T19:26:56.820568,-0.00018432736,0.0011364745,1.0006104,0.068626404,0.015496373,-0.03419864
2026-07-20T19:26:56.833130,-0.0016491711,-0.00081665046,1.0042725,0.038092136,-0.060839534,0.0574044
2026-07-20T19:26:56.845949,0.004210204,0.002113037,0.99694824,0.038092136,0.030763507,0.07267159
2026-07-20T19:26:56.858198,0.0012805164,0.00040405267,0.9998779,0.05335927,-0.0455724,0.011602879
2026-07-20T19:26:56.870574,0.0020129383,-0.00081665046,1.0020752,0.007557869,0.015496373,0.042137206
2026-07-20T19:26:56.882609,0.001524657,0.0026013183,0.99645996,0.007557869,0.015496373,0.011602879
2026-07-20T19:26:56.895186,0.0010363758,-0.0015490723,1.0025635,-0.03824377,-0.015038013,-0.06473303
2026-07-20T19:26:56.907584,0.006163329,0.0011364745,0.99890137,0.022825003,-0.015038013,-0.018931508
2026-07-20T19:26:56.920166,0.0025012195,0.0030895995,0.9986572,0.007557869,-0.106641054,0.026870072
2026-07-20T19:26:56.932598,-0.00091674924,-0.00057250983,1.0023193,-0.06877804,0.030763507,-0.03419864
2026-07-20T19:26:56.945202,0.0039660633,-0.0027697755,0.99816895,0.007557869,0.00022912025,-0.018931508
2026-07-20T19:26:56.957320,0.004698485,-0.00057250983,1.0037842,0.11442804,-0.030305147,-0.12580168
2026-07-20T19:26:56.969516,0.005430907,-0.003990479,0.99890137,-0.007709503,-0.030305147,0.07267159
2026-07-20T19:26:56.982302,0.0025012195,-0.0010607911,0.991333,0.05335927,-0.015038013,-0.018931508
2026-07-20T19:26:56.994608,0.0020129383,-0.00057250983,0.9998779,-0.053510904,-0.106641054,-0.049465835
2026-07-20T19:26:57.007157,0.0037219226,0.00015991204,1.0057373,0.007557869,0.04603064,-0.049465835
2026-07-20T19:26:57.019614,0.0044543445,-0.0010607911,1.0032959,0.09916091,-0.015038013,0.026870072
2026-07-20T19:26:57.032208,0.0027453601,-0.0003283692,0.9954834,-0.08404517,0.030763507,0.042137206
2026-07-20T19:26:57.044243,0.002257079,0.0035778808,1.0040283,-0.007709503,0.030763507,0.16427463
2026-07-20T19:26:57.057030,0.0025012195,-0.0032580567,1.0020752,0.09916091,-0.015038013,0.026870072
2026-07-20T19:26:57.069175,-0.00091674924,0.0018688964,0.99890137,-0.03824377,0.015496373,0.07267159
2026-07-20T19:26:57.081589,0.0010363758,0.00015991204,0.9979248,-0.03824377,-0.0455724,0.011602879
2026-07-20T19:26:57.094193,0.003477782,0.0023571777,0.99938965,-0.06877804,0.015496373,0.087938726
2026-07-20T19:26:57.106657,0.003477782,0.0006481933,0.9991455,-0.007709503,0.00022912025,-0.095267355
2026-07-20T19:26:57.118579,0.0012805164,0.0055310056,0.9967041,0.068626404,0.09183216,0.042137206
2026-07-20T19:26:57.131166,0.0017687976,0.0008923339,1.001831,0.05335927,-0.015038013,-0.049465835
2026-07-20T19:26:57.143565,0.00079223514,-0.00057250983,1.0042725,-0.03824377,0.07656503,-0.0036643147
2026-07-20T19:26:57.156238,0.0017687976,0.0038220214,1.0003662,0.05335927,0.00022912025,0.0574044
2026-07-20T19:26:57.168586,0.0029895008,0.0008923339,0.9998779,-0.11457968,-0.0455724,0.07267159
2026-07-20T19:26:57.181215,0.005430907,-0.0035021973,1.0037842,-0.053510904,-0.13717544,-0.095267355
2026-07-20T19:26:57.193593,-0.00091674924,0.0033337402,1.0074463,-0.03824377,0.07656503,-0.095267355
2026-07-20T19:26:57.206195,0.0056750476,-0.003013916,1.0028076,-0.053510904,-0.015038013,-0.0036643147
2026-07-20T19:26:57.218205,0.001524657,0.004066162,1.0032959,-0.11457968,-0.015038013,-0.03419864
2026-07-20T19:26:57.230597,0.001524657,0.0011364745,1.0030518,-0.053510904,0.015496373,-0.06473303
2026-07-20T19:26:57.243213,0.0003039539,0.00040405267,0.9962158,-0.022976637,-0.030305147,0.026870072
2026-07-20T19:26:57.255583,0.002257079,0.0047985837,1.0028076,0.007557869,0.030763507,0.011602879
2026-07-20T19:26:57.268228,0.0029895008,0.00040405267,1.0003662,-0.007709503,0.015496373,0.011602879
2026-07-20T19:26:57.280497,0.002257079,-0.00057250983,1.0001221,0.083893776,-0.106641054,0.13374025
2026-07-20T19:26:57.292674,0.0025012195,0.00015991204,1.0032959,0.038092136,-0.0455724,0.011602879
2026-07-20T19:26:57.305211,-0.00018432736,-0.0022814942,1.0023193,0.007557869,0.030763507,0.026870072
2026-07-20T19:26:57.317706,0.0044543445,-0.0035021973,1.0008545,0.007557869,0.061297894,-0.018931508
2026-07-20T19:26:57.330188,0.003477782,-0.00057250983,0.99816895,0.05335927,0.04603064,0.10320598
2026-07-20T19:26:57.342622,-0.000428468,-0.0013049317,1.0042725,-0.03824377,-0.015038013,0.042137206
2026-07-20T19:26:57.355338,0.002257079,-0.0013049317,0.9998779,0.038092136,0.04603064,-0.03419864
2026-07-20T19:26:57.367415,0.0010363758,-0.005699463,0.99768066,-0.022976637,0.030763507,0.042137206
2026-07-20T19:26:57.380077,5.981326e-05,-0.0042346194,1.0030518,0.007557869,0.00022912025,0.026870072
2026-07-20T19:26:57.392228,0.0017687976,0.0013806152,1.0003662,0.007557869,0.030763507,0.026870072
2026-07-20T19:26:57.404590,0.004698485,0.002113037,0.99572754,0.007557869,0.12236655,0.026870072
2026-07-20T19:26:57.417213,0.0017687976,-0.0035021973,1.0072021,-0.022976637,0.00022912025,0.0574044
2026-07-20T19:26:57.429616,-0.0026257336,-0.0013049317,0.9998779,0.007557869,-0.030305147,-0.14106888
2026-07-20T19:26:57.441615,0.0005480945,0.00040405267,1.0064697,-0.007709503,-0.0455724,-0.049465835
2026-07-20T19:26:57.454211,0.0017687976,-0.0015490723,1.0040283,-0.022976637,-0.09137392,-0.06473303
2026-07-20T19:26:57.466645,0.003477782,0.0018688964,1.0006104,-0.007709503,-0.015038013,0.042137206
2026-07-20T19:26:57.479217,5.981326e-05,0.0018688964,1.0015869,-0.007709503,-0.060839534,0.011602879
2026-07-20T19:26:57.492059,0.0025012195,0.0038220214,0.9962158,0.05335927,0.04603064,-0.018931508
2026-07-20T19:26:57.504252,0.004698485,-0.00081665046,1.0025635,0.038092136,-0.030305147,-0.0036643147
2026-07-20T19:26:57.516647,0.0012805164,-0.0035021973,0.9984131,0.022825003,-0.015038013,0.042137206
2026-07-20T19:26:57.528629,0.0003039539,-0.0022814942,0.9986572,0.038092136,0.015496373,0.026870072
2026-07-20T19:26:57.541259,0.0051867664,-0.001793213,0.9991455,-0.06877804,0.00022912025,-0.049465835
2026-07-20T19:26:57.553614,0.0037219226,0.0023571777,1.0023193,0.022825003,-0.015038013,0.042137206
2026-07-20T19:26:57.566311,-0.0006726086,-0.0010607911,1.001831,-0.022976637,0.04603064,-0.08000016
2026-07-20T19:26:57.578712,0.0039660633,-0.00081665046,0.99279785,-0.08404517,-0.015038013,0.042137206
2026-07-20T19:26:57.591463,0.0027453601,0.00015991204,1.0054932,0.022825003,-0.060839534,0.011602879
2026-07-20T19:26:57.603615,0.001524657,-0.003990479,1.0025635,-0.03824377,-0.0455724,-0.018931508
2026-07-20T19:26:57.616297,-0.000428468,-0.00057250983,0.9967041,-0.007709503,0.00022912025,-0.018931508
2026-07-20T19:26:57.628655,0.003477782,0.002845459,0.9962158,-0.022976637,0.015496373,0.011602879
2026-07-20T19:26:57.640657,0.0027453601,0.00015991204,0.9986572,0.05335927,0.00022912025,-0.06473303
2026-07-20T19:26:57.653242,0.0012805164,-0.0032580567,1.001831,0.038092136,-0.13717544,0.1490075
2026-07-20T19:26:57.665597,0.0020129383,0.0006481933,1.0042725,0.007557869,0.107099414,0.011602879
2026-07-20T19:26:57.678252,0.0068957508,0.0011364745,1.0037842,0.007557869,0.015496373,-0.018931508
2026-07-20T19:26:57.690643,0.0029895008,-8.422858e-05,1.0074463,-0.03824377,-0.015038013,-0.095267355
2026-07-20T19:26:57.702950,5.981326e-05,-0.00081665046,0.9971924,0.038092136,0.00022912025,-0.12580168
2026-07-20T19:26:57.715255,0.0037219226,0.0026013183,0.9986572,0.05335927,0.04603064,-0.018931508
2026-07-20T19:26:57.727642,0.0003039539,-0.0015490723,1.0025635,0.09916091,-0.015038013,-0.095267355
2026-07-20T19:26:57.740271,0.004210204,0.00015991204,0.9998779,-0.007709503,-0.030305147,-0.03419864
2026-07-20T19:26:57.752651,0.0071398914,-0.00081665046,1.0015869,0.05335927,0.107099414,-0.0036643147
2026-07-20T19:26:57.765269,5.981326e-05,-0.0010607911,0.9959717,-0.03824377,-0.030305147,-0.03419864
2026-07-20T19:26:57.777367,0.003477782,0.0016247558,1.0010986,-0.11457968,0.030763507,-0.06473303
2026-07-20T19:26:57.790267,0.005430907,0.0030895995,1.0013428,0.022825003,0.015496373,-0.018931508
2026-07-20T19:26:57.802369,0.0020129383,0.0006481933,0.9986572,0.083893776,0.00022912025,-0.018931508
2026-07-20T19:26:57.814703,0.0032336414,0.00015991204,1.0008545,0.007557869,0.061297894,-0.095267355
2026-07-20T19:26:57.827242,0.004210204,0.00015991204,1.0023193,-0.007709503,0.030763507,-0.03419864
2026-07-20T19:26:57.839642,0.0005480945,-0.00447876,0.99938965,0.007557869,-0.07610667,0.026870072
2026-07-20T19:26:57.852294,0.0017687976,-0.0020373536,0.99523926,0.007557869,0.09183216,0.0574044
2026-07-20T19:26:57.864313,0.0037219226,0.0013806152,0.9986572,0.022825003,0.04603064,-0.095267355
2026-07-20T19:26:57.876606,0.001524657,-0.003746338,0.9942627,0.038092136,0.015496373,-0.14106888
2026-07-20T19:26:57.889300,0.0059191883,-0.003746338,1.0008545,-0.007709503,-0.12190819,-0.12580168
2026-07-20T19:26:57.901695,-0.00018432736,-0.0020373536,0.9959717,-0.007709503,0.061297894,-0.018931508
2026-07-20T19:26:57.914692,-0.0014050305,0.004066162,0.99768066,-0.053510904,0.061297894,-0.049465835
2026-07-20T19:26:57.926650,0.0029895008,0.00015991204,0.9998779,0.022825003,0.07656503,-0.018931508
2026-07-20T19:26:57.938647,0.001524657,0.0013806152,0.9991455,-0.03824377,-0.07610667,-0.018931508
2026-07-20T19:26:57.951285,0.0037219226,0.00040405267,1.0054932,0.05335927,-0.07610667,-0.018931508
2026-07-20T19:26:57.963747,0.0039660633,-0.0025256348,1.0020752,0.068626404,0.030763507,0.011602879
2026-07-20T19:26:57.976276,0.004698485,0.0018688964,0.99816895,0.038092136,-0.060839534,-0.12580168
2026-07-20T19:26:57.988784,0.0029895008,-0.0010607911,1.006958,0.022825003,0.04603064,-0.0036643147
2026-07-20T19:26:58.001273,0.0032336414,-0.0015490723,0.99768066,0.038092136,0.015496373,-0.03419864
2026-07-20T19:26:58.013303,-0.000428468,-0.0020373536,1.0015869,-0.022976637,0.12236655,0.011602879
2026-07-20T19:26:58.026523,0.0027453601,0.0008923339,1.0047607,-0.022976637,0.04603064,-0.06473303
2026-07-20T19:26:58.038301,0.0039660633,0.0008923339,1.0050049,-0.022976637,0.04603064,-0.0036643147
2026-07-20T19:26:58.050653,0.001524657,-8.422858e-05,0.9974365,0.038092136,0.015496373,0.0574044
2026-07-20T19:26:58.063301,0.0056750476,-0.003013916,1.0010986,-0.022976637,0.15290093,0.042137206
2026-07-20T19:26:58.075662,0.004210204,-0.0003283692,1.001831,0.007557869,-0.030305147,0.026870072
2026-07-20T19:26:58.088291,0.002257079,0.0006481933,1.0032959,0.022825003,0.09183216,0.011602879
2026-07-20T19:26:58.100674,0.003477782,-0.0003283692,0.9984131,0.007557869,0.04603064,-0.11053455
2026-07-20T19:26:58.113299,0.0037219226,0.0018688964,1.0010986,0.038092136,-0.015038013,-0.03419864
2026-07-20T19:26:58.126055,0.0003039539,0.0013806152,1.0015869,-0.022976637,0.00022912025,-0.06473303
2026-07-20T19:26:58.137675,-0.00018432736,-0.00057250983,0.993042,-0.12984681,0.030763507,0.011602879
2026-07-20T19:26:58.150346,5.981326e-05,-0.001793213,1.001831,-0.007709503,0.061297894,-0.095267355
2026-07-20T19:26:58.162761,0.0005480945,0.0008923339,1.0047607,-0.022976637,-0.015038013,-0.11053455
2026-07-20T19:26:58.175307,0.0012805164,-0.0010607911,0.99890137,-0.03824377,0.015496373,0.0574044
2026-07-20T19:26:58.187684,0.00079223514,0.0006481933,0.99157715,-0.08404517,-0.09137392,-0.06473303
2026-07-20T19:26:58.200321,0.002257079,-0.0013049317,0.9991455,-0.022976637,-0.07610667,-0.018931508
2026-07-20T19:26:58.212680,0.00079223514,-0.0013049317,1.0008545,0.022825003,-0.060839534,-0.018931508
2026-07-20T19:26:58.225314,0.0027453601,-0.0015490723,1.001831,0.083893776,0.00022912025,0.10320598
2026-07-20T19:26:58.237438,0.0029895008,0.0033337402,1.0040283,0.068626404,-0.09137392,-0.0036643147
2026-07-20T19:26:58.249670,0.002257079,-0.0020373536,0.9962158,-0.06877804,-0.030305147,0.0574044
2026-07-20T19:26:58.262314,0.00079223514,0.0008923339,0.99645996,-0.08404517,0.030763507,0.07267159
2026-07-20T19:26:58.274676,0.003477782,-0.0025256348,0.9984131,-0.03824377,-0.07610667,-0.018931508
2026-07-20T19:26:58.287259,0.0017687976,-0.0047229007,0.99816895,0.022825003,0.030763507,-0.018931508
2026-07-20T19:26:58.299682,0.0064074695,0.0013806152,0.99645996,-0.007709503,-0.030305147,0.011602879
2026-07-20T19:26:58.312331,0.0044543445,0.00015991204,0.9998779,-0.053510904,0.061297894,-0.0036643147
2026-07-20T19:26:58.324683,0.00079223514,-0.001793213,1.0042725,-0.007709503,0.09183216,0.011602879
2026-07-20T19:26:58.337470,0.0037219226,0.00040405267,0.9935303,-0.022976637,-0.15244257,-0.03419864
2026-07-20T19:26:58.349312,0.0010363758,0.0013806152,1.006958,-0.022976637,0.04603064,-0.03419864
2026-07-20T19:26:58.361684,5.981326e-05,-0.001793213,1.0003662,0.09916091,-0.060839534,0.0574044
2026-07-20T19:26:58.374330,0.0017687976,0.0006481933,1.0008545,0.007557869,-0.0455724,-0.0036643147
2026-07-20T19:26:58.386703,0.0029895008,-0.0013049317,0.99523926,0.05335927,0.00022912025,-0.018931508
2026-07-20T19:26:58.399306,0.0032336414,-0.0013049317,0.99816895,0.09916091,0.015496373,-0.12580168
2026-07-20T19:26:58.411815,0.0005480945,-0.0035021973,0.99450684,-0.007709503,-0.030305147,-0.14106888
2026-07-20T19:26:58.424491,0.0037219226,0.0011364745,1.0054932,0.022825003,-0.015038013,0.042137206
2026-07-20T19:26:58.436337,0.0029895008,-0.001793213,0.9986572,-0.053510904,-0.060839534,-0.095267355
2026-07-20T19:26:58.448368,0.001524657,0.0006481933,0.99572754,0.007557869,0.015496373,-0.018931508
2026-07-20T19:26:58.461307,0.0003039539,-0.0013049317,1.0013428,0.038092136,-0.030305147,0.087938726
2026-07-20T19:26:58.473689,0.004210204,0.00015991204,1.0084229,0.007557869,0.00022912025,0.0574044
2026-07-20T19:26:58.486318,0.001524657,0.00015991204,0.9971924,0.038092136,-0.030305147,-0.095267355
2026-07-20T19:26:58.498778,0.0012805164,0.0006481933,1.0020752,0.11442804,0.061297894,0.0574044
2026-07-20T19:26:58.510761,0.008848876,0.00015991204,0.99572754,-0.053510904,0.00022912025,0.0574044
2026-07-20T19:26:58.523421,0.0037219226,-0.0003283692,0.99768066,-0.022976637,0.030763507,-0.0036643147
2026-07-20T19:26:58.535751,0.0020129383,-0.00057250983,1.006958,-0.022976637,0.00022912025,0.042137206
2026-07-20T19:26:58.548921,0.0010363758,-0.0025256348,0.9991455,0.007557869,0.07656503,-0.0036643147
2026-07-20T19:26:58.561230,0.0027453601,-0.0025256348,1.0028076,-0.022976637,0.09183216,-0.08000016
2026-07-20T19:26:58.573317,-0.0006726086,-0.0010607911,0.994751,-0.007709503,0.04603064,0.07267159
2026-07-20T19:26:58.585369,0.0017687976,-0.00057250983,0.99523926,0.022825003,0.030763507,-0.018931508
2026-07-20T19:26:58.597700,0.0029895008,-0.003013916,1.0047607,0.007557869,0.030763507,-0.08000016
2026-07-20T19:26:58.610351,0.0029895008,-0.0020373536,0.9984131,0.007557869,-0.015038013,0.011602879
2026-07-20T19:26:58.622713,0.0010363758,-0.0015490723,1.0023193,-0.007709503,-0.060839534,-0.018931508
2026-07-20T19:26:58.635363,0.0032336414,-0.0010607911,1.0023193,0.007557869,-0.060839534,-0.018931508
2026-07-20T19:26:58.647714,0.0044543445,-0.0015490723,0.9962158,0.068626404,0.030763507,-0.049465835
2026-07-20T19:26:58.660701,0.0039660633,-0.00057250983,1.006958,-0.06877804,0.04603064,-0.049465835
2026-07-20T19:26:58.672697,0.003477782,0.002113037,0.9986572,0.007557869,0.061297894,0.11847311
2026-07-20T19:26:58.684688,0.0025012195,-0.0022814942,0.9906006,-0.03824377,0.09183216,-0.06473303
2026-07-20T19:26:58.697419,0.0025012195,-0.0054553226,0.989624,-0.14511395,0.00022912025,0.0574044
2026-07-20T19:26:58.709678,0.001524657,-0.0010607911,0.99768066,0.022825003,0.030763507,0.087938726
2026-07-20T19:26:58.722378,-0.0006726086,0.00015991204,1.0010986,-0.03824377,-0.060839534,0.011602879
2026-07-20T19:26:58.734757,0.0027453601,0.00040405267,0.99938965,0.022825003,0.015496373,-0.095267355
2026-07-20T19:26:58.746723,0.0025012195,0.00040405267,0.9974365,0.11442804,0.00022912025,0.026870072
2026-07-20T19:26:58.759358,0.0012805164,0.0006481933,1.0001221,0.022825003,0.015496373,-0.12580168
2026-07-20T19:26:58.772193,0.0032336414,-0.001793213,0.9996338,-0.022976637,0.015496373,-0.018931508
2026-07-20T19:26:58.784385,-0.00018432736,-0.0027697755,1.0030518,-0.053510904,-0.015038013,-0.018931508
2026-07-20T19:26:58.796715,0.0044543445,-0.001793213,0.9991455,-0.007709503,0.015496373,-0.0036643147
2026-07-20T19:26:58.809378,0.0027453601,-0.003013916,0.9979248,0.12969518,0.061297894,-0.049465835
2026-07-20T19:26:58.821689,0.0003039539,0.002845459,0.9991455,0.022825003,0.030763507,0.0574044
2026-07-20T19:26:58.833718,-0.000428468,-8.422858e-05,0.9967041,0.038092136,0.015496373,0.042137206
2026-07-20T19:26:58.846308,0.0020129383,-0.00447876,0.9949951,0.038092136,0.12236655,-0.11053455
2026-07-20T19:26:58.858860,0.004698485,0.0013806152,1.0067139,0.022825003,-0.060839534,-0.018931508
2026-07-20T19:26:58.871607,0.0020129383,-0.00057250983,1.0040283,-0.053510904,0.12236655,0.026870072
2026-07-20T19:26:58.883755,0.0039660633,-0.0020373536,1.0037842,0.022825003,-0.07610667,-0.06473303
2026-07-20T19:26:58.896383,0.0027453601,0.0011364745,0.9974365,-0.053510904,0.030763507,-0.08000016
2026-07-20T19:26:58.908386,0.0027453601,-0.00057250983,0.9996338,0.068626404,0.04603064,-0.018931508
2026-07-20T19:26:58.920721,0.00079223514,0.0013806152,0.9986572,0.022825003,0.030763507,-0.018931508
2026-07-20T19:26:58.933360,0.0005480945,0.0023571777,0.994751,0.007557869,0.107099414,0.042137206
2026-07-20T19:26:58.945760,0.0005480945,-0.0032580567,0.9962158,-0.03824377,0.015496373,-0.08000016
2026-07-20T19:26:58.958397,0.004210204,-0.0013049317,1.0059814,0.083893776,0.00022912025,-0.095267355
2026-07-20T19:26:58.970291,0.003477782,-0.0061877444,1.0020752,-0.007709503,0.015496373,0.11847311
2026-07-20T19:26:58.983489,0.0037219226,0.0023571777,1.0006104,-0.007709503,-0.16770983,0.011602879
2026-07-20T19:26:58.995356,5.981326e-05,-0.0022814942,0.9959717,-0.007709503,0.09183216,0.011602879
2026-07-20T19:26:59.007784,0.0017687976,0.0013806152,1.0028076,0.007557869,-0.030305147,-0.018931508
2026-07-20T19:26:59.020427,0.0027453601,-0.0025256348,1.005249,0.022825003,0.061297894,-0.12580168
2026-07-20T19:26:59.032745,0.0027453601,-0.0032580567,0.9937744,0.038092136,-0.0455724,-0.03419864
2026-07-20T19:26:59.045386,0.0005480945,-0.0025256348,1.001831,-0.03824377,0.015496373,0.011602879
2026-07-20T19:26:59.057775,0.006163329,0.0013806152,0.9996338,0.038092136,0.015496373,0.011602879
2026-07-20T19:26:59.070450,-0.0006726086,-0.003013916,0.99401855,-0.022976637,0.030763507,-0.018931508
2026-07-20T19:26:59.083197,-0.0026257336,-0.003013916,1.0028076,0.022825003,0.00022912025,0.026870072
2026-07-20T19:26:59.095561,0.004698485,-0.00081665046,1.001831,0.007557869,0.00022912025,0.0574044
2026-07-20T19:26:59.107415,0.0025012195,-0.001793213,0.99523926,0.083893776,-0.0455724,0.026870072
2026-07-20T19:26:59.119796,0.0010363758,-0.0035021973,1.0010986,-0.03824377,-0.060839534,-0.08000016
2026-07-20T19:26:59.132377,0.0064074695,-0.0047229007,1.001831,0.05335927,-0.0455724,-0.03419864
2026-07-20T19:26:59.144736,0.0020129383,0.0030895995,1.0074463,-0.022976637,-0.07610667,-0.15633607
2026-07-20T19:26:59.157444,0.0037219226,-0.0015490723,1.0010986,0.05335927,0.00022912025,0.011602879
2026-07-20T19:26:59.169788,0.004698485,0.0011364745,1.0003662,-0.03824377,-0.015038013,0.07267159
2026-07-20T19:26:59.182389,0.002257079,-0.0013049317,1.005249,0.11442804,-0.015038013,0.042137206
2026-07-20T19:26:59.194702,0.0059191883,0.0033337402,1.00354,0.007557869,0.015496373,-0.06473303
2026-07-20T19:26:59.207445,0.0005480945,-0.0032580567,0.99938965,-0.03824377,0.015496373,-0.0036643147
2026-07-20T19:26:59.219425,0.0027453601,0.0013806152,1.0025635,0.068626404,-0.015038013,-0.03419864
2026-07-20T19:26:59.231815,0.004698485,0.0011364745,1.0008545,0.068626404,0.061297894,-0.08000016
2026-07-20T19:26:59.244378,0.0039660633,-0.0015490723,0.994751,0.022825003,-0.015038013,0.011602879
2026-07-20T19:26:59.256753,-0.0016491711,-0.00447876,0.9996338,0.022825003,0.061297894,0.0574044
2026-07-20T19:26:59.269417,0.004698485,-0.0015490723,0.9984131,-0.06877804,0.09183216,-0.095267355
2026-07-20T19:26:59.281422,0.0005480945,-0.0010607911,0.9984131,0.007557869,0.030763507,0.011602879
2026-07-20T19:26:59.293912,0.0039660633,-0.001793213,0.99645996,0.038092136,0.015496373,-0.03419864
2026-07-20T19:26:59.306572,0.002257079,0.0008923339,0.99938965,-0.007709503,0.09183216,-0.06473303
2026-07-20T19:26:59.318847,0.0049426258,-0.0003283692,1.0010986,0.05335927,-0.030305147,0.026870072
2026-07-20T19:26:59.331372,0.0037219226,-0.0015490723,1.0010986,0.038092136,0.04603064,0.07267159
2026-07-20T19:26:59.343827,0.0039660633,-8.422858e-05,0.99328613,-0.053510904,-0.0455724,-0.0036643147
2026-07-20T19:26:59.356394,0.002257079,0.0006481933,0.994751,0.038092136,-0.0455724,0.042137206
2026-07-20T19:26:59.368409,0.0012805164,0.0035778808,0.99816895,-0.022976637,0.04603064,-0.018931508
2026-07-20T19:26:59.380845,-0.0006726086,-8.422858e-05,0.9998779,0.068626404,-0.030305147,0.07267159
2026-07-20T19:26:59.393468,0.0039660633,-0.003013916,0.994751,0.068626404,0.030763507,-0.018931508
2026-07-20T19:26:59.406161,0.00079223514,-0.00057250983,0.9918213,0.05335927,-0.030305147,0.011602879
2026-07-20T19:26:59.418458,0.0025012195,0.0018688964,1.0008545,0.038092136,-0.030305147,-0.018931508
2026-07-20T19:26:59.430867,0.0059191883,-0.0015490723,0.9967041,-0.022976637,0.030763507,-0.0036643147
2026-07-20T19:26:59.443476,0.002257079,-0.0032580567,1.0006104,-0.022976637,-0.0455724,-0.11053455
2026-07-20T19:26:59.455404,0.0017687976,0.002113037,0.99450684,0.007557869,0.061297894,0.07267159
2026-07-20T19:26:59.467843,0.0012805164,0.002845459,0.9967041,0.05335927,-0.07610667,0.026870072
2026-07-20T19:26:59.480426,0.0020129383,0.00040405267,1.0001221,-0.022976637,-0.015038013,0.07267159
2026-07-20T19:26:59.492872,-0.0033581555,-0.0054553226,0.9996338,0.068626404,-0.015038013,-0.03419864
2026-07-20T19:26:59.505461,0.004698485,-0.001793213,1.0028076,0.022825003,-0.0455724,-0.049465835
2026-07-20T19:26:59.517520,0.0010363758,-0.0003283692,0.9998779,0.022825003,-0.015038013,-0.018931508
2026-07-20T19:26:59.530513,0.0049426258,-0.00057250983,1.0030518,0.038092136,0.061297894,0.011602879
2026-07-20T19:26:59.542493,0.0032336414,-0.00447876,1.0003662,0.007557869,0.04603064,0.0574044
2026-07-20T19:26:59.554850,0.00665161,-0.00081665046,1.0001221,0.022825003,0.04603064,0.11847311
2026-07-20T19:26:59.567486,0.00079223514,0.00015991204,1.0037842,0.038092136,0.00022912025,0.042137206
2026-07-20T19:26:59.579831,0.001524657,-0.00081665046,0.9996338,-0.08404517,-0.015038013,-0.018931508
2026-07-20T19:26:59.592481,-0.0011608899,0.0006481933,1.0032959,0.007557869,0.04603064,0.011602879
2026-07-20T19:26:59.604443,0.0010363758,0.0008923339,1.0032959,0.05335927,-0.0455724,-0.018931508
2026-07-20T19:26:59.616840,0.002257079,0.0011364745,1.0006104,-0.007709503,0.04603064,0.0574044
2026-07-20T19:26:59.629645,0.0017687976,0.004066162,1.001831,0.05335927,0.04603064,0.0574044
2026-07-20T19:26:59.641842,0.0012805164,0.00040405267,1.0081787,-0.007709503,0.00022912025,0.10320598
2026-07-20T19:26:59.654498,0.0020129383,-0.0013049317,1.0050049,0.038092136,0.015496373,0.026870072
2026-07-20T19:26:59.666860,0.0039660633,-0.0003283692,1.0013428,-0.022976637,0.09183216,-0.03419864
2026-07-20T19:26:59.678867,0.0017687976,0.00040405267,0.99816895,0.05335927,0.107099414,0.011602879
2026-07-20T19:26:59.691483,0.0049426258,-0.00081665046,1.0028076,0.038092136,-0.09137392,-0.06473303
2026-07-20T19:26:59.703878,0.0039660633,-0.001793213,0.99645996,-0.007709503,-0.060839534,-0.12580168
2026-07-20T19:26:59.716512,0.0017687976,0.0008923339,1.0008545,0.038092136,0.04603064,0.026870072
2026-07-20T19:26:59.729260,0.0037219226,0.0016247558,0.9967041,-0.03824377,-0.015038013,0.10320598
2026-07-20T19:26:59.741466,0.00079223514,0.0008923339,1.001831,0.022825003,-0.030305147,-0.018931508
2026-07-20T19:26:59.753485,0.004210204,0.0013806152,1.0010986,-0.053510904,0.09183216,0.026870072
2026-07-20T19:26:59.765866,0.0044543445,-0.00057250983,0.9967041,0.068626404,0.04603064,-0.095267355
2026-07-20T19:26:59.778484,0.0025012195,-0.00057250983,0.994751,0.038092136,-0.030305147,-0.03419864
2026-07-20T19:26:59.790861,0.0025012195,0.00015991204,1.00354,-0.053510904,-0.015038013,-0.018931508
2026-07-20T19:26:59.803493,0.0017687976,-0.0010607911,0.9991455,-0.03824377,-0.015038013,-0.03419864
2026-07-20T19:26:59.815838,0.0029895008,0.0018688964,0.9974365,-0.053510904,-0.07610667,-0.0036643147
2026-07-20T19:26:59.828533,-0.00018432736,-0.00081665046,1.0015869,0.068626404,0.107099414,0.026870072
2026-07-20T19:26:59.840620,0.004698485,-0.003013916,0.9986572,0.068626404,0.015496373,0.026870072
2026-07-20T19:26:59.852903,-0.000428468,-0.0020373536,0.99694824,-0.022976637,0.061297894,0.026870072
2026-07-20T19:26:59.865518,0.0010363758,-0.0025256348,0.9962158,0.083893776,0.15290093,0.026870072
2026-07-20T19:26:59.877867,0.0017687976,-0.0022814942,0.9959717,0.11442804,0.061297894,-0.018931508
2026-07-20T19:26:59.890504,0.0029895008,0.0008923339,0.994751,0.038092136,0.061297894,-0.049465835
2026-07-20T19:26:59.902538,0.0051867664,-0.0047229007,0.994751,0.083893776,0.030763507,-0.049465835
2026-07-20T19:26:59.914954,-0.0006726086,0.0008923339,1.0030518,0.022825003,-0.12190819,-0.049465835
2026-07-20T19:26:59.927468,0.0037219226,-0.003013916,0.99523926,-0.022976637,0.030763507,0.011602879
2026-07-20T19:26:59.940309,0.0029895008,0.0011364745,0.9984131,0.022825003,0.09183216,0.042137206
2026-07-20T19:26:59.952570,-0.0016491711,-0.003013916,0.9942627,0.022825003,-0.015038013,-0.0036643147
2026-07-20T19:26:59.964870,0.0020129383,0.0011364745,0.9984131,0.022825003,0.030763507,0.0574044
2026-07-20T19:26:59.976914,0.002257079,0.0011364745,0.9986572,-0.053510904,0.030763507,-0.03419864
2026-07-20T19:26:59.989528,0.0012805164,-0.00057250983,0.99938965,-0.03824377,0.061297894,-0.06473303
2026-07-20T19:27:00.001884,0.0012805164,0.004066162,1.0006104,0.007557869,-0.015038013,0.042137206
2026-07-20T19:27:00.014477,0.001524657,-0.0022814942,0.9967041,0.038092136,-0.030305147,-0.03419864
2026-07-20T19:27:00.026902,0.0010363758,-0.0025256348,0.9967041,-0.022976637,0.107099414,0.11847311
2026-07-20T19:27:00.039509,0.002257079,-0.0027697755,0.9996338,-0.022976637,-0.060839534,-0.095267355
2026-07-20T19:27:00.052487,0.0010363758,-0.00057250983,0.9949951,0.038092136,0.00022912025,-0.0036643147
2026-07-20T19:27:00.063907,0.0025012195,-0.00081665046,0.9998779,0.05335927,0.015496373,-0.0036643147
2026-07-20T19:27:00.076546,0.0037219226,-0.0027697755,1.0003662,0.022825003,0.00022912025,-0.03419864
2026-07-20T19:27:00.088855,0.0003039539,0.0050427243,1.001831,0.022825003,-0.07610667,-0.03419864
2026-07-20T19:27:00.101528,0.0010363758,0.0030895995,0.9967041,0.083893776,-0.060839534,-0.0036643147
2026-07-20T19:27:00.113918,0.002257079,0.0008923339,1.0032959,-0.06877804,-0.060839534,-0.095267355
2026-07-20T19:27:00.126511,0.0027453601,-0.0013049317,0.9923096,0.083893776,-0.07610667,0.0574044
2026-07-20T19:27:00.138926,0.0020129383,0.0011364745,0.99816895,-0.03824377,-0.07610667,-0.0036643147
2026-07-20T19:27:00.150911,0.0056750476,0.002845459,1.0008545,0.007557869,0.00022912025,0.026870072
2026-07-20T19:27:00.163833,0.0025012195,0.0008923339,0.99572754,-0.007709503,-0.030305147,-0.018931508
2026-07-20T19:27:00.175885,0.0039660633,0.00040405267,0.99645996,0.09916091,-0.12190819,-0.018931508
2026-07-20T19:27:00.188533,0.0003039539,0.00015991204,0.99816895,0.022825003,-0.030305147,-0.018931508
2026-07-20T19:27:00.200873,0.001524657,-0.001793213,1.0001221,0.007557869,0.030763507,-0.0036643147
2026-07-20T19:27:00.213523,0.002257079,-0.0013049317,0.9991455,-0.022976637,0.015496373,0.0574044
2026-07-20T19:27:00.225539,0.0003039539,-0.0015490723,1.0025635,0.05335927,-0.015038013,-0.018931508
2026-07-20T19:27:00.237951,-0.0006726086,-0.0025256348,1.0025635,-0.022976637,0.00022912025,0.042137206
2026-07-20T19:27:00.250540,0.0039660633,-0.0035021973,1.0064697,-0.007709503,0.030763507,0.011602879
2026-07-20T19:27:00.263442,0.0044543445,0.0023571777,0.99816895,0.09916091,0.00022912025,0.0574044
2026-07-20T19:27:00.275535,0.0025012195,-0.0022814942,1.0010986,-0.03824377,0.061297894,0.042137206
2026-07-20T19:27:00.287895,5.981326e-05,-0.00057250983,0.99694824,0.068626404,0.015496373,0.011602879
2026-07-20T19:27:00.300533,0.0025012195,0.0033337402,0.9974365,-0.007709503,0.00022912025,-0.03419864
2026-07-20T19:27:00.312577,0.0029895008,-0.00081665046,0.9996338,-0.007709503,0.061297894,-0.03419864
2026-07-20T19:27:00.324908,0.0010363758,-0.0010607911,0.99890137,0.05335927,0.030763507,0.0574044
2026-07-20T19:27:00.337619,0.0037219226,-8.422858e-05,1.0040283,-0.022976637,-0.106641054,-0.0036643147
2026-07-20T19:27:00.349880,0.004698485,-0.0022814942,0.99890137,0.05335927,-0.0455724,-0.06473303
2026-07-20T19:27:00.362570,0.003477782,-0.0013049317,1.0045166,0.068626404,0.00022912025,-0.03419864
2026-07-20T19:27:00.375373,0.0056750476,0.0011364745,1.0042725,-0.022976637,0.00022912025,-0.06473303
2026-07-20T19:27:00.387546,0.002257079,0.0006481933,0.9979248,0.038092136,-0.030305147,-0.018931508
2026-07-20T19:27:00.399915,0.003477782,-0.0003283692,0.99768066,0.007557869,-0.09137392,0.0574044
2026-07-20T19:27:00.411925,0.004210204,-0.0010607911,0.99572754,-0.12984681,-0.030305147,0.07267159
2026-07-20T19:27:00.424582,0.0037219226,-0.003746338,0.9998779,0.038092136,0.015496373,0.042137206
2026-07-20T19:27:00.436942,0.0025012195,-0.0013049317,1.001831,-0.03824377,-0.030305147,-0.11053455
2026-07-20T19:27:00.449556,0.0044543445,0.0016247558,1.0003662,0.038092136,0.09183216,-0.06473303
2026-07-20T19:27:00.461955,0.0025012195,-0.0027697755,1.0001221,0.007557869,-0.030305147,-0.06473303
2026-07-20T19:27:00.474803,-0.0014050305,0.00015991204,1.0023193,-0.053510904,-0.030305147,-0.049465835
2026-07-20T19:27:00.486957,0.0071398914,0.0013806152,1.0003662,0.007557869,-0.015038013,0.011602879
2026-07-20T19:27:00.498984,0.0071398914,-0.0010607911,0.99938965,0.038092136,0.00022912025,-0.03419864
2026-07-20T19:27:00.511538,0.00079223514,0.0035778808,0.9971924,0.007557869,0.09183216,-0.06473303
2026-07-20T19:27:00.523989,0.0044543445,0.0008923339,0.99328613,0.007557869,0.015496373,0.0574044
2026-07-20T19:27:00.536553,0.002257079,-0.0025256348,0.9974365,0.022825003,0.04603064,0.011602879
2026-07-20T19:27:00.548950,0.003477782,0.00040405267,1.0010986,0.007557869,0.04603064,0.011602879
2026-07-20T19:27:00.560955,0.0049426258,-0.00081665046,1.0037842,-0.06877804,0.07656503,-0.0036643147
2026-07-20T19:27:00.573588,0.0020129383,-0.00081665046,1.0020752,-0.007709503,0.04603064,0.011602879
2026-07-20T19:27:00.586320,-0.000428468,0.0018688964,0.99890137,-0.053510904,0.00022912025,0.011602879
2026-07-20T19:27:00.598564,0.002257079,-0.001793213,1.0003662,0.007557869,0.030763507,0.011602879
2026-07-20T19:27:00.611042,-0.00091674924,-0.00081665046,0.9949951,0.038092136,0.07656503,0.042137206
2026-07-20T19:27:00.623515,-0.0006726086,-0.0013049317,1.0020752,0.038092136,0.00022912025,-0.03419864
2026-07-20T19:27:00.636016,-0.0014050305,0.0006481933,1.0013428,-0.12984681,-0.060839534,-0.0036643147
2026-07-20T19:27:00.648560,-0.00091674924,-0.0003283692,1.0028076,0.038092136,-0.060839534,0.011602879
2026-07-20T19:27:00.661004,0.0005480945,-8.422858e-05,1.0025635,-0.053510904,0.12236655,-0.0036643147
2026-07-20T19:27:00.673606,-0.00018432736,-0.0010607911,1.0003662,0.007557869,0.00022912025,-0.049465835
2026-07-20T19:27:00.685823,0.004210204,0.00015991204,1.0008545,0.068626404,0.030763507,0.026870072
2026-07-20T19:27:00.697980,0.001524657,0.00015991204,1.0006104,-0.03824377,-0.060839534,-0.018931508
2026-07-20T19:27:00.710571,0.0003039539,0.0013806152,1.0020752,-0.053510904,0.015496373,0.0574044
2026-07-20T19:27:00.722953,0.002257079,0.00015991204,0.9986572,0.007557869,0.04603064,0.042137206
2026-07-20T19:27:00.735582,5.981326e-05,-0.0042346194,0.99816895,0.007557869,0.07656503,0.011602879
2026-07-20T19:27:00.747986,0.0010363758,-0.0035021973,1.0037842,-0.007709503,-0.030305147,0.087938726
2026-07-20T19:27:00.760032,0.001524657,0.0008923339,0.9996338,-0.007709503,-0.12190819,-0.0036643147
2026-07-20T19:27:00.772546,0.001524657,-0.0027697755,0.9967041,0.05335927,0.07656503,-0.018931508
2026-07-20T19:27:00.784959,0.0012805164,-0.0003283692,0.9996338,-0.053510904,-0.060839534,-0.018931508
2026-07-20T19:27:00.797686,0.0017687976,0.0016247558,1.0015869,-0.12984681,0.030763507,0.026870072
2026-07-20T19:27:00.809982,-0.00018432736,-8.422858e-05,1.0001221,0.022825003,-0.09137392,-0.03419864
2026-07-20T19:27:00.822581,0.0017687976,-0.008140869,1.0028076,0.022825003,-0.015038013,-0.049465835
2026-07-20T19:27:00.834991,0.002257079,-0.003746338,0.99523926,-0.007709503,-0.015038013,0.026870072
2026-07-20T19:27:00.846991,0.002257079,0.0008923339,0.99938965,0.09916091,0.00022912025,0.042137206
2026-07-20T19:27:00.859598,0.0012805164,0.0006481933,0.99450684,0.068626404,0.030763507,-0.018931508
2026-07-20T19:27:00.872044,0.0025012195,-0.00081665046,0.99890137,0.022825003,0.09183216,-0.03419864
2026-07-20T19:27:00.884688,0.0039660633,-0.0027697755,0.9998779,0.007557869,0.015496373,0.011602879
2026-07-20T19:27:00.897307,0.0027453601,-0.0003283692,1.00354,-0.03824377,-0.015038013,0.087938726
2026-07-20T19:27:00.909591,0.0005480945,0.00040405267,1.0064697,-0.03824377,-0.030305147,0.042137206
2026-07-20T19:27:00.921597,0.0003039539,0.00015991204,1.0001221,-0.11457968,0.107099414,-0.12580168
2026-07-20T19:27:00.933984,0.002257079,-0.00081665046,0.9962158,-0.007709503,-0.015038013,0.10320598
2026-07-20T19:27:00.946626,-0.00091674924,-0.0020373536,0.9979248,0.007557869,0.12236655,-0.049465835
2026-07-20T19:27:00.958961,0.0017687976,0.00040405267,1.00354,0.05335927,0.030763507,-0.03419864
2026-07-20T19:27:00.971621,0.0032336414,-0.001793213,0.99450684,-0.007709503,0.015496373,0.0574044
2026-07-20T19:27:00.983630,0.0020129383,-0.00057250983,1.0042725,-0.053510904,0.18343532,-0.11053455
2026-07-20T19:27:00.996069,0.0005480945,-0.00081665046,1.0050049,-0.08404517,0.12236655,-0.0036643147
2026-07-20T19:27:01.008631,0.0012805164,-0.0042346194,0.9986572,-0.007709503,-0.015038013,-0.08000016
2026-07-20T19:27:01.021109,0.003477782,-0.001793213,1.0023193,0.038092136,-0.09137392,-0.08000016
2026-07-20T19:27:01.033598,0.0039660633,-8.422858e-05,0.9974365,0.083893776,0.00022912025,0.026870072
2026-07-20T19:27:01.045989,0.0010363758,-0.003990479,0.9923096,0.038092136,-0.015038013,-0.018931508
2026-07-20T19:27:01.058676,-0.00018432736,0.002113037,0.99401855,-0.053510904,-0.0455724,-0.03419864
2026-07-20T19:27:01.071012,0.0005480945,-0.0015490723,0.9984131,0.007557869,0.04603064,-0.018931508
2026-07-20T19:27:01.083615,5.981326e-05,-8.422858e-05,1.0003662,0.05335927,-0.060839534,-0.018931508
2026-07-20T19:27:01.095646,-0.0014050305,-0.0010607911,0.9962158,-0.007709503,0.00022912025,0.07267159
2026-07-20T19:27:01.108090,0.004698485,-8.422858e-05,1.0013428,-0.053510904,-0.030305147,-0.0036643147
2026-07-20T19:27:01.120979,0.0012805164,0.002113037,0.99523926,-0.08404517,-0.015038013,0.07267159
2026-07-20T19:27:01.133013,0.002257079,0.0023571777,0.9971924,0.022825003,0.04603064,-0.095267355
2026-07-20T19:27:01.145582,0.0029895008,0.0023571777,0.9979248,0.09916091,0.00022912025,0.026870072
2026-07-20T19:27:01.158025,0.0064074695,-0.003013916,1.0015869,0.083893776,0.00022912025,0.026870072
2026-07-20T19:27:01.170592,0.0037219226,-8.422858e-05,0.9967041,0.05335927,-0.0455724,0.011602879
2026-07-20T19:27:01.182605,5.981326e-05,-0.003013916,1.0050049,0.05335927,0.015496373,0.07267159
2026-07-20T19:27:01.195033,0.0005480945,-0.0015490723,0.99890137,-0.053510904,0.04603064,-0.095267355
2026-07-20T19:27:01.207606,-0.0014050305,-0.0032580567,0.9971924,0.068626404,0.061297894,0.1490075
2026-07-20T19:27:01.220556,0.0044543445,-0.0013049317,1.0042725,0.022825003,-0.060839534,0.0574044
2026-07-20T19:27:01.232640,0.0068957508,0.0030895995,1.0076904,0.05335927,0.04603064,0.026870072
2026-07-20T19:27:01.245043,-0.0006726086,0.0011364745,0.9954834,-0.007709503,0.015496373,-0.049465835
2026-07-20T19:27:01.257047,0.002257079,-8.422858e-05,1.0040283,0.09916091,0.030763507,-0.03419864
2026-07-20T19:27:01.269660,0.0025012195,-0.0015490723,1.0015869,0.007557869,-0.07610667,0.11847311
2026-07-20T19:27:01.282025,0.00079223514,0.0013806152,1.0057373,0.022825003,-0.07610667,-0.03419864
2026-07-20T19:27:01.294604,0.001524657,-0.0010607911,1.0003662,-0.03824377,-0.0455724,0.10320598
2026-07-20T19:27:01.307048,0.0012805164,-0.0015490723,1.0013428,0.007557869,0.07656503,-0.018931508
2026-07-20T19:27:01.319635,0.0020129383,-8.422858e-05,0.9962158,0.022825003,-0.060839534,-0.03419864
2026-07-20T19:27:01.331801,-0.0016491711,-0.0010607911,0.99938965,-0.06877804,0.07656503,-0.08000016
2026-07-20T19:27:01.344619,-0.000428468,-0.003013916,1.0059814,-0.03824377,-0.0455724,-0.018931508
2026-07-20T19:27:01.356601,0.0020129383,0.0013806152,0.9991455,0.022825003,0.07656503,-0.049465835
2026-07-20T19:27:01.369018,0.003477782,0.0006481933,1.001831,0.007557869,0.04603064,-0.08000016
2026-07-20T19:27:01.381667,0.0029895008,0.00015991204,1.0025635,0.022825003,-0.015038013,-0.018931508
2026-07-20T19:27:01.394030,0.0017687976,0.0033337402,0.9920654,-0.08404517,0.00022912025,0.026870072
2026-07-20T19:27:01.406646,0.004210204,-0.001793213,0.9998779,0.05335927,-0.030305147,-0.03419864
2026-07-20T19:27:01.418639,0.0037219226,0.0006481933,1.0032959,0.007557869,-0.030305147,-0.018931508
2026-07-20T19:27:01.431403,0.0027453601,-0.0020373536,1.0064697,0.05335927,0.015496373,0.011602879
2026-07-20T19:27:01.443622,0.0076281726,-0.00057250983,0.99816895,0.09916091,0.030763507,0.0574044
2026-07-20T19:27:01.456100,0.0025012195,-0.0035021973,1.0023193,-0.007709503,-0.0455724,0.026870072
2026-07-20T19:27:01.468613,0.0039660633,-0.0027697755,0.9991455,0.022825003,0.061297894,-0.049465835
2026-07-20T19:27:01.481074,-0.0018933117,-0.003746338,0.9998779,-0.03824377,-0.015038013,-0.0036643147
2026-07-20T19:27:01.493611,0.0017687976,0.0016247558,0.99890137,0.038092136,-0.0455724,0.011602879
2026-07-20T19:27:01.506033,0.0012805164,-0.0022814942,1.0003662,-0.007709503,-0.060839534,0.026870072
2026-07-20T19:27:01.518064,0.001524657,-0.0025256348,0.9991455,0.007557869,-0.030305147,-0.03419864
2026-07-20T19:27:01.530633,0.0003039539,0.0011364745,1.0037842,0.007557869,0.061297894,0.026870072
2026-07-20T19:27:01.542683,0.004210204,-0.0032580567,1.0010986,-0.03824377,0.030763507,0.011602879
2026-07-20T19:27:01.555639,0.0020129383,0.00015991204,0.9991455,0.068626404,0.015496373,0.011602879
2026-07-20T19:27:01.568113,0.0012805164,-0.0003283692,0.99938965,0.068626404,0.061297894,-0.03419864
2026-07-20T19:27:01.580090,0.0032336414,-0.0049670413,1.0030518,0.007557869,0.015496373,-0.018931508
2026-07-20T19:27:01.592685,0.0025012195,-0.00081665046,1.00354,0.083893776,-0.0455724,-0.06473303
2026-07-20T19:27:01.605044,0.0039660633,0.002113037,1.0025635,0.09916091,0.061297894,0.0574044
2026-07-20T19:27:01.617769,0.0027453601,0.00015991204,1.0001221,0.083893776,-0.060839534,-0.08000016
2026-07-20T19:27:01.630073,0.0017687976,0.0011364745,1.0003662,-0.08404517,-0.030305147,-0.08000016
2026-07-20T19:27:01.642650,0.004210204,-0.0025256348,0.9954834,0.083893776,0.015496373,-0.06473303
2026-07-20T19:27:01.655497,0.0012805164,-0.0003283692,1.0013428,0.083893776,-0.030305147,0.011602879
2026-07-20T19:27:01.667689,-0.0026257336,-0.0010607911,0.9967041,0.05335927,-0.0455724,-0.0036643147
2026-07-20T19:27:01.680184,0.0010363758,-0.00081665046,0.9984131,0.038092136,-0.060839534,-0.06473303
2026-07-20T19:27:01.692768,0.0012805164,-0.0025256348,1.0084229,-0.022976637,-0.09137392,0.042137206
2026-07-20T19:27:01.704691,0.0029895008,-0.0025256348,1.0057373,0.038092136,0.030763507,0.026870072
2026-07-20T19:27:01.717047,-0.002381593,0.0018688964,0.9996338,-0.007709503,0.09183216,-0.018931508
2026-07-20T19:27:01.729687,0.0010363758,-0.0003283692,0.99645996,0.083893776,-0.0455724,0.042137206
2026-07-20T19:27:01.742125,-0.0016491711,-0.0003283692,0.99768066,0.09916091,0.030763507,0.026870072
2026-07-20T19:27:01.754926,-0.0018933117,-0.005211182,0.9971924,-0.007709503,-0.060839534,-0.0036643147
2026-07-20T19:27:01.767167,0.001524657,-0.003013916,0.99401855,-0.007709503,0.061297894,0.042137206
2026-07-20T19:27:01.779585,0.0032336414,0.0008923339,0.9974365,-0.022976637,-0.030305147,0.10320598
2026-07-20T19:27:01.791663,0.0025012195,-8.422858e-05,0.9923096,-0.007709503,0.061297894,0.10320598
2026-07-20T19:27:01.804123,-0.0011608899,0.002113037,0.9996338,0.05335927,0.04603064,-0.03419864
2026-07-20T19:27:01.816651,0.0010363758,0.0006481933,0.9959717,0.068626404,0.07656503,0.026870072
2026-07-20T19:27:01.828669,0.0003039539,0.0033337402,0.9962158,0.007557869,-0.0455724,-0.018931508
2026-07-20T19:27:01.841102,0.0020129383,-8.422858e-05,0.9949951,0.038092136,-0.015038013,-0.12580168
2026-07-20T19:27:01.853663,-0.000428468,0.0018688964,0.9998779,-0.03824377,-0.0455724,-0.0036643147
2026-07-20T19:27:01.866424,0.0005480945,-0.003746338,0.99450684,0.05335927,0.030763507,-0.03419864
2026-07-20T19:27:01.878696,0.003477782,-0.00081665046,1.0020752,0.007557869,-0.030305147,0.087938726
2026-07-20T19:27:01.891096,0.004698485,-0.0003283692,0.99645996,0.038092136,-0.060839534,-0.049465835
2026-07-20T19:27:01.903691,0.002257079,-0.0015490723,1.0028076,-0.06877804,0.015496373,0.042137206
2026-07-20T19:27:01.916139,0.0025012195,-0.001793213,1.0037842,0.05335927,0.00022912025,0.011602879
2026-07-20T19:27:01.928114,0.001524657,0.0018688964,1.0020752,0.022825003,0.030763507,0.0574044
2026-07-20T19:27:01.940652,0.003477782,0.0011364745,1.0015869,0.068626404,-0.0455724,-0.018931508
2026-07-20T19:27:01.953093,0.001524657,-0.003990479,1.0015869,0.068626404,-0.015038013,-0.018931508
2026-07-20T19:27:01.965792,5.981326e-05,-0.0027697755,0.99768066,-0.099312544,0.015496373,-0.049465835
2026-07-20T19:27:01.978086,0.001524657,0.0038220214,0.9974365,0.05335927,0.061297894,0.026870072
2026-07-20T19:27:01.990617,0.0027453601,0.0016247558,0.99816895,-0.007709503,0.00022912025,0.011602879
2026-07-20T19:27:02.002685,0.0003039539,-0.003013916,0.99938965,0.022825003,0.015496373,-0.018931508
2026-07-20T19:27:02.015117,5.981326e-05,-0.003013916,0.99523926,0.022825003,0.04603064,-0.018931508
2026-07-20T19:27:02.027701,0.0020129383,-0.0010607911,1.0037842,0.083893776,0.030763507,-0.11053455
2026-07-20T19:27:02.040145,0.003477782,-0.0010607911,0.9954834,0.05335927,0.00022912025,0.042137206
2026-07-20T19:27:02.052680,0.0003039539,0.002845459,0.9967041,0.022825003,0.12236655,-0.0036643147
2026-07-20T19:27:02.065096,0.004210204,0.0023571777,1.0032959,0.038092136,0.030763507,0.026870072
2026-07-20T19:27:02.078059,0.0039660633,-0.0032580567,1.0047607,-0.03824377,0.15290093,-0.0036643147
2026-07-20T19:27:02.089760,0.0039660633,-0.0022814942,0.99938965,0.022825003,0.030763507,-0.0036643147
2026-07-20T19:27:02.102071,0.002257079,-0.0010607911,0.9971924,0.038092136,-0.07610667,-0.018931508
2026-07-20T19:27:02.114672,0.0037219226,-0.0025256348,1.0042725,0.05335927,0.04603064,-0.018931508
2026-07-20T19:27:02.127116,0.0044543445,-0.00447876,0.99816895,-0.022976637,0.07656503,-0.03419864
2026-07-20T19:27:02.139681,-0.0028698742,0.0008923339,0.9962158,0.038092136,-0.0455724,-0.06473303
2026-07-20T19:27:02.151693,0.0010363758,-0.001793213,1.0006104,-0.022976637,-0.15244257,-0.08000016
2026-07-20T19:27:02.164166,0.003477782,-0.0020373536,1.0040283,0.11442804,-0.030305147,-0.018931508
2026-07-20T19:27:02.176678,-0.0011608899,-0.0020373536,1.0042725,0.068626404,0.04603064,0.026870072
2026-07-20T19:27:02.189546,0.0032336414,-0.00057250983,0.9996338,-0.03824377,-0.0455724,0.026870072
2026-07-20T19:27:02.201723,0.0049426258,-0.0010607911,1.0059814,0.05335927,0.04603064,-0.06473303
2026-07-20T19:27:02.214143,-0.00091674924,-0.00081665046,0.99890137,0.007557869,-0.0455724,-0.06473303
2026-07-20T19:27:02.226696,0.001524657,-0.00081665046,1.0023193,-0.007709503,0.061297894,-0.018931508
2026-07-20T19:27:02.239083,0.0005480945,0.00040405267,0.9998779,-0.007709503,-0.0455724,-0.049465835
2026-07-20T19:27:02.251686,0.0039660633,0.0008923339,0.9991455,-0.007709503,0.04603064,0.042137206
2026-07-20T19:27:02.264184,-0.0011608899,0.0013806152,0.9979248,0.022825003,-0.07610667,-0.049465835
2026-07-20T19:27:02.276733,-0.0014050305,0.0011364745,0.9996338,0.083893776,0.061297894,-0.0036643147
2026-07-20T19:27:02.288992,0.002257079,0.00015991204,0.9949951,-0.099312544,0.15290093,-0.018931508
2026-07-20T19:27:02.301098,0.004210204,-0.001793213,1.0003662,0.007557869,-0.0455724,0.11847311
2026-07-20T19:27:02.313705,0.0032336414,-0.0003283692,1.001831,0.083893776,-0.030305147,0.011602879
2026-07-20T19:27:02.326157,0.0076281726,0.0013806152,0.9979248,-0.06877804,0.07656503,-0.0036643147
2026-07-20T19:27:02.338705,-0.002381593,0.0026013183,0.99572754,0.068626404,-0.0455724,-0.11053455
2026-07-20T19:27:02.351137,0.0037219226,0.006019287,1.0032959,-0.03824377,0.030763507,-0.03419864
2026-07-20T19:27:02.363723,0.0003039539,-0.0035021973,0.99645996,0.007557869,-0.060839534,-0.0036643147
2026-07-20T19:27:02.375746,0.0025012195,-0.0013049317,1.001831,-0.08404517,0.107099414,-0.03419864
2026-07-20T19:27:02.388155,-0.0011608899,-0.0013049317,0.9962158,0.007557869,0.00022912025,-0.095267355
2026-07-20T19:27:02.400915,0.00079223514,-0.001793213,0.9954834,-0.03824377,0.09183216,0.026870072
2026-07-20T19:27:02.413142,0.0037219226,-0.00081665046,0.9918213,0.05335927,0.00022912025,0.087938726
2026-07-20T19:27:02.425707,0.0010363758,0.00040405267,0.99938965,0.007557869,0.015496373,-0.018931508
2026-07-20T19:27:02.437707,0.0020129383,-0.00081665046,0.9935303,-0.007709503,0.015496373,-0.018931508
2026-07-20T19:27:02.450146,0.0010363758,0.0018688964,0.99816895,-0.007709503,0.030763507,-0.0036643147
2026-07-20T19:27:02.462703,0.002257079,0.0006481933,1.0008545,0.05335927,0.00022912025,0.11847311
2026-07-20T19:27:02.475155,0.00079223514,0.00015991204,0.99401855,-0.022976637,0.04603064,0.07267159
2026-07-20T19:27:02.487711,0.003477782,0.00040405267,1.0047607,-0.053510904,-0.07610667,-0.0036643147
2026-07-20T19:27:02.500571,5.981326e-05,0.0023571777,0.99645996,-0.03824377,-0.106641054,-0.06473303
2026-07-20T19:27:02.512713,-0.00018432736,-0.0020373536,0.9925537,-0.007709503,-0.0455724,-0.03419864
2026-07-20T19:27:02.525162,0.0037219226,-0.0027697755,1.0050049,0.083893776,0.015496373,-0.0036643147
2026-07-20T19:27:02.537160,0.0012805164,-0.0010607911,0.9996338,0.038092136,0.09183216,-0.0036643147
2026-07-20T19:27:02.549760,5.981326e-05,-0.0020373536,0.99645996,-0.007709503,0.00022912025,0.026870072
2026-07-20T19:27:02.562207,-0.000428468,0.0011364745,0.9954834,0.05335927,0.07656503,-0.0036643147
2026-07-20T19:27:02.574712,0.0020129383,-0.0032580567,0.9996338,0.038092136,0.07656503,-0.08000016
2026-07-20T19:27:02.587165,0.0039660633,0.0011364745,1.0040283,0.022825003,0.015496373,0.087938726
2026-07-20T19:27:02.599703,0.00079223514,-0.001793213,1.0040283,0.007557869,0.12236655,-0.018931508
2026-07-20T19:27:02.612499,0.0037219226,0.00040405267,0.9986572,-0.022976637,-0.030305147,0.026870072
2026-07-20T19:27:02.624245,0.0039660633,-0.0032580567,1.0006104,0.05335927,-0.030305147,-0.049465835
2026-07-20T19:27:02.636728,0.0012805164,0.0016247558,0.9998779,0.022825003,0.12236655,0.087938726
2026-07-20T19:27:02.649231,0.004698485,0.0026013183,0.9962158,0.022825003,0.015496373,-0.0036643147
2026-07-20T19:27:02.661704,0.004210204,-0.0027697755,1.0030518,-0.053510904,0.09183216,-0.03419864
2026-07-20T19:27:02.674182,0.0027453601,-0.0010607911,0.9942627,0.038092136,-0.030305147,-0.0036643147
2026-07-20T19:27:02.686760,0.0003039539,-0.0027697755,1.0047607,-0.08404517,0.030763507,-0.0036643147
2026-07-20T19:27:02.698744,0.0012805164,-0.0032580567,0.9991455,0.007557869,0.030763507,0.011602879
2026-07-20T19:27:02.711542,0.0020129383,-0.0020373536,1.0032959,-0.007709503,0.015496373,0.011602879
2026-07-20T19:27:02.723799,0.0012805164,-0.0022814942,1.0023193,0.068626404,0.030763507,0.07267159
2026-07-20T19:27:02.736211,0.005430907,-8.422858e-05,1.0028076,0.05335927,0.00022912025,0.0574044
2026-07-20T19:27:02.748750,0.00079223514,0.00015991204,1.0040283,-0.007709503,0.04603064,0.026870072
2026-07-20T19:27:02.760693,0.0037219226,0.0016247558,1.0032959,0.05335927,0.030763507,0.0574044
2026-07-20T19:27:02.773192,0.004698485,0.0006481933,1.00354,0.022825003,-0.030305147,0.11847311
2026-07-20T19:27:02.785736,5.981326e-05,-0.0003283692,1.0067139,0.007557869,0.061297894,0.11847311
2026-07-20T19:27:02.798174,0.003477782,-0.0010607911,0.99890137,0.038092136,0.04603064,0.042137206
2026-07-20T19:27:02.810757,-0.00018432736,-0.0032580567,1.0079346,-0.053510904,-0.015038013,-0.0036643147
2026-07-20T19:27:02.823733,0.0010363758,0.00015991204,1.00354,-0.022976637,-0.015038013,-0.0036643147
2026-07-20T19:27:02.835706,0.00079223514,0.0011364745,1.0010986,-0.053510904,-0.030305147,0.026870072
2026-07-20T19:27:02.848225,0.004698485,0.002845459,1.00354,0.038092136,0.00022912025,-0.0036643147
2026-07-20T19:27:02.860195,0.0025012195,0.0006481933,0.9979248,0.038092136,0.015496373,-0.095267355
2026-07-20T19:27:02.872721,0.0010363758,-0.003746338,1.001831,0.007557869,0.107099414,-0.0036643147
2026-07-20T19:27:02.885231,0.0027453601,-0.0013049317,1.0040283,-0.03824377,0.030763507,-0.049465835
2026-07-20T19:27:02.897759,0.0027453601,-0.003013916,1.0013428,-0.007709503,0.015496373,-0.03419864
2026-07-20T19:27:02.910216,-0.0011608899,0.0026013183,0.99694824,-0.06877804,0.061297894,-0.0036643147
2026-07-20T19:27:02.922786,0.0027453601,-0.0035021973,1.0023193,-0.022976637,0.09183216,-0.049465835
2026-07-20T19:27:02.935746,0.0017687976,-0.0027697755,1.0030518,0.038092136,0.07656503,-0.0036643147
2026-07-20T19:27:02.947762,0.0027453601,0.004554443,1.0008545,-0.099312544,0.015496373,0.11847311
2026-07-20T19:27:02.959757,0.0010363758,-0.0003283692,0.99768066,-0.03824377,-0.030305147,0.026870072
2026-07-20T19:27:02.972218,-0.002381593,-0.0049670413,0.99645996,0.05335927,0.07656503,-0.0036643147
2026-07-20T19:27:02.984768,0.002257079,0.0023571777,1.005249,0.068626404,0.030763507,-0.08000016
2026-07-20T19:27:02.997298,0.0025012195,-0.0025256348,0.99816895,0.022825003,-0.12190819,-0.018931508
2026-07-20T19:27:03.009775,0.0012805164,0.0018688964,1.0040283,0.007557869,0.00022912025,-0.06473303
2026-07-20T19:27:03.021713,0.0068957508,0.0006481933,0.9991455,0.038092136,-0.07610667,-0.11053455
2026-07-20T19:27:03.034676,0.0044543445,0.0006481933,1.0008545,0.022825003,0.015496373,0.042137206
2026-07-20T19:27:03.046688,0.0025012195,-0.003746338,1.0010986,-0.022976637,0.07656503,-0.018931508
2026-07-20T19:27:03.059218,0.00079223514,-0.0003283692,1.0023193,0.007557869,-0.030305147,-0.08000016
2026-07-20T19:27:03.071886,0.0032336414,-0.0035021973,0.9986572,0.022825003,0.015496373,0.026870072
2026-07-20T19:27:03.084224,0.0027453601,-8.422858e-05,0.9974365,-0.007709503,0.09183216,0.0574044
2026-07-20T19:27:03.096768,0.0039660633,-0.0013049317,0.99523926,0.068626404,0.00022912025,0.10320598
2026-07-20T19:27:03.108784,0.004210204,-0.0003283692,0.99816895,0.022825003,0.00022912025,-0.049465835
2026-07-20T19:27:03.121209,0.004698485,0.0013806152,0.99768066,-0.022976637,-0.0455724,0.011602879
2026-07-20T19:27:03.133773,0.0003039539,0.0011364745,1.0006104,0.038092136,0.00022912025,-0.06473303
2026-07-20T19:27:03.146571,0.0039660633,0.0023571777,0.9991455,0.007557869,0.015496373,-0.0036643147
2026-07-20T19:27:03.158767,0.0012805164,0.00015991204,0.99328613,0.12969518,-0.030305147,-0.049465835
2026-07-20T19:27:03.171216,0.0017687976,-0.0013049317,1.0010986,0.05335927,0.07656503,-0.049465835
2026-07-20T19:27:03.183225,0.0037219226,0.00015991204,0.9942627,0.05335927,0.030763507,0.011602879
2026-07-20T19:27:03.195752,0.0032336414,0.0011364745,1.0008545,0.09916091,0.04603064,-0.018931508
2026-07-20T19:27:03.208235,0.002257079,-0.0010607911,0.9967041,-0.08404517,-0.030305147,-0.0036643147
2026-07-20T19:27:03.220845,0.0020129383,-0.0027697755,0.9998779,0.022825003,-0.060839534,0.026870072
2026-07-20T19:27:03.233222,0.004698485,0.0018688964,1.0006104,-0.022976637,0.07656503,-0.018931508
2026-07-20T19:27:03.246002,0.0032336414,0.002845459,1.0040283,-0.099312544,-0.030305147,0.011602879
2026-07-20T19:27:03.258376,0.0029895008,-0.0025256348,0.99816895,0.068626404,-0.07610667,0.011602879
2026-07-20T19:27:03.270782,-0.00018432736,0.0006481933,0.99938965,0.083893776,0.015496373,-0.049465835
2026-07-20T19:27:03.282771,0.00665161,-0.00081665046,0.99328613,-0.03824377,0.015496373,0.0574044
2026-07-20T19:27:03.295233,0.0056750476,-0.0010607911,1.0006104,-0.053510904,0.015496373,-0.018931508
2026-07-20T19:27:03.307763,0.0027453601,-0.001793213,0.9937744,-0.06877804,0.1376338,-0.03419864
2026-07-20T19:27:03.320230,0.0025012195,-0.0010607911,1.0050049,-0.007709503,0.15290093,-0.06473303
2026-07-20T19:27:03.332848,-0.00091674924,-0.005211182,0.99328613,-0.053510904,-0.106641054,-0.03419864
2026-07-20T19:27:03.345246,-0.00018432736,-0.0015490723,1.006958,0.038092136,0.061297894,-0.049465835
2026-07-20T19:27:03.357956,0.0027453601,-0.00057250983,1.0008545,-0.03824377,-0.030305147,0.026870072
2026-07-20T19:27:03.370287,0.003477782,-0.0015490723,1.0045166,0.022825003,0.030763507,-0.018931508
2026-07-20T19:27:03.382750,0.006163329,-0.003013916,1.0028076,0.083893776,0.015496373,-0.018931508
2026-07-20T19:27:03.394938,-0.00091674924,0.00015991204,0.99768066,0.05335927,0.00022912025,0.07267159
2026-07-20T19:27:03.407259,0.0027453601,-0.0010607911,0.99938965,-0.007709503,-0.030305147,0.011602879
2026-07-20T19:27:03.419803,0.0039660633,-0.0032580567,1.0028076,0.038092136,-0.09137392,-0.03419864
2026-07-20T19:27:03.432262,0.0017687976,-0.00057250983,1.0008545,-0.007709503,0.04603064,-0.018931508
2026-07-20T19:27:03.444807,0.0017687976,-0.0015490723,0.99645996,0.022825003,-0.060839534,0.042137206
2026-07-20T19:27:03.457616,0.0025012195,-0.0022814942,1.0030518,0.007557869,0.00022912025,0.087938726
2026-07-20T19:27:03.469749,0.004210204,0.0008923339,1.0025635,0.022825003,-0.060839534,-0.095267355
2026-07-20T19:27:03.481800,0.0027453601,0.00015991204,1.0023193,0.022825003,0.030763507,-0.0036643147
2026-07-20T19:27:03.494256,0.006163329,-8.422858e-05,1.0013428,0.022825003,-0.0455724,-0.03419864
2026-07-20T19:27:03.506836,0.0017687976,0.0006481933,1.0084229,0.083893776,0.030763507,0.087938726
2026-07-20T19:27:03.519249,0.0059191883,0.0008923339,0.9996338,0.11442804,0.061297894,-0.03419864
2026-07-20T19:27:03.531794,0.0017687976,0.0006481933,1.00354,-0.022976637,0.030763507,-0.018931508
2026-07-20T19:27:03.544310,0.0049426258,-0.0054553226,0.99816895,0.007557869,0.030763507,0.011602879
2026-07-20T19:27:03.556230,0.003477782,-8.422858e-05,0.9920654,0.05335927,0.030763507,-0.06473303
2026-07-20T19:27:03.568813,0.0032336414,-0.0010607911,1.0008545,0.083893776,0.00022912025,-0.049465835
2026-07-20T19:27:03.581344,0.0049426258,-0.003013916,0.99890137,-0.022976637,0.030763507,-0.049465835
2026-07-20T19:27:03.593767,0.0012805164,0.0006481933,0.99890137,-0.022976637,0.1376338,0.011602879
2026-07-20T19:27:03.606250,0.0037219226,-0.003013916,0.9959717,-0.022976637,0.09183216,-0.08000016
2026-07-20T19:27:03.618260,0.001524657,0.0033337402,0.99450684,0.038092136,0.07656503,-0.018931508
2026-07-20T19:27:03.630836,0.0032336414,0.0018688964,0.9991455,0.022825003,0.09183216,0.026870072
2026-07-20T19:27:03.643273,-0.00018432736,-0.003746338,0.99890137,-0.022976637,-0.030305147,0.0574044
2026-07-20T19:27:03.655862,0.0029895008,-0.0013049317,1.0032959,-0.053510904,-0.12190819,-0.03419864
2026-07-20T19:27:03.668272,-0.0014050305,-0.0015490723,0.9954834,0.007557869,-0.030305147,0.07267159
2026-07-20T19:27:03.681197,0.0032336414,-0.0032580567,0.9991455,0.007557869,0.061297894,-0.0036643147
2026-07-20T19:27:03.693273,0.003477782,-0.00081665046,1.0032959,0.022825003,0.015496373,-0.049465835
2026-07-20T19:27:03.705805,0.003477782,-0.0013049317,1.0057373,0.022825003,0.107099414,0.07267159
2026-07-20T19:27:03.717805,0.0003039539,-0.0032580567,1.0050049,-0.053510904,-0.0455724,-0.018931508
2026-07-20T19:27:03.730818,0.0025012195,-0.0013049317,0.994751,-0.06877804,0.030763507,-0.018931508
2026-07-20T19:27:03.742811,0.0027453601,-0.0010607911,1.0045166,0.05335927,0.015496373,-0.12580168
2026-07-20T19:27:03.755287,-0.00018432736,0.002113037,0.9998779,0.09916091,-0.030305147,0.011602879
2026-07-20T19:27:03.767800,0.0003039539,-0.00447876,0.99816895,0.05335927,0.015496373,-0.0036643147
2026-07-20T19:27:03.780764,0.001524657,0.0013806152,1.0001221,0.007557869,-0.015038013,0.026870072
2026-07-20T19:27:03.792857,5.981326e-05,0.0013806152,1.0072021,-0.03824377,0.061297894,0.0574044
2026-07-20T19:27:03.804809,0.0027453601,-0.0020373536,0.9984131,0.068626404,-0.07610667,0.042137206
2026-07-20T19:27:03.817298,0.0037219226,-0.0013049317,0.99572754,-0.06877804,-0.12190819,-0.0036643147
2026-07-20T19:27:03.829828,0.0017687976,-0.0020373536,0.99938965,0.007557869,-0.0455724,-0.095267355
2026-07-20T19:27:03.842378,0.0025012195,-0.0013049317,1.0045166,0.022825003,0.04603064,0.011602879
2026-07-20T19:27:03.854839,0.00079223514,-0.001793213,1.0042725,-0.007709503,-0.106641054,-0.018931508
2026-07-20T19:27:03.867285,0.001524657,-0.0003283692,0.993042,0.083893776,-0.060839534,-0.06473303
2026-07-20T19:27:03.879315,0.0027453601,0.0018688964,0.99768066,0.068626404,0.015496373,0.07267159
2026-07-20T19:27:03.892061,-0.00091674924,0.0008923339,0.9974365,-0.022976637,-0.09137392,-0.018931508
2026-07-20T19:27:03.904334,0.0003039539,0.00015991204,0.9971924,-0.022976637,-0.030305147,-0.018931508
2026-07-20T19:27:03.916801,-0.0028698742,0.0016247558,0.9971924,-0.022976637,0.04603064,0.026870072
2026-07-20T19:27:03.929281,0.004698485,0.002845459,0.9935303,0.022825003,0.015496373,-0.018931508
2026-07-20T19:27:03.941880,0.0056750476,-0.001793213,1.0057373,-0.007709503,0.07656503,0.042137206
2026-07-20T19:27:03.954296,0.004698485,-0.0020373536,1.001831,-0.053510904,0.030763507,-0.08000016
2026-07-20T19:27:03.966313,0.0010363758,0.0011364745,0.99450684,0.007557869,-0.030305147,0.011602879
2026-07-20T19:27:03.978865,0.0025012195,-0.0054553226,1.0057373,0.007557869,-0.0455724,-0.03419864
2026-07-20T19:27:03.991697,0.004698485,0.0006481933,1.0032959,0.022825003,-0.12190819,0.0574044
2026-07-20T19:27:04.003894,-0.00091674924,0.0006481933,1.0013428,0.068626404,-0.030305147,-0.0036643147
2026-07-20T19:27:04.016330,0.0027453601,-0.00057250983,0.9967041,0.022825003,0.00022912025,-0.018931508
2026-07-20T19:27:04.029133,0.0017687976,0.0011364745,1.0023193,-0.03824377,-0.015038013,-0.018931508
2026-07-20T19:27:04.040876,0.0012805164,-0.005211182,1.0037842,-0.022976637,-0.015038013,-0.03419864
2026-07-20T19:27:04.053313,0.0025012195,0.0013806152,0.99450684,0.022825003,-0.015038013,-0.14106888
2026-07-20T19:27:04.065927,0.0012805164,-0.003746338,1.0010986,-0.007709503,0.15290093,0.07267159
2026-07-20T19:27:04.078313,0.0003039539,-8.422858e-05,1.0006104,0.083893776,0.09183216,0.042137206
2026-07-20T19:27:04.090885,0.0029895008,0.0008923339,0.994751,-0.007709503,-0.106641054,-0.0036643147
2026-07-20T19:27:04.103612,-0.0018933117,-0.00057250983,1.0042725,-0.022976637,0.030763507,-0.018931508
2026-07-20T19:27:04.115853,-0.0014050305,-0.00057250983,0.9979248,0.038092136,0.00022912025,0.087938726
2026-07-20T19:27:04.127881,-0.0011608899,0.0018688964,0.9923096,-0.053510904,0.015496373,0.011602879
2026-07-20T19:27:04.140385,0.0017687976,-0.0025256348,1.0084229,0.007557869,0.00022912025,-0.03419864
2026-07-20T19:27:04.152881,0.0032336414,-0.0010607911,1.0001221,-0.03824377,0.030763507,-0.018931508
2026-07-20T19:27:04.165341,0.00079223514,0.0008923339,0.99108887,-0.053510904,0.107099414,-0.0036643147
2026-07-20T19:27:04.177870,0.0051867664,-0.0022814942,1.0020752,-0.007709503,0.015496373,0.026870072
2026-07-20T19:27:04.190308,0.004698485,0.0006481933,1.0037842,-0.007709503,0.09183216,-0.018931508
2026-07-20T19:27:04.203076,-0.0006726086,0.0023571777,0.9991455,-0.06877804,0.00022912025,0.087938726
2026-07-20T19:27:04.215346,0.0044543445,-0.0003283692,1.0015869,0.09916091,0.015496373,-0.0036643147
2026-07-20T19:27:04.227332,0.0005480945,0.0006481933,1.0013428,0.05335927,0.00022912025,0.011602879
2026-07-20T19:27:04.239873,0.0056750476,-0.0015490723,0.9967041,0.022825003,-0.030305147,-0.12580168
2026-07-20T19:27:04.252327,0.0027453601,0.0026013183,0.9954834,0.083893776,-0.030305147,-0.095267355
2026-07-20T19:27:04.264886,0.0005480945,-0.003013916,1.0003662,0.05335927,0.030763507,0.026870072
2026-07-20T19:27:04.277322,0.0037219226,0.00040405267,1.0003662,0.05335927,0.12236655,-0.095267355
2026-07-20T19:27:04.289874,-0.0026257336,-8.422858e-05,1.00354,0.007557869,0.07656503,-0.018931508
2026-07-20T19:27:04.301884,0.0029895008,-0.0010607911,0.9954834,0.038092136,0.030763507,0.10320598
2026-07-20T19:27:04.314353,0.003477782,-0.0035021973,1.0001221,0.068626404,-0.030305147,-0.08000016
2026-07-20T19:27:04.326875,0.0064074695,0.0008923339,0.99938965,0.022825003,0.00022912025,-0.08000016
2026-07-20T19:27:04.339345,0.0056750476,-0.0015490723,0.9984131,-0.022976637,0.030763507,-0.03419864
2026-07-20T19:27:04.351905,0.0025012195,-0.00057250983,1.0032959,-0.022976637,0.09183216,0.042137206
2026-07-20T19:27:04.364357,0.0029895008,-0.0025256348,1.00354,0.007557869,0.015496373,-0.0036643147
2026-07-20T19:27:04.376951,0.0037219226,0.0006481933,1.0001221,-0.099312544,-0.0455724,-0.06473303
2026-07-20T19:27:04.389344,0.0056750476,0.0026013183,0.9991455,-0.022976637,-0.07610667,0.011602879
2026-07-20T19:27:04.401862,0.0039660633,0.0016247558,0.9954834,0.007557869,-0.07610667,0.0574044
2026-07-20T19:27:04.413953,-0.00018432736,0.0038220214,1.0008545,0.007557869,0.12236655,0.026870072
2026-07-20T19:27:04.426796,-0.0016491711,0.0008923339,1.0013428,0.007557869,0.015496373,0.0574044
2026-07-20T19:27:04.438894,0.003477782,0.004066162,1.0015869,-0.022976637,-0.015038013,0.026870072
2026-07-20T19:27:04.451265,0.00079223514,0.0016247558,0.99816895,0.068626404,-0.015038013,0.026870072
2026-07-20T19:27:04.463854,0.0020129383,-0.0003283692,1.0006104,-0.03824377,0.16816807,0.042137206
2026-07-20T19:27:04.476364,0.0037219226,-0.0003283692,1.0023193,0.022825003,-0.060839534,-0.03419864
2026-07-20T19:27:04.488885,0.0032336414,0.0013806152,1.0028076,0.05335927,0.015496373,-0.018931508
2026-07-20T19:27:04.500896,0.0012805164,-0.003746338,1.0008545,0.05335927,0.030763507,-0.049465835
2026-07-20T19:27:04.513533,0.008604735,-0.0010607911,1.0064697,0.12969518,-0.030305147,0.13374025
2026-07-20T19:27:04.526213,0.005430907,-0.003990479,1.0010986,-0.099312544,0.015496373,-0.049465835
2026-07-20T19:27:04.538361,0.0039660633,-0.0013049317,0.9996338,-0.022976637,0.015496373,-0.049465835
2026-07-20T19:27:04.550981,0.005430907,-0.0047229007,1.0054932,-0.007709503,-0.060839534,-0.049465835
2026-07-20T19:27:04.563373,-0.00018432736,-0.00057250983,1.0047607,0.007557869,-0.030305147,0.042137206
2026-07-20T19:27:04.575931,0.00079223514,-0.003013916,0.99890137,0.007557869,0.00022912025,0.0574044
2026-07-20T19:27:04.588372,0.0025012195,0.00040405267,1.0025635,0.11442804,0.00022912025,-0.095267355
2026-07-20T19:27:04.600385,-0.0026257336,-0.003013916,1.0010986,0.12969518,-0.09137392,-0.03419864
2026-07-20T19:27:04.612954,0.0025012195,-0.00057250983,1.0047607,0.038092136,-0.015038013,0.026870072
2026-07-20T19:27:04.625451,0.0044543445,-0.0015490723,1.00354,0.11442804,-0.030305147,0.10320598
2026-07-20T19:27:04.638141,0.00079223514,0.0011364745,1.0030518,-0.007709503,0.107099414,-0.0036643147
2026-07-20T19:27:04.650362,-0.0018933117,-0.0035021973,1.0001221,0.022825003,0.015496373,-0.03419864
2026-07-20T19:27:04.662922,0.0003039539,0.0016247558,1.0045166,-0.022976637,0.061297894,0.042137206
2026-07-20T19:27:04.674912,0.002257079,-0.00057250983,1.0037842,0.007557869,0.015496373,-0.049465835
2026-07-20T19:27:04.687359,0.0020129383,-0.001793213,1.0023193,0.05335927,0.030763507,0.011602879
2026-07-20T19:27:04.699900,-0.0011608899,0.0016247558,1.0028076,0.022825003,-0.015038013,0.011602879
2026-07-20T19:27:04.712376,0.0020129383,-0.0027697755,0.9984131,0.11442804,0.00022912025,-0.06473303
2026-07-20T19:27:04.724900,0.0044543445,-0.0022814942,1.0030518,0.05335927,0.04603064,-0.06473303
2026-07-20T19:27:04.737741,0.001524657,-8.422858e-05,0.9986572,-0.03824377,-0.060839534,-0.018931508
2026-07-20T19:27:04.749951,0.002257079,-0.0013049317,0.9971924,0.038092136,0.00022912025,-0.03419864
2026-07-20T19:27:04.762447,-0.00091674924,-0.0047229007,1.0008545,-0.007709503,0.00022912025,-0.018931508
2026-07-20T19:27:04.774960,0.002257079,-0.0025256348,1.0025635,-0.007709503,0.030763507,-0.018931508
2026-07-20T19:27:04.787380,0.0056750476,-0.00057250983,1.0067139,0.05335927,-0.0455724,-0.03419864
2026-07-20T19:27:04.800019,0.0003039539,-0.0003283692,1.0032959,-0.022976637,0.07656503,-0.0036643147
2026-07-20T19:27:04.812009,0.0039660633,-0.0022814942,1.0006104,-0.03824377,0.04603064,-0.018931508
2026-07-20T19:27:04.824400,0.0027453601,0.0013806152,0.99694824,0.038092136,0.00022912025,0.026870072
2026-07-20T19:27:04.836936,0.003477782,-0.0013049317,0.9991455,0.068626404,0.09183216,0.026870072
2026-07-20T19:27:04.849684,0.0044543445,0.0011364745,0.99401855,0.068626404,0.12236655,0.042137206
2026-07-20T19:27:04.861884,0.004698485,-0.0027697755,1.0020752,-0.007709503,0.061297894,0.042137206
2026-07-20T19:27:04.873986,0.00079223514,-0.00081665046,0.9962158,0.068626404,0.07656503,0.042137206
2026-07-20T19:27:04.886385,0.005430907,0.004066162,0.9984131,-0.022976637,-0.060839534,0.011602879
2026-07-20T19:27:04.898927,0.00079223514,-0.005211182,0.9974365,0.022825003,0.015496373,-0.018931508
2026-07-20T19:27:04.911398,-0.00018432736,0.0038220214,1.006958,-0.022976637,0.030763507,0.087938726
2026-07-20T19:27:04.924017,0.0012805164,-0.0013049317,0.99694824,0.007557869,0.030763507,-0.03419864
2026-07-20T19:27:04.936387,0.001524657,-0.0022814942,0.9959717,0.038092136,0.09183216,0.042137206
2026-07-20T19:27:04.949091,0.005430907,0.0026013183,1.0006104,0.022825003,-0.060839534,-0.018931508
2026-07-20T19:27:04.960959,0.0071398914,-0.0054553226,0.9998779,-0.022976637,-0.030305147,-0.049465835
2026-07-20T19:27:04.973443,0.0037219226,-0.00057250983,0.9937744,-0.007709503,0.061297894,-0.03419864
2026-07-20T19:27:04.985929,0.0017687976,0.0006481933,0.99890137,0.11442804,-0.0455724,0.011602879
2026-07-20T19:27:04.998409,-0.000428468,-0.0015490723,0.99645996,0.007557869,0.061297894,-0.03419864
2026-07-20T19:27:05.010963,0.0020129383,-0.0032580567,1.0010986,-0.06877804,-0.07610667,0.0574044
2026-07-20T19:27:05.023411,0.0020129383,-0.0003283692,0.9979248,0.083893776,-0.015038013,-0.049465835
2026-07-20T19:27:05.036053,-0.0014050305,-0.0003283692,1.0028076,0.083893776,0.061297894,-0.0036643147
2026-07-20T19:27:05.048412,5.981326e-05,-0.0015490723,1.0028076,-0.007709503,0.04603064,0.011602879
2026-07-20T19:27:05.060039,0.0012805164,-0.0015490723,0.9986572,0.022825003,0.07656503,0.026870072
2026-07-20T19:27:05.072946,5.981326e-05,-0.0042346194,1.0020752,0.05335927,-0.106641054,0.011602879
2026-07-20T19:27:05.085390,0.0032336414,-0.0020373536,1.001831,0.038092136,-0.0455724,0.0574044
2026-07-20T19:27:05.097989,0.0005480945,0.0006481933,0.99694824,0.022825003,0.030763507,-0.06473303
2026-07-20T19:27:05.110417,0.0025012195,-0.003746338,1.0010986,-0.022976637,-0.030305147,0.011602879
2026-07-20T19:27:05.122417,0.0020129383,0.00040405267,0.99890137,0.038092136,-0.015038013,0.011602879
2026-07-20T19:27:05.134995,0.0020129383,0.00040405267,1.0042725,0.068626404,-0.015038013,-0.018931508
2026-07-20T19:27:05.147423,0.004210204,-0.0003283692,0.9971924,-0.007709503,0.00022912025,0.011602879
2026-07-20T19:27:05.160046,0.001524657,-0.00081665046,0.99768066,0.038092136,0.015496373,0.026870072
2026-07-20T19:27:05.172976,0.00079223514,-0.0010607911,1.0006104,-0.007709503,0.015496373,0.13374025
2026-07-20T19:27:05.185010,0.0017687976,0.0023571777,0.99890137,0.007557869,0.030763507,-0.06473303
2026-07-20T19:27:05.196940,0.0029895008,-0.0010607911,0.9954834,0.007557869,-0.015038013,0.011602879
2026-07-20T19:27:05.209444,0.0027453601,0.0011364745,0.99816895,0.022825003,0.00022912025,0.011602879
2026-07-20T19:27:05.221958,0.0005480945,0.0016247558,0.9971924,-0.007709503,0.12236655,0.11847311
2026-07-20T19:27:05.234467,0.002257079,-0.00057250983,1.0006104,0.038092136,0.00022912025,-0.06473303
2026-07-20T19:27:05.247003,0.0017687976,-0.0022814942,1.0030518,0.022825003,-0.015038013,-0.03419864
2026-07-20T19:27:05.259036,0.0017687976,-8.422858e-05,0.9984131,0.09916091,-0.015038013,0.011602879
2026-07-20T19:27:05.271861,0.0027453601,0.00040405267,0.9991455,0.12969518,-0.030305147,0.011602879
2026-07-20T19:27:05.283923,0.001524657,-0.0015490723,0.9949951,0.007557869,0.015496373,0.042137206
2026-07-20T19:27:05.296425,0.0039660633,-0.0027697755,0.994751,0.11442804,0.030763507,0.026870072
2026-07-20T19:27:05.308550,0.004210204,-0.003990479,0.9986572,-0.03824377,0.015496373,-0.095267355
2026-07-20T19:27:05.321068,5.981326e-05,-0.0010607911,0.9906006,-0.007709503,0.015496373,-0.049465835
2026-07-20T19:27:05.333456,0.0029895008,0.002113037,1.0006104,0.038092136,0.061297894,-0.049465835
2026-07-20T19:27:05.345973,0.0037219226,-0.0003283692,1.0025635,0.007557869,-0.060839534,0.026870072
2026-07-20T19:27:05.358453,0.002257079,-0.0010607911,0.9971924,0.083893776,-0.015038013,0.011602879
2026-07-20T19:27:05.370998,0.0012805164,-8.422858e-05,0.9971924,-0.08404517,-0.060839534,-0.018931508
2026-07-20T19:27:05.383830,0.0027453601,0.0018688964,0.9954834,-0.03824377,0.061297894,-0.03419864
2026-07-20T19:27:05.395419,0.003477782,0.002113037,1.0001221,0.007557869,0.07656503,0.011602879
2026-07-20T19:27:05.408089,0.0005480945,0.00015991204,1.0062256,-0.053510904,-0.07610667,-0.03419864
2026-07-20T19:27:05.420466,0.0051867664,0.0018688964,1.0045166,-0.03824377,0.030763507,0.087938726
2026-07-20T19:27:05.433016,0.0029895008,0.004554443,0.9974365,0.038092136,0.061297894,-0.0036643147
2026-07-20T19:27:05.445458,0.005430907,-0.00081665046,1.0064697,-0.11457968,-0.0455724,-0.018931508
2026-07-20T19:27:05.457978,0.0010363758,0.0013806152,0.9979248,0.038092136,0.030763507,0.07267159
2026-07-20T19:27:05.470056,0.0037219226,-0.0020373536,1.0003662,0.11442804,0.00022912025,-0.0036643147
2026-07-20T19:27:05.482785,0.0012805164,0.0008923339,1.0003662,0.068626404,0.04603064,0.026870072
2026-07-20T19:27:05.494961,0.0005480945,-0.003746338,0.99694824,0.038092136,-0.030305147,-0.0036643147
2026-07-20T19:27:05.507449,-0.00018432736,0.0023571777,1.0010986,0.007557869,-0.015038013,0.026870072
2026-07-20T19:27:05.520066,0.003477782,0.00015991204,0.99890137,0.16022944,-0.07610667,0.042137206
2026-07-20T19:27:05.532455,0.0020129383,-0.0010607911,1.0028076,-0.053510904,-0.030305147,0.026870072
2026-07-20T19:27:05.544479,0.00079223514,-0.001793213,0.99768066,0.083893776,-0.09137392,-0.095267355
2026-07-20T19:27:05.556936,0.001524657,-0.005211182,1.0013428,0.11442804,0.04603064,-0.0036643147
2026-07-20T19:27:05.569450,0.0044543445,0.0013806152,0.99694824,0.05335927,0.04603064,-0.049465835
2026-07-20T19:27:05.582027,-0.0018933117,-0.005211182,0.9962158,-0.03824377,-0.015038013,-0.06473303
2026-07-20T19:27:05.594751,0.0039660633,-0.0020373536,0.9962158,-0.007709503,-0.07610667,0.10320598
2026-07-20T19:27:05.607002,0.003477782,0.0008923339,1.0013428,-0.007709503,-0.030305147,0.042137206
2026-07-20T19:27:05.619480,0.0032336414,0.00015991204,1.0045166,-0.007709503,0.00022912025,-0.06473303
2026-07-20T19:27:05.631465,0.005430907,0.0026013183,0.9920654,-0.022976637,-0.015038013,-0.095267355
2026-07-20T19:27:05.644069,0.0025012195,-0.0015490723,1.0013428,0.022825003,-0.0455724,0.07267159
2026-07-20T19:27:05.656471,0.0012805164,-0.001793213,0.99694824,-0.03824377,-0.015038013,-0.018931508
2026-07-20T19:27:05.669033,0.0039660633,0.004554443,1.0057373,0.022825003,0.07656503,-0.03419864
2026-07-20T19:27:05.681427,0.0037219226,0.00015991204,1.0025635,-0.007709503,0.04603064,-0.03419864
2026-07-20T19:27:05.694005,-0.0006726086,-0.0013049317,0.9971924,0.007557869,0.00022912025,0.0574044
2026-07-20T19:27:05.706420,0.0032336414,0.0030895995,0.9979248,0.022825003,0.015496373,-0.095267355
2026-07-20T19:27:05.718491,0.003477782,-0.00057250983,1.0042725,-0.007709503,-0.015038013,-0.0036643147
2026-07-20T19:27:05.731072,0.0025012195,-0.0010607911,0.9962158,0.083893776,0.00022912025,-0.06473303
2026-07-20T19:27:05.743460,0.0005480945,-0.001793213,1.0040283,0.022825003,-0.015038013,-0.018931508
2026-07-20T19:27:05.756100,0.0056750476,0.0023571777,1.0001221,-0.007709503,0.07656503,-0.049465835
2026-07-20T19:27:05.768472,0.0032336414,-0.0013049317,1.001831,0.022825003,0.015496373,-0.12580168
2026-07-20T19:27:05.781075,0.0027453601,-0.0010607911,1.0003662,-0.007709503,-0.015038013,-0.018931508
2026-07-20T19:27:05.793035,0.0010363758,-0.003990479,0.9991455,-0.12984681,0.04603064,0.087938726
2026-07-20T19:27:05.806477,-0.00018432736,0.0011364745,0.99816895,0.022825003,-0.015038013,-0.018931508
2026-07-20T19:27:05.818100,0.0012805164,-0.00057250983,1.0023193,0.038092136,0.015496373,0.026870072
2026-07-20T19:27:05.830495,0.00079223514,-0.0049670413,0.9962158,0.068626404,0.030763507,-0.018931508
2026-07-20T19:27:05.843073,0.004210204,0.0038220214,0.99572754,0.068626404,0.00022912025,0.011602879
2026-07-20T19:27:05.855494,0.0012805164,0.0033337402,0.9962158,0.09916091,0.030763507,0.026870072
2026-07-20T19:27:05.868160,5.981326e-05,-0.0015490723,1.001831,-0.08404517,0.030763507,0.087938726
2026-07-20T19:27:05.880539,-0.0006726086,-0.0015490723,1.001831,-0.007709503,-0.030305147,-0.018931508
2026-07-20T19:27:05.892541,0.004210204,-0.0013049317,1.00354,-0.007709503,0.015496373,-0.14106888
2026-07-20T19:27:05.905030,0.002257079,-0.00081665046,0.9991455,0.022825003,0.04603064,-0.03419864
2026-07-20T19:27:05.917929,0.004698485,-0.0049670413,1.0054932,0.068626404,0.07656503,0.042137206
2026-07-20T19:27:05.930068,0.001524657,-8.422858e-05,1.0047607,-0.03824377,0.09183216,0.07267159
2026-07-20T19:27:05.942494,-0.0006726086,-0.001793213,0.99768066,0.038092136,-0.015038013,-0.049465835
2026-07-20T19:27:05.954476,0.0037219226,0.0011364745,1.001831,0.007557869,-0.0455724,0.011602879
2026-07-20T19:27:05.967074,0.004698485,-0.0013049317,0.9979248,-0.022976637,-0.030305147,0.0574044
2026-07-20T19:27:05.979520,0.0010363758,0.0016247558,0.9998779,-0.053510904,0.030763507,-0.03419864
2026-07-20T19:27:05.992138,0.0049426258,-0.0013049317,1.0045166,-0.053510904,0.04603064,-0.0036643147
2026-07-20T19:27:06.004456,0.003477782,0.0008923339,0.99938965,0.083893776,0.07656503,0.011602879
2026-07-20T19:27:06.017319,0.0012805164,-0.003746338,1.0059814,0.05335927,0.030763507,-0.095267355
2026-07-20T19:27:06.029172,5.981326e-05,-0.0020373536,0.9967041,0.007557869,0.015496373,-0.06473303
2026-07-20T19:27:06.041500,0.0012805164,0.0026013183,1.0003662,0.022825003,-0.106641054,-0.08000016
2026-07-20T19:27:06.054078,-0.0016491711,0.002113037,0.99890137,-0.053510904,-0.030305147,-0.0036643147
2026-07-20T19:27:06.066607,0.003477782,-0.0022814942,0.9998779,0.038092136,-0.060839534,0.0574044
2026-07-20T19:27:06.079078,0.002257079,-0.0022814942,0.9984131,0.022825003,0.061297894,-0.0036643147
2026-07-20T19:27:06.091514,0.001524657,0.0008923339,1.0030518,-0.022976637,-0.060839534,-0.018931508
2026-07-20T19:27:06.104295,0.0049426258,0.002845459,0.9949951,-0.08404517,0.00022912025,-0.049465835
2026-07-20T19:27:06.116520,-0.0006726086,-0.0035021973,1.0028076,0.038092136,-0.12190819,-0.03419864
2026-07-20T19:27:06.129269,0.0037219226,-0.0003283692,0.9991455,0.007557869,-0.015038013,0.026870072
2026-07-20T19:27:06.141509,0.0037219226,-8.422858e-05,1.0025635,0.05335927,0.030763507,-0.03419864
2026-07-20T19:27:06.153500,0.004210204,0.0008923339,1.0042725,0.022825003,-0.030305147,0.0574044
2026-07-20T19:27:06.166102,0.0027453601,-0.00057250983,0.9996338,0.05335927,0.04603064,-0.018931508
2026-07-20T19:27:06.178534,0.00079223514,-0.0010607911,0.9984131,-0.06877804,0.00022912025,-0.08000016
2026-07-20T19:27:06.191129,0.0012805164,-0.0013049317,0.9971924,-0.007709503,-0.106641054,0.042137206
2026-07-20T19:27:06.203530,-0.000428468,-0.0025256348,1.0013428,-0.03824377,-0.030305147,0.042137206
2026-07-20T19:27:06.216105,0.0017687976,0.00015991204,0.9984131,0.05335927,0.12236655,0.042137206
2026-07-20T19:27:06.228263,5.981326e-05,-0.0013049317,0.991333,0.007557869,0.04603064,0.011602879
2026-07-20T19:27:06.240538,0.0010363758,0.0016247558,0.99938965,0.068626404,-0.030305147,-0.0036643147
2026-07-20T19:27:06.253083,0.0017687976,-0.0013049317,1.0032959,0.038092136,-0.0455724,0.0574044
2026-07-20T19:27:06.265555,0.0020129383,-0.0032580567,1.0032959,0.05335927,0.09183216,0.11847311
2026-07-20T19:27:06.278074,0.0020129383,0.0006481933,1.00354,-0.06877804,-0.015038013,-0.12580168
2026-07-20T19:27:06.290723,0.0059191883,-0.00081665046,1.00354,0.022825003,-0.015038013,-0.049465835
2026-07-20T19:27:06.303124,0.0032336414,-0.0003283692,1.0003662,-0.007709503,0.00022912025,0.087938726
2026-07-20T19:27:06.315124,0.0049426258,-0.0025256348,1.0020752,0.022825003,0.030763507,0.026870072
2026-07-20T19:27:06.327521,0.0003039539,-0.003746338,1.0054932,0.022825003,0.12236655,-0.049465835
2026-07-20T19:27:06.340168,0.0032336414,0.0008923339,1.0081787,0.007557869,0.07656503,-0.06473303
2026-07-20T19:27:06.352530,0.001524657,-0.00057250983,1.0028076,0.007557869,-0.0455724,0.026870072
2026-07-20T19:27:06.365104,0.0020129383,-0.0027697755,0.9935303,0.05335927,0.09183216,0.026870072
2026-07-20T19:27:06.377544,0.0039660633,-0.0054553226,1.0023193,0.038092136,-0.030305147,-0.018931508
2026-07-20T19:27:06.389563,0.0025012195,0.0023571777,0.99694824,-0.022976637,0.04603064,-0.12580168
2026-07-20T19:27:06.402142,0.0029895008,0.0030895995,1.0006104,-0.03824377,0.07656503,-0.018931508
2026-07-20T19:27:06.414550,0.0003039539,-0.0035021973,0.9954834,-0.03824377,-0.015038013,-0.08000016
2026-07-20T19:27:06.427137,0.0029895008,-0.001793213,0.9962158,-0.007709503,0.107099414,-0.03419864
2026-07-20T19:27:06.439525,0.0056750476,0.0018688964,1.0059814,0.022825003,-0.015038013,0.0574044
2026-07-20T19:27:06.452351,0.0027453601,-8.422858e-05,1.0001221,-0.03824377,0.015496373,0.11847311
2026-07-20T19:27:06.464180,-0.000428468,-0.0015490723,1.0001221,0.007557869,0.061297894,-0.03419864
2026-07-20T19:27:06.476541,0.004210204,0.0018688964,1.0006104,-0.053510904,0.07656503,0.026870072
2026-07-20T19:27:06.489184,0.0068957508,0.0016247558,1.0023193,-0.007709503,-0.0455724,-0.049465835
2026-07-20T19:27:06.501551,0.0025012195,0.00040405267,0.9996338,-0.053510904,-0.0455724,0.011602879
2026-07-20T19:27:06.514158,0.0032336414,-0.0010607911,0.9984131,0.007557869,0.04603064,0.011602879
2026-07-20T19:27:06.526160,0.0049426258,-0.0020373536,1.0040283,0.007557869,-0.015038013,0.042137206
2026-07-20T19:27:06.538569,-0.0031140149,-8.422858e-05,0.9991455,0.022825003,0.00022912025,0.026870072
2026-07-20T19:27:06.551456,0.0029895008,0.0033337402,1.0025635,0.11442804,-0.015038013,-0.049465835
2026-07-20T19:27:06.563558,0.0049426258,0.00015991204,1.0020752,-0.022976637,-0.09137392,-0.03419864
2026-07-20T19:27:06.576216,5.981326e-05,-0.0010607911,1.0042725,0.022825003,0.061297894,0.042137206
2026-07-20T19:27:06.588533,0.0025012195,0.0033337402,1.0042725,0.068626404,0.00022912025,0.042137206
2026-07-20T19:27:06.601168,0.0027453601,0.0011364745,0.99572754,0.083893776,0.07656503,-0.049465835
2026-07-20T19:27:06.613562,0.0012805164,-0.003013916,0.99816895,0.007557869,0.030763507,0.026870072
2026-07-20T19:27:06.625550,0.0020129383,0.0011364745,1.0015869,0.05335927,0.04603064,-0.018931508
2026-07-20T19:27:06.638133,0.002257079,-0.0025256348,1.0064697,0.022825003,0.015496373,0.11847311
2026-07-20T19:27:06.650544,0.0020129383,0.0006481933,0.9974365,0.05335927,0.04603064,-0.049465835
2026-07-20T19:27:06.663238,5.981326e-05,0.00015991204,0.9979248,0.007557869,0.061297894,0.042137206
2026-07-20T19:27:06.675151,0.0032336414,0.0011364745,0.9954834,0.022825003,0.04603064,0.026870072
2026-07-20T19:27:06.687556,0.0005480945,0.0006481933,0.9962158,-0.007709503,0.015496373,-0.018931508
2026-07-20T19:27:06.700238,0.0020129383,0.002845459,1.0001221,-0.007709503,-0.015038013,-0.0036643147
2026-07-20T19:27:06.712575,0.0020129383,-0.0032580567,0.99645996,-0.053510904,-0.0455724,-0.018931508
2026-07-20T19:27:06.725183,0.0029895008,-0.0020373536,0.9979248,0.083893776,0.04603064,-0.0036643147
2026-07-20T19:27:06.737582,-0.00018432736,0.0026013183,1.0013428,0.05335927,0.00022912025,-0.03419864
2026-07-20T19:27:06.749534,0.002257079,-0.0010607911,0.99645996,0.022825003,-0.030305147,0.042137206
2026-07-20T19:27:06.762336,0.0032336414,-8.422858e-05,0.99938965,-0.03824377,-0.07610667,0.026870072
2026-07-20T19:27:06.774558,0.0020129383,-0.0042346194,0.9935303,0.038092136,0.04603064,-0.06473303
2026-07-20T19:27:06.787145,0.003477782,0.0006481933,1.001831,0.038092136,-0.0455724,-0.08000016
2026-07-20T19:27:06.799584,-0.0016491711,0.0018688964,1.0001221,-0.053510904,0.030763507,-0.018931508
2026-07-20T19:27:06.812264,0.0005480945,0.00040405267,0.99938965,-0.007709503,-0.015038013,-0.049465835
2026-07-20T19:27:06.824286,0.003477782,0.0043103024,1.005249,-0.007709503,0.07656503,-0.018931508
2026-07-20T19:27:06.836574,0.002257079,-0.0015490723,0.99938965,0.007557869,0.015496373,-0.03419864
2026-07-20T19:27:06.849199,0.0039660633,-0.0025256348,0.9979248,0.007557869,-0.030305147,-0.018931508
2026-07-20T19:27:06.861532,0.003477782,-0.0013049317,0.9967041,0.038092136,0.015496373,-0.018931508
2026-07-20T19:27:06.873561,0.0044543445,-0.0025256348,1.0064697,-0.03824377,-0.030305147,-0.018931508
2026-07-20T19:27:06.886575,0.0029895008,-0.0027697755,1.0013428,0.09916091,-0.015038013,-0.03419864
2026-07-20T19:27:06.899206,0.0037219226,-0.0022814942,0.9954834,0.007557869,-0.015038013,-0.06473303
2026-07-20T19:27:06.911568,0.0003039539,0.002845459,1.0020752,-0.007709503,0.04603064,0.026870072
2026-07-20T19:27:06.924296,0.0012805164,-0.001793213,1.0010986,0.022825003,0.00022912025,-0.049465835
2026-07-20T19:27:06.936242,0.0025012195,0.0013806152,0.99890137,0.022825003,-0.0455724,-0.049465835
2026-07-20T19:27:06.948549,-0.000428468,0.0030895995,1.001831,-0.053510904,0.030763507,-0.049465835
2026-07-20T19:27:06.961158,0.0032336414,0.0016247558,1.005249,0.022825003,-0.015038013,0.0574044
2026-07-20T19:27:06.973561,0.0003039539,-0.0015490723,0.9996338,-0.053510904,-0.015038013,0.011602879
2026-07-20T19:27:06.986491,-0.0006726086,0.0008923339,1.0064697,-0.007709503,0.061297894,-0.08000016
2026-07-20T19:27:06.998596,0.0005480945,-0.0013049317,0.9979248,0.022825003,0.015496373,-0.03419864
2026-07-20T19:27:07.011235,-0.0018933117,-8.422858e-05,0.99523926,-0.03824377,0.00022912025,-0.018931508
2026-07-20T19:27:07.023209,0.0010363758,-0.0003283692,1.0001221,0.05335927,-0.030305147,0.07267159
2026-07-20T19:27:07.035595,0.00079223514,0.00040405267,1.0020752,0.083893776,0.09183216,0.011602879
2026-07-20T19:27:07.048221,0.0029895008,-0.0013049317,0.99938965,0.007557869,-0.07610667,0.1490075
2026-07-20T19:27:07.060539,0.0029895008,0.002113037,1.0001221,0.05335927,0.015496373,-0.018931508
2026-07-20T19:27:07.073227,-0.000428468,-0.0020373536,0.9996338,0.068626404,-0.12190819,0.026870072
2026-07-20T19:27:07.086028,0.0027453601,-0.00081665046,1.0010986,0.12969518,-0.060839534,0.0574044
2026-07-20T19:27:07.098207,0.0017687976,-0.00057250983,1.0050049,0.068626404,0.07656503,-0.08000016
2026-07-20T19:27:07.110240,5.981326e-05,-0.0010607911,0.99523926,0.068626404,-0.106641054,-0.049465835
2026-07-20T19:27:07.122588,0.0017687976,-0.0027697755,1.0010986,0.038092136,-0.09137392,0.011602879
2026-07-20T19:27:07.135333,0.0027453601,-0.0027697755,1.0003662,0.007557869,-0.060839534,-0.0036643147
2026-07-20T19:27:07.147600,0.004210204,-0.00081665046,0.9986572,-0.03824377,-0.09137392,-0.018931508
2026-07-20T19:27:07.160242,-0.00018432736,-0.001793213,0.9954834,-0.007709503,-0.015038013,0.026870072
2026-07-20T19:27:07.172642,0.00079223514,0.0013806152,0.9967041,0.038092136,0.04603064,-0.03419864
2026-07-20T19:27:07.185239,0.0039660633,-0.00081665046,0.9996338,0.05335927,0.015496373,-0.0036643147
2026-07-20T19:27:07.198031,-0.0018933117,-0.0020373536,0.9959717,-0.022976637,0.030763507,0.07267159
2026-07-20T19:27:07.209624,0.0064074695,0.00040405267,1.0062256,-0.06877804,0.015496373,0.16427463
2026-07-20T19:27:07.222232,0.0005480945,0.0033337402,0.9991455,-0.022976637,0.107099414,-0.11053455
2026-07-20T19:27:07.234592,0.006163329,-0.005211182,1.0032959,0.09916091,0.09183216,-0.018931508
2026-07-20T19:27:07.247210,0.0017687976,0.0011364745,0.9998779,-0.007709503,0.030763507,0.026870072
2026-07-20T19:27:07.259305,0.0012805164,-0.0010607911,0.9984131,-0.12984681,0.061297894,0.13374025
2026-07-20T19:27:07.271556,0.0027453601,-0.0015490723,0.99645996,-0.03824377,0.04603064,-0.11053455
2026-07-20T19:27:07.284228,0.0029895008,0.0011364745,1.0050049,0.068626404,0.030763507,-0.049465835
2026-07-20T19:27:07.296980,0.0039660633,-0.0015490723,1.0042725,0.022825003,-0.030305147,0.011602879
2026-07-20T19:27:07.309188,0.002257079,-0.0047229007,0.99572754,0.022825003,0.12236655,-0.018931508
2026-07-20T19:27:07.321182,0.0039660633,0.0008923339,0.9954834,0.038092136,0.07656503,0.07267159
2026-07-20T19:27:07.333613,0.0020129383,0.00015991204,1.0023193,-0.06877804,-0.015038013,0.026870072
2026-07-20T19:27:07.346208,0.0049426258,-0.0013049317,0.99890137,0.05335927,0.015496373,-0.0036643147
2026-07-20T19:27:07.358615,0.0020129383,-0.0013049317,0.9967041,-0.03824377,-0.015038013,0.0574044
2026-07-20T19:27:07.371268,0.00079223514,0.0006481933,1.0001221,0.038092136,-0.106641054,-0.06473303
2026-07-20T19:27:07.383668,-0.00091674924,-0.0015490723,0.99523926,0.038092136,0.00022912025,-0.06473303
2026-07-20T19:27:07.396236,5.981326e-05,-0.00057250983,1.0013428,-0.022976637,0.030763507,-0.049465835
2026-07-20T19:27:07.408961,0.0020129383,-0.00057250983,1.001831,-0.08404517,-0.060839534,0.087938726
2026-07-20T19:27:07.421259,0.0051867664,-0.0003283692,1.0059814,-0.007709503,-0.12190819,0.011602879
2026-07-20T19:27:07.433244,0.0017687976,0.0016247558,0.9962158,0.038092136,0.04603064,-0.03419864
2026-07-20T19:27:07.445621,0.0032336414,-0.0015490723,0.9986572,0.038092136,0.04603064,0.011602879
2026-07-20T19:27:07.458271,0.0056750476,-0.0032580567,0.9991455,0.09916091,-0.030305147,-0.0036643147
2026-07-20T19:27:07.470593,0.0005480945,-0.0020373536,0.99694824,-0.007709503,0.04603064,-0.049465835
2026-07-20T19:27:07.483234,0.00079223514,-0.00057250983,0.9949951,0.038092136,0.12236655,0.13374025
2026-07-20T19:27:07.495239,0.001524657,-0.0020373536,1.0006104,0.007557869,-0.015038013,-0.018931508
2026-07-20T19:27:07.507992,0.0005480945,0.0013806152,1.0025635,0.007557869,0.030763507,0.026870072
2026-07-20T19:27:07.520221,0.0039660633,-0.0025256348,1.0032959,0.038092136,0.061297894,0.0574044
2026-07-20T19:27:07.532634,5.981326e-05,0.00040405267,0.9991455,0.007557869,-0.09137392,0.042137206
2026-07-20T19:27:07.545268,-0.00018432736,-0.0013049317,1.0003662,-0.007709503,-0.015038013,0.011602879
2026-07-20T19:27:07.557645,0.003477782,0.00015991204,0.991333,-0.06877804,-0.060839534,0.011602879
2026-07-20T19:27:07.570243,0.0012805164,-0.003013916,1.0032959,-0.03824377,0.1376338,0.0574044
2026-07-20T19:27:07.582252,0.00079223514,-8.422858e-05,0.9954834,-0.007709503,0.030763507,0.011602879
2026-07-20T19:27:07.594644,0.004210204,-0.0022814942,0.9979248,-0.007709503,0.04603064,-0.018931508
2026-07-20T19:27:07.607238,0.0029895008,-0.00057250983,1.0006104,-0.08404517,0.015496373,0.042137206
2026-07-20T19:27:07.619637,0.004210204,-0.001793213,1.0032959,-0.14511395,0.09183216,0.07267159
2026-07-20T19:27:07.632284,0.0044543445,-8.422858e-05,0.9996338,0.038092136,-0.030305147,-0.018931508
2026-07-20T19:27:07.644649,0.0029895008,-0.006431885,0.99816895,0.022825003,-0.015038013,-0.06473303
2026-07-20T19:27:07.657250,0.005430907,-0.0003283692,0.9986572,0.022825003,0.030763507,-0.08000016
2026-07-20T19:27:07.669646,0.001524657,-0.0015490723,1.0028076,-0.053510904,0.015496373,-0.0036643147
2026-07-20T19:27:07.682321,0.007384032,-0.0022814942,0.9967041,0.022825003,0.015496373,-0.018931508
2026-07-20T19:27:07.694653,0.0017687976,-0.00057250983,1.0008545,-0.099312544,0.015496373,-0.12580168
2026-07-20T19:27:07.706648,0.00079223514,-0.0013049317,1.0023193,0.038092136,0.107099414,-0.03419864
2026-07-20T19:27:07.719280,0.003477782,-0.0022814942,1.0113525,0.068626404,0.04603064,-0.018931508
2026-07-20T19:27:07.732193,0.0039660633,-0.0010607911,0.9967041,0.05335927,-0.015038013,0.011602879
2026-07-20T19:27:07.744484,0.003477782,-0.0022814942,1.0020752,0.022825003,0.030763507,-0.03419864
2026-07-20T19:27:07.756667,0.0012805164,-0.0010607911,0.99768066,0.083893776,-0.060839534,-0.049465835
2026-07-20T19:27:07.769288,0.002257079,-0.003746338,0.9974365,0.007557869,0.015496373,-0.0036643147
2026-07-20T19:27:07.781285,0.0029895008,0.00015991204,0.99816895,-0.007709503,0.030763507,-0.0036643147
2026-07-20T19:27:07.793753,0.0020129383,-0.0027697755,0.9996338,-0.007709503,0.061297894,0.026870072
2026-07-20T19:27:07.806292,0.0025012195,0.0006481933,0.99572754,0.007557869,-0.030305147,-0.11053455
2026-07-20T19:27:07.818635,0.005430907,0.002113037,0.9979248,-0.06877804,-0.07610667,0.026870072
2026-07-20T19:27:07.831598,0.0010363758,-0.0020373536,1.0023193,-0.007709503,-0.07610667,-0.049465835
2026-07-20T19:27:07.843656,-0.00018432736,0.0006481933,1.0032959,-0.007709503,-0.060839534,0.011602879
2026-07-20T19:27:07.856459,0.00079223514,0.0006481933,1.0008545,0.038092136,-0.07610667,0.026870072
2026-07-20T19:27:07.868655,0.0010363758,0.0023571777,0.99523926,0.05335927,0.061297894,-0.11053455
2026-07-20T19:27:07.880635,0.0027453601,-8.422858e-05,1.0030518,-0.022976637,0.015496373,-0.08000016
2026-07-20T19:27:07.893299,0.005430907,-0.003746338,0.99768066,-0.08404517,0.107099414,0.0574044
2026-07-20T19:27:07.905621,0.007384032,0.0006481933,0.9984131,0.007557869,0.061297894,0.011602879
2026-07-20T19:27:07.918271,0.0044543445,0.0030895995,0.99523926,0.05335927,0.015496373,-0.0036643147
2026-07-20T19:27:07.930291,0.0027453601,0.00040405267,0.99816895,0.12969518,0.04603064,-0.06473303
2026-07-20T19:27:07.943054,0.0037219226,-0.0015490723,1.0010986,-0.03824377,-0.0455724,0.026870072
2026-07-20T19:27:07.955268,0.0003039539,0.00040405267,0.99572754,-0.022976637,0.107099414,-0.03419864
2026-07-20T19:27:07.967734,0.004698485,-0.001793213,1.0003662,0.022825003,0.061297894,0.042137206
2026-07-20T19:27:07.980321,-0.0016491711,-0.0015490723,1.0030518,0.022825003,-0.030305147,-0.018931508
2026-07-20T19:27:07.992682,-0.0006726086,0.00040405267,1.0023193,-0.03824377,-0.015038013,-0.0036643147
2026-07-20T19:27:08.005351,0.0017687976,0.0008923339,1.0023193,0.022825003,0.015496373,-0.06473303
2026-07-20T19:27:08.017660,0.0051867664,0.0006481933,0.9971924,0.068626404,-0.07610667,0.011602879
2026-07-20T19:27:08.030310,0.0027453601,-0.0010607911,1.0054932,-0.03824377,-0.060839534,-0.0036643147
2026-07-20T19:27:08.042651,0.0020129383,0.00015991204,1.006958,-0.007709503,0.00022912025,-0.0036643147
2026-07-20T19:27:08.055349,0.0003039539,-8.422858e-05,1.0050049,-0.06877804,0.030763507,-0.03419864
2026-07-20T19:27:08.067307,0.0017687976,0.0006481933,1.0037842,0.022825003,-0.13717544,0.13374025
2026-07-20T19:27:08.079660,0.0012805164,0.0023571777,1.0013428,0.083893776,0.15290093,0.0574044
2026-07-20T19:27:08.092376,5.981326e-05,-0.0015490723,0.9986572,-0.007709503,0.015496373,-0.049465835
2026-07-20T19:27:08.104691,0.0029895008,-0.00081665046,1.0028076,0.068626404,-0.015038013,-0.049465835
2026-07-20T19:27:08.117292,0.0032336414,-0.001793213,1.0030518,-0.08404517,0.030763507,0.026870072
2026-07-20T19:27:08.129310,0.0010363758,0.0006481933,1.0072021,0.038092136,0.04603064,-0.06473303
2026-07-20T19:27:08.141654,0.0029895008,0.0006481933,0.99938965,0.022825003,-0.015038013,0.026870072
2026-07-20T19:27:08.154453,0.0010363758,-0.0003283692,0.9949951,-0.007709503,0.00022912025,0.026870072
2026-07-20T19:27:08.166661,0.0005480945,0.0016247558,0.9984131,0.022825003,0.015496373,-0.03419864
2026-07-20T19:27:08.179322,0.0059191883,0.00015991204,0.9962158,0.05335927,-0.12190819,0.011602879
2026-07-20T19:27:08.191327,0.0044543445,-0.0042346194,0.9996338,0.022825003,-0.07610667,0.011602879
2026-07-20T19:27:08.203656,0.0032336414,-0.0010607911,0.9984131,-0.022976637,0.030763507,-0.06473303
2026-07-20T19:27:08.216326,0.0017687976,0.00015991204,0.9979248,0.068626404,0.04603064,-0.03419864
2026-07-20T19:27:08.228762,-0.0016491711,-0.00057250983,1.0023193,-0.053510904,0.04603064,-0.08000016
2026-07-20T19:27:08.241358,0.004698485,0.0026013183,1.0133057,0.022825003,0.030763507,-0.049465835
2026-07-20T19:27:08.253791,-0.000428468,0.0033337402,0.9996338,0.038092136,-0.0455724,-0.03419864
2026-07-20T19:27:08.266273,0.003477782,-0.0003283692,0.9998779,0.007557869,0.07656503,0.07267159
2026-07-20T19:27:08.278346,0.0025012195,0.00015991204,0.9959717,0.068626404,-0.0455724,0.042137206
2026-07-20T19:27:08.290675,0.0032336414,-0.003990479,0.9959717,0.11442804,0.061297894,0.011602879
2026-07-20T19:27:08.303352,0.0029895008,-0.0025256348,1.006958,0.022825003,-0.030305147,0.07267159
2026-07-20T19:27:08.315695,0.0020129383,-0.0027697755,1.0008545,-0.03824377,0.00022912025,0.026870072
2026-07-20T19:27:08.328325,0.0020129383,0.0008923339,0.9962158,-0.007709503,-0.07610667,0.011602879
2026-07-20T19:27:08.340314,0.0027453601,0.0018688964,0.99694824,0.038092136,0.07656503,-0.06473303
2026-07-20T19:27:08.352699,0.0025012195,0.0006481933,0.9998779,0.007557869,0.15290093,-0.03419864
2026-07-20T19:27:08.365635,0.0003039539,-0.00057250983,1.0050049,0.11442804,-0.07610667,-0.03419864
2026-07-20T19:27:08.377709,0.0027453601,-0.001793213,0.9984131,-0.007709503,0.030763507,-0.0036643147
2026-07-20T19:27:08.390384,0.0025012195,0.00015991204,0.9991455,0.022825003,0.04603064,0.026870072
2026-07-20T19:27:08.402689,0.0056750476,0.0013806152,0.99890137,-0.007709503,0.1376338,0.026870072
2026-07-20T19:27:08.414735,0.001524657,-0.0032580567,0.99694824,0.022825003,0.04603064,-0.0036643147
2026-07-20T19:27:08.427361,0.0032336414,0.0030895995,0.99328613,-0.11457968,-0.030305147,0.042137206
2026-07-20T19:27:08.439699,0.0027453601,0.0011364745,0.99450684,-0.03824377,0.09183216,-0.0036643147
2026-07-20T19:27:08.452328,0.004210204,0.00040405267,1.0023193,-0.007709503,-0.060839534,-0.018931508
2026-07-20T19:27:08.464666,0.0037219226,0.0006481933,1.0013428,-0.022976637,-0.0455724,0.0574044
2026-07-20T19:27:08.477528,0.00079223514,-0.0013049317,1.0067139,-0.099312544,0.04603064,-0.018931508
2026-07-20T19:27:08.489746,0.0010363758,-0.0022814942,1.0047607,0.007557869,-0.060839534,0.10320598
2026-07-20T19:27:08.502379,0.0017687976,-0.0022814942,1.0032959,-0.022976637,0.00022912025,-0.018931508
2026-07-20T19:27:08.514339,0.0029895008,-0.00081665046,0.99645996,-0.022976637,0.16816807,-0.0036643147
2026-07-20T19:27:08.526731,0.001524657,0.0018688964,1.0010986,0.022825003,0.061297894,-0.08000016
2026-07-20T19:27:08.539354,0.003477782,0.00040405267,0.9991455,0.022825003,0.061297894,-0.018931508
2026-07-20T19:27:08.551754,-0.000428468,-8.422858e-05,0.9996338,-0.022976637,-0.0455724,-0.095267355
2026-07-20T19:27:08.564371,0.0010363758,-0.0032580567,1.0025635,0.083893776,-0.015038013,0.026870072
2026-07-20T19:27:08.577176,-0.0014050305,-0.0025256348,0.99816895,0.09916091,0.030763507,-0.095267355
2026-07-20T19:27:08.589302,0.0025012195,-0.0013049317,1.0010986,-0.06877804,0.030763507,0.07267159
2026-07-20T19:27:08.601722,0.0029895008,0.0013806152,1.0010986,-0.03824377,0.16816807,0.07267159
2026-07-20T19:27:08.614363,0.0005480945,-0.0015490723,0.9979248,-0.007709503,0.030763507,0.087938726
2026-07-20T19:27:08.626371,0.0051867664,-8.422858e-05,1.0045166,0.007557869,0.015496373,0.042137206
2026-07-20T19:27:08.638836,0.001524657,-0.003990479,1.0003662,-0.022976637,0.12236655,-0.018931508
2026-07-20T19:27:08.651356,0.0032336414,0.002113037,0.9991455,0.068626404,0.061297894,-0.11053455
2026-07-20T19:27:08.663734,-0.0028698742,-0.00057250983,1.0057373,0.083893776,0.061297894,-0.06473303
2026-07-20T19:27:08.676385,0.0025012195,-8.422858e-05,0.9979248,0.007557869,0.061297894,-0.0036643147
2026-07-20T19:27:08.689082,0.0017687976,-0.0022814942,1.0028076,-0.053510904,0.04603064,0.0574044
2026-07-20T19:27:08.701392,0.003477782,-0.0035021973,1.0028076,-0.06877804,-0.015038013,-0.03419864
2026-07-20T19:27:08.713391,0.0051867664,-0.0015490723,0.99816895,-0.08404517,0.015496373,-0.095267355
2026-07-20T19:27:08.726386,0.0010363758,-0.0013049317,1.0013428,-0.007709503,-0.015038013,-0.03419864
2026-07-20T19:27:08.738396,0.0051867664,-0.00081665046,0.9986572,0.038092136,0.061297894,-0.0036643147
2026-07-20T19:27:08.750693,0.0051867664,-0.0013049317,1.0006104,0.083893776,0.030763507,0.07267159
2026-07-20T19:27:08.763378,0.001524657,-0.0035021973,0.9986572,0.068626404,0.030763507,-0.03419864
2026-07-20T19:27:08.775799,0.0032336414,-0.00057250983,0.9935303,0.09916091,-0.030305147,-0.0036643147
2026-07-20T19:27:08.788554,0.004698485,0.00040405267,1.0008545,0.09916091,-0.106641054,0.011602879
2026-07-20T19:27:08.800750,0.001524657,-0.00081665046,1.0025635,-0.053510904,0.04603064,-0.0036643147
2026-07-20T19:27:08.813379,0.0005480945,0.0033337402,1.0020752,0.11442804,-0.0455724,-0.018931508
2026-07-20T19:27:08.825388,0.0025012195,0.00040405267,0.99890137,0.11442804,0.07656503,-0.03419864
2026-07-20T19:27:08.837778,-0.0018933117,-0.001793213,0.99816895,0.038092136,0.04603064,-0.06473303
2026-07-20T19:27:08.850409,0.0056750476,-0.0035021973,0.99645996,-0.007709503,-0.030305147,-0.0036643147
2026-07-20T19:27:08.862776,0.0039660633,-0.001793213,0.9971924,0.038092136,-0.0455724,-0.049465835
2026-07-20T19:27:08.875405,0.0020129383,-0.00057250983,0.99450684,0.022825003,0.09183216,-0.049465835
2026-07-20T19:27:08.887797,0.0003039539,-0.0042346194,0.9974365,-0.03824377,-0.030305147,0.011602879
2026-07-20T19:27:08.899804,0.0010363758,0.0006481933,1.0020752,0.022825003,0.1376338,0.042137206
2026-07-20T19:27:08.912765,0.0025012195,-0.0032580567,1.0037842,0.038092136,0.030763507,-0.0036643147
2026-07-20T19:27:08.924806,5.981326e-05,-0.0025256348,1.0047607,0.068626404,-0.106641054,0.042137206
2026-07-20T19:27:08.937409,0.0020129383,-0.001793213,0.9979248,-0.053510904,0.16816807,-0.0036643147
2026-07-20T19:27:08.949808,0.0029895008,-0.0025256348,0.9986572,-0.053510904,-0.030305147,0.026870072
2026-07-20T19:27:08.962379,-0.00018432736,0.00040405267,1.0013428,0.007557869,-0.09137392,0.011602879
2026-07-20T19:27:08.974758,0.0010363758,-0.0022814942,1.0072021,0.068626404,0.030763507,0.026870072
2026-07-20T19:27:08.987563,0.0012805164,-0.00447876,1.0025635,0.007557869,0.04603064,-0.018931508
2026-07-20T19:27:08.999766,0.0012805164,-0.0020373536,1.0030518,0.038092136,0.16816807,-0.0036643147
2026-07-20T19:27:09.012690,0.0020129383,-0.003013916,1.0037842,0.038092136,0.00022912025,0.026870072
2026-07-20T19:27:09.024408,0.0003039539,-0.0015490723,1.0006104,-0.022976637,0.09183216,-0.03419864
2026-07-20T19:27:09.036794,0.0027453601,-0.0013049317,0.9998779,0.038092136,0.04603064,0.026870072
2026-07-20T19:27:09.049431,0.0010363758,0.0013806152,0.99523926,-0.08404517,0.00022912025,-0.0036643147
2026-07-20T19:27:09.061783,0.0025012195,-0.00447876,1.0006104,-0.03824377,0.00022912025,-0.049465835
2026-07-20T19:27:09.074419,0.001524657,-0.0010607911,1.0045166,0.09916091,0.030763507,-0.11053455
2026-07-20T19:27:09.086794,0.0027453601,0.002113037,0.9954834,-0.022976637,0.015496373,-0.08000016
2026-07-20T19:27:09.099390,0.0056750476,-0.0013049317,1.0025635,-0.03824377,-0.015038013,-0.095267355
2026-07-20T19:27:09.111729,0.0044543445,-0.0020373536,1.0006104,0.007557869,-0.015038013,-0.018931508
2026-07-20T19:27:09.123812,0.0010363758,-0.0015490723,1.0040283,0.022825003,0.015496373,-0.03419864
2026-07-20T19:27:09.136422,0.0032336414,0.0006481933,1.0006104,0.038092136,-0.030305147,-0.095267355
2026-07-20T19:27:09.148782,-0.0006726086,-0.0003283692,0.99572754,-0.03824377,0.061297894,0.026870072
2026-07-20T19:27:09.161436,0.0037219226,0.00040405267,1.0003662,-0.007709503,0.015496373,-0.018931508
2026-07-20T19:27:09.173784,0.0037219226,-0.003990479,0.99938965,-0.053510904,0.07656503,-0.03419864
2026-07-20T19:27:09.186418,0.003477782,0.0016247558,1.0037842,0.068626404,-0.015038013,0.026870072
2026-07-20T19:27:09.198866,0.0044543445,-0.0020373536,1.0006104,-0.022976637,0.015496373,-0.018931508
2026-07-20T19:27:09.211469,0.00079223514,-0.0042346194,1.0003662,-0.022976637,0.00022912025,0.011602879
2026-07-20T19:27:09.223656,0.002257079,0.0030895995,0.99523926,0.038092136,0.04603064,0.026870072
2026-07-20T19:27:09.235832,0.00079223514,-0.0015490723,0.9991455,-0.022976637,0.030763507,-0.018931508
2026-07-20T19:27:09.248444,0.0005480945,0.0026013183,0.99768066,0.068626404,0.00022912025,0.026870072
2026-07-20T19:27:09.260831,0.0049426258,-8.422858e-05,0.99572754,-0.053510904,0.061297894,0.026870072
2026-07-20T19:27:09.273428,5.981326e-05,0.0013806152,0.99816895,-0.03824377,0.015496373,0.0574044
2026-07-20T19:27:09.285426,0.0051867664,-0.0003283692,0.99816895,-0.022976637,0.015496373,-0.0036643147
2026-07-20T19:27:09.297814,0.0010363758,-0.0010607911,1.0008545,0.022825003,-0.0455724,0.011602879
2026-07-20T19:27:09.310410,0.004698485,0.0026013183,1.0037842,-0.053510904,0.015496373,0.042137206
2026-07-20T19:27:09.323315,0.0017687976,0.0030895995,0.99694824,-0.06877804,-0.030305147,0.087938726
2026-07-20T19:27:09.335417,0.0005480945,-0.003013916,0.9986572,-0.022976637,0.015496373,0.07267159
2026-07-20T19:27:09.347829,0.0029895008,-0.00447876,1.0040283,-0.12984681,0.00022912025,0.0574044
2026-07-20T19:27:09.359799,0.0051867664,0.0038220214,0.9959717,0.05335927,0.1376338,0.07267159
2026-07-20T19:27:09.372452,0.0017687976,0.0026013183,1.0030518,0.038092136,0.00022912025,-0.018931508
2026-07-20T19:27:09.384780,0.0027453601,-8.422858e-05,0.99523926,0.022825003,0.09183216,-0.049465835
2026-07-20T19:27:09.397442,-0.0018933117,-0.0020373536,0.9996338,0.007557869,0.12236655,-0.11053455
2026-07-20T19:27:09.409797,-0.000428468,-0.003990479,1.0008545,0.05335927,0.061297894,0.087938726
2026-07-20T19:27:09.422466,0.0049426258,-0.0025256348,1.0008545,-0.007709503,-0.030305147,-0.018931508
2026-07-20T19:27:09.435217,0.0020129383,-0.00057250983,1.0025635,-0.007709503,0.04603064,-0.0036643147
2026-07-20T19:27:09.447437,0.003477782,-0.0025256348,1.0089111,0.007557869,0.09183216,0.011602879
2026-07-20T19:27:09.459461,-0.002381593,-8.422858e-05,0.9935303,-0.022976637,0.07656503,0.026870072
2026-07-20T19:27:09.471845,5.981326e-05,0.0008923339,1.0030518,-0.053510904,0.061297894,-0.018931508
2026-07-20T19:27:09.484444,0.001524657,-0.001793213,1.0006104,-0.053510904,-0.030305147,0.0574044
2026-07-20T19:27:09.496846,0.0020129383,-0.0020373536,0.99523926,0.038092136,0.09183216,0.042137206
2026-07-20T19:27:09.509422,0.0049426258,0.00040405267,1.0050049,0.022825003,0.04603064,-0.018931508
2026-07-20T19:27:09.521833,0.003477782,0.00040405267,1.00354,0.022825003,0.061297894,-0.0036643147
2026-07-20T19:27:09.534601,0.00079223514,-0.0013049317,1.0023193,0.038092136,-0.07610667,0.026870072
2026-07-20T19:27:09.546817,-0.000428468,0.0023571777,0.9942627,-0.007709503,-0.015038013,-0.03419864
2026-07-20T19:27:09.558810,0.001524657,-0.003990479,0.9962158,-0.06877804,0.16816807,-0.018931508
2026-07-20T19:27:09.571461,0.0010363758,-0.0027697755,1.0047607,0.007557869,0.107099414,-0.03419864
2026-07-20T19:27:09.583863,0.0017687976,0.0013806152,0.99816895,-0.007709503,0.04603064,0.011602879
2026-07-20T19:27:09.596366,0.0029895008,0.0008923339,1.0028076,0.007557869,0.09183216,0.011602879
2026-07-20T19:27:09.608886,0.0027453601,-0.00081665046,1.00354,0.007557869,-0.015038013,-0.03419864
2026-07-20T19:27:09.620809,0.0059191883,0.00015991204,0.99768066,-0.007709503,0.015496373,-0.018931508
2026-07-20T19:27:09.633487,0.0056750476,-0.0032580567,0.9986572,0.05335927,0.015496373,0.026870072
2026-07-20T19:27:09.645500,0.0010363758,-0.0003283692,0.9954834,0.007557869,0.04603064,-0.018931508
2026-07-20T19:27:09.658459,0.003477782,-0.0003283692,1.0006104,-0.007709503,-0.0455724,0.07267159
2026-07-20T19:27:09.670526,5.981326e-05,-0.00057250983,0.99768066,0.007557869,0.061297894,0.0574044
2026-07-20T19:27:09.683483,0.002257079,0.0018688964,1.0030518,0.05335927,-0.030305147,-0.018931508
2026-07-20T19:27:09.695572,0.002257079,-0.0013049317,0.9998779,-0.03824377,0.061297894,0.07267159
2026-07-20T19:27:09.707875,0.0012805164,-0.003013916,0.99694824,-0.022976637,0.107099414,-0.03419864
2026-07-20T19:27:09.720507,0.00079223514,-0.00057250983,1.0030518,-0.007709503,0.015496373,-0.018931508
2026-07-20T19:27:09.732826,0.0003039539,0.0013806152,1.0040283,-0.03824377,0.04603064,-0.06473303
2026-07-20T19:27:09.744823,0.0010363758,-0.0013049317,1.0015869,0.007557869,0.12236655,-0.018931508
2026-07-20T19:27:09.757730,0.0020129383,-0.0022814942,0.99523926,0.05335927,0.061297894,0.19480902
2026-07-20T19:27:09.769837,0.0005480945,-0.001793213,0.9998779,0.007557869,0.12236655,-0.049465835
2026-07-20T19:27:09.782499,-0.00018432736,0.0047985837,1.008667,-0.053510904,0.00022912025,0.026870072
2026-07-20T19:27:09.794826,0.0027453601,0.0008923339,0.9979248,0.007557869,0.015496373,0.0574044
2026-07-20T19:27:09.807390,0.0010363758,0.0026013183,0.99890137,0.007557869,0.061297894,0.087938726
2026-07-20T19:27:09.819457,0.0025012195,-0.0027697755,0.9998779,-0.053510904,0.015496373,0.011602879
2026-07-20T19:27:09.831885,0.0025012195,-0.00057250983,0.9996338,-0.03824377,-0.060839534,-0.0036643147
2026-07-20T19:27:09.844503,0.0005480945,-0.003013916,1.0037842,0.038092136,-0.030305147,-0.11053455
2026-07-20T19:27:09.857364,0.0044543445,-0.0013049317,1.0025635,0.05335927,-0.015038013,0.011602879
2026-07-20T19:27:09.869487,0.0012805164,0.0030895995,1.0050049,0.007557869,0.061297894,-0.0036643147
2026-07-20T19:27:09.881865,0.005430907,0.0006481933,1.0001221,0.068626404,0.061297894,0.087938726
2026-07-20T19:27:09.894481,5.981326e-05,0.0043103024,0.9942627,0.038092136,-0.015038013,-0.08000016
2026-07-20T19:27:09.906526,0.00079223514,0.0011364745,0.99890137,0.007557869,0.12236655,0.087938726
2026-07-20T19:27:09.918869,0.003477782,-0.003990479,0.99694824,0.038092136,0.030763507,-0.03419864
2026-07-20T19:27:09.931500,0.0059191883,-0.0015490723,1.0013428,0.022825003,0.061297894,-0.0036643147
2026-07-20T19:27:09.943876,0.0029895008,-0.00081665046,1.0013428,0.038092136,0.030763507,-0.08000016
2026-07-20T19:27:09.956490,0.0017687976,0.0038220214,0.9959717,-0.03824377,0.107099414,-0.018931508
2026-07-20T19:27:09.969264,0.0039660633,-0.0025256348,1.0015869,0.083893776,-0.030305147,0.026870072
2026-07-20T19:27:09.981495,-0.000428468,-0.0020373536,0.9991455,-0.08404517,0.00022912025,-0.049465835
2026-07-20T19:27:09.993881,0.001524657,-0.0010607911,1.0040283,0.038092136,-0.030305147,-0.049465835
2026-07-20T19:27:10.006497,0.001524657,0.00015991204,0.9984131,0.05335927,-0.106641054,-0.06473303
2026-07-20T19:27:10.018455,0.004698485,-0.0013049317,1.0030518,0.11442804,0.030763507,0.026870072
2026-07-20T19:27:10.030897,0.0010363758,0.0008923339,1.0003662,0.083893776,0.030763507,-0.03419864
2026-07-20T19:27:10.043503,0.003477782,0.0018688964,0.99645996,0.038092136,0.015496373,0.011602879
2026-07-20T19:27:10.055891,-0.0006726086,-0.0003283692,1.0111084,0.038092136,-0.060839534,0.042137206
2026-07-20T19:27:10.068748,0.0017687976,-0.0013049317,0.9967041,0.068626404,-0.12190819,-0.08000016
2026-07-20T19:27:10.080551,0.0010363758,-0.003990479,1.0030518,-0.03824377,0.12236655,0.10320598
2026-07-20T19:27:10.092892,0.0039660633,0.0030895995,1.0084229,0.022825003,-0.015038013,-0.03419864
2026-07-20T19:27:10.105466,-0.00091674924,0.0011364745,0.9949951,-0.007709503,-0.0455724,0.087938726
2026-07-20T19:27:10.117938,-0.000428468,-0.0015490723,0.99938965,-0.053510904,0.015496373,-0.08000016
2026-07-20T19:27:10.130524,-0.00091674924,-0.0032580567,1.0006104,0.007557869,-0.015038013,-0.049465835
2026-07-20T19:27:10.142865,0.0044543445,0.00015991204,0.9979248,0.022825003,-0.015038013,-0.049465835
2026-07-20T19:27:10.155467,0.0032336414,0.0023571777,0.993042,0.022825003,0.015496373,0.0574044
2026-07-20T19:27:10.167985,0.0029895008,0.0006481933,1.0006104,0.022825003,-0.030305147,-0.018931508
2026-07-20T19:27:10.180603,0.004210204,-0.0003283692,0.9908447,0.038092136,0.015496373,-0.0036643147
2026-07-20T19:27:10.192868,0.0059191883,-0.0010607911,1.0025635,0.007557869,-0.07610667,-0.03419864
2026-07-20T19:27:10.204900,-0.0016491711,-0.0042346194,0.9986572,-0.007709503,0.07656503,-0.06473303
2026-07-20T19:27:10.217494,5.981326e-05,0.002113037,1.0042725,0.038092136,0.04603064,0.042137206
2026-07-20T19:27:10.229904,0.0032336414,-0.0013049317,0.99768066,-0.099312544,0.07656503,-0.0036643147
2026-07-20T19:27:10.242510,0.0029895008,-0.00057250983,0.99450684,0.007557869,0.00022912025,-0.0036643147
2026-07-20T19:27:10.255032,0.0003039539,-0.0027697755,0.99694824,-0.022976637,0.015496373,-0.018931508
2026-07-20T19:27:10.267555,0.0049426258,-0.0020373536,1.0062256,-0.007709503,0.061297894,0.07267159
2026-07-20T19:27:10.280238,0.003477782,0.0011364745,1.0050049,-0.022976637,-0.015038013,-0.03419864
2026-07-20T19:27:10.292496,0.0010363758,-0.003746338,1.0037842,0.038092136,0.107099414,-0.018931508
2026-07-20T19:27:10.304547,0.0010363758,-0.003746338,0.99694824,-0.08404517,0.061297894,-0.095267355
2026-07-20T19:27:10.316915,5.981326e-05,-0.0022814942,1.0015869,0.007557869,0.061297894,0.011602879
2026-07-20T19:27:10.329543,0.0017687976,-0.003746338,0.9979248,-0.03824377,-0.0455724,-0.049465835
2026-07-20T19:27:10.341901,0.003477782,-0.0015490723,1.0067139,0.09916091,0.00022912025,0.011602879
2026-07-20T19:27:10.354514,0.001524657,0.00040405267,0.9962158,0.038092136,-0.030305147,0.0574044
2026-07-20T19:27:10.366536,0.0044543445,0.0016247558,0.9949951,0.038092136,0.015496373,0.10320598
2026-07-20T19:27:10.378930,0.002257079,0.0006481933,0.9959717,0.007557869,0.030763507,0.026870072
2026-07-20T19:27:10.391880,-0.0031140149,0.00040405267,1.0015869,-0.022976637,0.030763507,-0.049465835
2026-07-20T19:27:10.403933,0.0037219226,0.0008923339,1.0028076,-0.007709503,0.015496373,0.07267159
2026-07-20T19:27:10.416570,0.004698485,-8.422858e-05,1.0008545,0.05335927,0.04603064,-0.06473303
2026-07-20T19:27:10.428586,5.981326e-05,-0.0020373536,0.99816895,0.11442804,0.04603064,0.07267159
2026-07-20T19:27:10.440927,0.004210204,-0.00081665046,0.99523926,-0.08404517,0.09183216,-0.0036643147
2026-07-20T19:27:10.453544,0.0025012195,-0.00447876,0.99890137,0.007557869,-0.015038013,0.042137206
2026-07-20T19:27:10.466036,0.0003039539,-0.0025256348,1.0001221,0.05335927,0.107099414,-0.03419864
2026-07-20T19:27:10.478538,0.0032336414,-0.0022814942,1.0025635,-0.007709503,-0.0455724,0.026870072
2026-07-20T19:27:10.490936,0.004698485,-0.0025256348,1.0054932,0.068626404,0.04603064,0.07267159
2026-07-20T19:27:10.503730,-0.000428468,-0.0003283692,1.0008545,-0.06877804,0.04603064,0.042137206
2026-07-20T19:27:10.515601,0.001524657,-0.0003283692,1.0032959,0.007557869,-0.015038013,-0.018931508
2026-07-20T19:27:10.527920,0.0012805164,0.0011364745,0.9979248,0.068626404,-0.015038013,0.042137206
2026-07-20T19:27:10.540513,0.0049426258,-0.0013049317,0.9991455,0.007557869,-0.030305147,-0.08000016
2026-07-20T19:27:10.552927,0.0020129383,-8.422858e-05,1.0013428,0.038092136,-0.030305147,0.042137206
2026-07-20T19:27:10.565574,-0.00091674924,-0.0015490723,0.9949951,0.068626404,0.030763507,0.026870072
2026-07-20T19:27:10.577541,0.004210204,0.0047985837,0.9986572,-0.06877804,0.12236655,0.0574044
2026-07-20T19:27:10.589894,0.0032336414,0.0018688964,1.0015869,-0.007709503,0.061297894,0.10320598
2026-07-20T19:27:10.602729,0.0039660633,-8.422858e-05,1.0008545,-0.053510904,0.061297894,0.042137206
2026-07-20T19:27:10.614961,0.0044543445,-0.00081665046,1.0037842,-0.03824377,-0.015038013,0.10320598
2026-07-20T19:27:10.627553,0.0049426258,-0.0015490723,1.0020752,0.068626404,0.04603064,-0.049465835
2026-07-20T19:27:10.639981,0.0012805164,-0.0013049317,0.9935303,-0.03824377,0.015496373,0.026870072
2026-07-20T19:27:10.652567,-0.0011608899,0.0023571777,1.0013428,0.038092136,-0.015038013,0.026870072
2026-07-20T19:27:10.665170,0.004698485,-0.0022814942,1.00354,0.038092136,-0.030305147,-0.018931508
2026-07-20T19:27:10.677553,0.0029895008,0.0011364745,0.9996338,-0.03824377,0.015496373,0.042137206
2026-07-20T19:27:10.689539,0.0049426258,-0.0015490723,0.99938965,0.05335927,0.07656503,0.011602879
2026-07-20T19:27:10.701965,0.0017687976,-8.422858e-05,1.0040283,-0.08404517,0.04603064,0.042137206
2026-07-20T19:27:10.714655,0.0003039539,0.00040405267,0.99523926,0.05335927,-0.07610667,0.026870072
2026-07-20T19:27:10.726985,0.0032336414,-8.422858e-05,0.9942627,-0.022976637,0.107099414,-0.08000016
2026-07-20T19:27:10.739591,0.0032336414,-0.0025256348,0.99938965,-0.007709503,-0.12190819,0.011602879
2026-07-20T19:27:10.752007,0.002257079,-0.0020373536,1.0040283,0.022825003,0.015496373,0.026870072
2026-07-20T19:27:10.764549,0.001524657,-0.005699463,0.99328613,0.038092136,-0.015038013,-0.049465835
2026-07-20T19:27:10.776576,0.0032336414,-0.0010607911,0.99768066,0.083893776,0.015496373,0.026870072
2026-07-20T19:27:10.788975,0.0010363758,-0.0022814942,1.0023193,0.083893776,0.04603064,-0.03419864
2026-07-20T19:27:10.801567,0.003477782,-0.0027697755,0.99645996,0.007557869,0.061297894,-0.03419864
2026-07-20T19:27:10.813992,0.001524657,0.0008923339,1.0006104,-0.022976637,0.07656503,0.0574044
2026-07-20T19:27:10.826934,0.0032336414,0.00015991204,1.0013428,-0.022976637,-0.0455724,0.026870072
2026-07-20T19:27:10.838891,0.0020129383,0.0016247558,1.001831,0.038092136,0.07656503,0.011602879
2026-07-20T19:27:10.851591,0.0020129383,0.0011364745,1.0010986,-0.007709503,0.107099414,-0.03419864
2026-07-20T19:27:10.863555,0.0003039539,0.00040405267,1.0028076,0.05335927,0.107099414,0.026870072
2026-07-20T19:27:10.875922,0.002257079,-0.00081665046,0.99694824,0.038092136,-0.015038013,0.011602879
2026-07-20T19:27:10.888622,0.0027453601,-0.0042346194,1.0020752,-0.06877804,0.015496373,-0.0036643147
2026-07-20T19:27:10.900976,0.004210204,-0.005211182,1.0030518,-0.007709503,-0.030305147,0.1490075
2026-07-20T19:27:10.913704,0.0029895008,-0.00057250983,0.9962158,-0.007709503,0.015496373,-0.0036643147
2026-07-20T19:27:10.926532,0.0017687976,-0.0027697755,0.9942627,0.007557869,-0.09137392,0.011602879
2026-07-20T19:27:10.937991,0.0039660633,-0.0010607911,1.006958,0.05335927,0.015496373,-0.0036643147
2026-07-20T19:27:10.950586,0.0003039539,0.0006481933,0.99694824,-0.03824377,0.030763507,-0.049465835
2026-07-20T19:27:10.962992,0.0020129383,-0.001793213,1.0037842,0.038092136,0.015496373,-0.018931508
2026-07-20T19:27:10.975600,0.006163329,0.0013806152,1.0013428,0.068626404,0.061297894,0.042137206
2026-07-20T19:27:10.988047,0.0044543445,-0.00057250983,1.0042725,-0.053510904,0.015496373,0.011602879
2026-07-20T19:27:11.000606,0.0005480945,0.0006481933,1.0015869,0.05335927,0.061297894,-0.018931508
2026-07-20T19:27:11.012968,-0.000428468,-0.0015490723,1.0030518,-0.007709503,0.061297894,0.026870072
2026-07-20T19:27:11.024982,0.0003039539,0.0008923339,1.001831,-0.099312544,0.16816807,0.07267159
2026-07-20T19:27:11.037820,0.0059191883,0.0035778808,0.9959717,0.007557869,-0.030305147,0.011602879
2026-07-20T19:27:11.050004,0.0059191883,0.0011364745,0.99450684,0.007557869,-0.030305147,0.011602879
2026-07-20T19:27:11.062603,0.00079223514,0.00040405267,1.0003662,-0.007709503,-0.030305147,0.07267159
2026-07-20T19:27:11.074996,-0.000428468,0.0016247558,0.9991455,-0.007709503,-0.015038013,0.07267159
2026-07-20T19:27:11.087047,0.0010363758,0.0026013183,0.9959717,-0.11457968,0.00022912025,0.026870072
2026-07-20T19:27:11.099618,0.0037219226,-0.0013049317,1.0010986,-0.022976637,0.015496373,-0.018931508
2026-07-20T19:27:11.112067,0.003477782,-8.422858e-05,1.0006104,0.038092136,-0.030305147,0.011602879
2026-07-20T19:27:11.124672,0.0049426258,-0.0010607911,0.9949951,0.007557869,0.030763507,-0.018931508
2026-07-20T19:27:11.137422,0.0012805164,-8.422858e-05,0.9986572,0.038092136,-0.060839534,-0.12580168
2026-07-20T19:27:11.149550,0.00079223514,-0.0010607911,1.001831,0.038092136,-0.0455724,-0.06473303
2026-07-20T19:27:11.162007,-0.0011608899,0.0016247558,1.0037842,0.083893776,-0.0455724,-0.08000016
2026-07-20T19:27:11.174015,0.004210204,0.0008923339,0.99768066,0.083893776,-0.060839534,0.011602879
2026-07-20T19:27:11.186657,0.0037219226,-8.422858e-05,0.994751,-0.022976637,0.00022912025,-0.03419864
2026-07-20T19:27:11.199022,5.981326e-05,-0.00057250983,0.99816895,0.007557869,0.09183216,0.011602879
2026-07-20T19:27:11.211595,0.002257079,-0.0003283692,0.99450684,-0.007709503,-0.015038013,0.07267159
2026-07-20T19:27:11.224059,0.0003039539,-0.005211182,0.9971924,-0.06877804,0.107099414,0.042137206
2026-07-20T19:27:11.236679,-0.00018432736,-0.0020373536,1.0023193,0.038092136,0.015496373,-0.06473303
2026-07-20T19:27:11.248747,0.0003039539,-0.0003283692,1.0010986,0.09916091,-0.0455724,-0.018931508
2026-07-20T19:27:11.261606,0.0068957508,-0.00081665046,0.9974365,0.083893776,-0.030305147,0.07267159
2026-07-20T19:27:11.273657,0.0025012195,0.00040405267,0.9979248,0.007557869,0.015496373,-0.049465835
2026-07-20T19:27:11.286018,0.0025012195,0.0013806152,0.9996338,-0.022976637,0.015496373,-0.095267355
2026-07-20T19:27:11.298585,0.0027453601,-8.422858e-05,1.0032959,-0.007709503,-0.09137392,0.07267159
2026-07-20T19:27:11.311019,0.00079223514,-0.001793213,1.00354,0.007557869,0.061297894,0.026870072
2026-07-20T19:27:11.323640,0.004698485,-0.00081665046,1.0015869,0.022825003,-0.015038013,-0.06473303
2026-07-20T19:27:11.335636,0.0027453601,0.002845459,1.0010986,0.068626404,-0.106641054,0.011602879
2026-07-20T19:27:11.348778,0.0027453601,-0.0010607911,0.9949951,-0.06877804,-0.060839534,-0.0036643147
2026-07-20T19:27:11.360615,-0.000428468,-0.00081665046,0.9954834,0.038092136,0.09183216,0.07267159
2026-07-20T19:27:11.373079,0.0039660633,-0.0035021973,0.9954834,-0.007709503,-0.106641054,0.026870072
2026-07-20T19:27:11.385612,0.0032336414,0.0006481933,0.99694824,-0.022976637,-0.12190819,0.10320598
2026-07-20T19:27:11.398031,0.0027453601,-0.0022814942,1.0050049,0.007557869,-0.07610667,0.13374025
2026-07-20T19:27:11.410597,0.0025012195,0.0013806152,0.9998779,0.038092136,0.09183216,-0.06473303
2026-07-20T19:27:11.422585,0.0003039539,0.0011364745,0.9949951,0.068626404,0.07656503,0.0574044
2026-07-20T19:27:11.435064,-0.000428468,-0.005943604,0.99572754,-0.007709503,-0.015038013,-0.08000016
2026-07-20T19:27:11.447626,0.0017687976,-0.0010607911,1.0023193,-0.007709503,0.030763507,-0.049465835
2026-07-20T19:27:11.459615,0.001524657,0.0018688964,1.005249,0.007557869,0.061297894,0.011602879
2026-07-20T19:27:11.472627,0.002257079,-0.0013049317,1.0096436,-0.03824377,0.04603064,-0.06473303
2026-07-20T19:27:11.485029,0.0025012195,-0.0015490723,0.9998779,0.05335927,0.04603064,-0.06473303
2026-07-20T19:27:11.497574,0.0039660633,-0.0003283692,1.0023193,0.068626404,-0.0455724,0.026870072
2026-07-20T19:27:11.509606,0.0056750476,0.0016247558,0.9996338,0.022825003,0.030763507,0.0574044
2026-07-20T19:27:11.522051,0.001524657,0.00040405267,0.9984131,0.038092136,0.061297894,0.0574044
2026-07-20T19:27:11.534665,0.0037219226,-0.0010607911,1.0013428,0.007557869,0.00022912025,-0.03419864
2026-07-20T19:27:11.547035,0.0027453601,-0.0010607911,0.9996338,0.05335927,0.061297894,-0.03419864
2026-07-20T19:27:11.559647,0.0029895008,0.00040405267,1.0050049,0.068626404,-0.030305147,0.011602879
2026-07-20T19:27:11.571838,0.0012805164,-0.00057250983,1.0042725,0.022825003,0.09183216,-0.03419864
2026-07-20T19:27:11.584630,-0.0011608899,0.00040405267,1.0028076,0.05335927,0.015496373,0.011602879
2026-07-20T19:27:11.596644,0.004698485,-0.00081665046,1.0020752,0.083893776,-0.060839534,-0.0036643147
2026-07-20T19:27:11.609030,0.003477782,0.0018688964,1.0020752,0.022825003,0.107099414,-0.018931508
2026-07-20T19:27:11.621692,0.0005480945,0.00015991204,0.99890137,-0.022976637,0.00022912025,0.087938726
2026-07-20T19:27:11.634039,0.006163329,-0.0022814942,1.0008545,0.068626404,0.07656503,0.011602879
2026-07-20T19:27:11.646645,0.0032336414,-0.0022814942,1.0006104,-0.007709503,0.015496373,-0.049465835
2026-07-20T19:27:11.659047,0.0032336414,-0.0027697755,1.0028076,0.09916091,0.030763507,0.0574044
2026-07-20T19:27:11.671883,0.0029895008,-0.0003283692,1.0045166,0.05335927,-0.0455724,-0.018931508
2026-07-20T19:27:11.683642,-0.0018933117,0.00015991204,1.001831,0.038092136,0.061297894,0.011602879
2026-07-20T19:27:11.696086,0.004210204,0.0016247558,0.9954834,0.007557869,-0.015038013,0.0574044
2026-07-20T19:27:11.708704,0.0017687976,0.00040405267,0.99938965,0.05335927,0.030763507,-0.06473303
2026-07-20T19:27:11.721057,0.0017687976,-0.003990479,0.9998779,0.007557869,0.04603064,-0.06473303
2026-07-20T19:27:11.733667,0.0025012195,0.002845459,1.0047607,-0.022976637,0.030763507,0.0574044
2026-07-20T19:27:11.745653,0.0012805164,0.0006481933,0.99938965,0.083893776,-0.030305147,0.087938726
2026-07-20T19:27:11.758099,0.001524657,-0.0020373536,0.99768066,0.007557869,0.061297894,0.026870072
2026-07-20T19:27:11.770655,-0.000428468,-0.0003283692,1.0059814,0.022825003,-0.015038013,-0.018931508
2026-07-20T19:27:11.782701,-0.000428468,-0.003990479,0.9984131,0.05335927,0.09183216,-0.0036643147
2026-07-20T19:27:11.795658,0.0010363758,0.0035778808,1.0025635,0.068626404,0.061297894,0.07267159
2026-07-20T19:27:11.808122,-0.000428468,-0.0010607911,1.0010986,-0.03824377,-0.015038013,0.07267159
2026-07-20T19:27:11.820662,0.003477782,-8.422858e-05,1.0015869,-0.007709503,0.00022912025,0.011602879
2026-07-20T19:27:11.832634,0.006163329,-0.00057250983,0.9959717,0.038092136,0.107099414,0.042137206
2026-07-20T19:27:11.845151,5.981326e-05,-8.422858e-05,1.0008545,0.007557869,0.04603064,0.087938726
2026-07-20T19:27:11.857610,0.0012805164,-0.0025256348,0.9942627,0.022825003,0.07656503,0.042137206
2026-07-20T19:27:11.870219,0.0025012195,-0.00057250983,1.0001221,0.007557869,0.030763507,-0.06473303
2026-07-20T19:27:11.882607,0.0012805164,-0.0013049317,0.9974365,-0.007709503,-0.030305147,-0.03419864
2026-07-20T19:27:11.895595,0.0064074695,-0.0013049317,1.0042725,-0.022976637,0.00022912025,0.011602879
2026-07-20T19:27:11.907671,-0.0014050305,-0.00081665046,1.0003662,-0.007709503,0.00022912025,0.0574044
2026-07-20T19:27:11.920083,0.0025012195,0.0013806152,1.0045166,0.022825003,0.04603064,0.026870072
2026-07-20T19:27:11.932084,0.0010363758,-0.0020373536,1.0006104,0.007557869,0.015496373,0.10320598
2026-07-20T19:27:11.944667,0.0010363758,-0.0035021973,1.0025635,-0.022976637,0.00022912025,-0.03419864
2026-07-20T19:27:11.957090,0.0027453601,-0.0025256348,0.99645996,0.007557869,0.00022912025,-0.0036643147
2026-07-20T19:27:11.969620,0.0012805164,-0.0015490723,1.0030518,-0.007709503,0.061297894,0.011602879
2026-07-20T19:27:11.982068,0.004210204,-0.0013049317,1.0010986,0.007557869,0.015496373,-0.018931508
2026-07-20T19:27:11.994987,0.0049426258,0.0011364745,1.0003662,0.022825003,0.09183216,-0.06473303
2026-07-20T19:27:12.007058,0.001524657,0.0006481933,0.9998779,0.068626404,0.07656503,-0.049465835
2026-07-20T19:27:12.019065,0.0003039539,0.002113037,0.9986572,0.068626404,0.04603064,-0.095267355
2026-07-20T19:27:12.031607,0.004698485,-0.0022814942,1.0057373,0.09916091,-0.09137392,0.011602879
2026-07-20T19:27:12.044126,0.0025012195,-0.0015490723,1.0045166,0.022825003,-0.015038013,-0.03419864
2026-07-20T19:27:12.056647,0.0012805164,-0.0054553226,1.0040283,0.007557869,0.07656503,-0.06473303
2026-07-20T19:27:12.069111,-0.00091674924,-0.003990479,0.99768066,-0.03824377,0.061297894,0.087938726
2026-07-20T19:27:12.081664,0.002257079,0.0016247558,0.9937744,0.022825003,0.015496373,-0.08000016
2026-07-20T19:27:12.093629,0.0025012195,-0.0022814942,1.0010986,0.022825003,-0.18297696,-0.018931508
2026-07-20T19:27:12.106880,0.007872313,-0.0022814942,1.0062256,0.022825003,-0.07610667,-0.049465835
2026-07-20T19:27:12.119103,0.0012805164,-0.00057250983,0.9974365,-0.022976637,-0.015038013,-0.0036643147
2026-07-20T19:27:12.131078,0.00079223514,-0.0013049317,0.99816895,-0.03824377,-0.015038013,-0.049465835
2026-07-20T19:27:12.143633,0.004210204,-0.0015490723,0.99890137,0.022825003,0.061297894,-0.049465835
2026-07-20T19:27:12.156226,0.0025012195,-0.001793213,1.0003662,0.022825003,-0.030305147,0.011602879
2026-07-20T19:27:12.168683,0.002257079,0.0018688964,1.0030518,-0.08404517,-0.0455724,0.011602879
2026-07-20T19:27:12.181083,0.0005480945,-0.0027697755,1.010376,-0.022976637,0.015496373,-0.11053455
2026-07-20T19:27:12.193661,-0.0006726086,0.0026013183,1.0013428,-0.08404517,-0.015038013,0.011602879
2026-07-20T19:27:12.206543,-0.0014050305,0.0016247558,1.0045166,0.05335927,0.00022912025,0.07267159
2026-07-20T19:27:12.218037,0.001524657,0.0018688964,1.0010986,-0.007709503,0.04603064,0.026870072
2026-07-20T19:27:12.230645,0.0032336414,-0.0003283692,1.0015869,0.068626404,0.015496373,-0.095267355
2026-07-20T19:27:12.243080,0.0020129383,-0.0010607911,0.9991455,0.038092136,0.030763507,-0.11053455
2026-07-20T19:27:12.255779,0.004698485,0.002113037,0.9967041,-0.022976637,0.00022912025,-0.06473303
2026-07-20T19:27:12.267688,0.005430907,-0.0003283692,0.9967041,-0.007709503,0.09183216,-0.14106888
2026-07-20T19:27:12.280146,0.0025012195,0.0006481933,0.9954834,-0.08404517,-0.015038013,-0.08000016
2026-07-20T19:27:12.292651,0.0037219226,-0.00057250983,1.0020752,-0.12984681,0.015496373,0.0574044
2026-07-20T19:27:12.305086,0.004698485,-0.0020373536,0.9971924,-0.022976637,0.04603064,0.0574044
2026-07-20T19:27:12.317805,0.0037219226,-0.0015490723,1.0003662,0.05335927,-0.106641054,-0.06473303
2026-07-20T19:27:12.330103,0.003477782,0.0008923339,1.0072021,0.022825003,-0.030305147,-0.018931508
2026-07-20T19:27:12.342715,0.0020129383,-0.00057250983,0.99694824,-0.022976637,0.09183216,-0.06473303
2026-07-20T19:27:12.355088,0.001524657,-0.0010607911,1.0032959,0.09916091,-0.07610667,-0.049465835
2026-07-20T19:27:12.367081,0.002257079,0.0013806152,1.0023193,0.11442804,0.015496373,0.011602879
2026-07-20T19:27:12.379707,0.0020129383,0.0011364745,0.99890137,-0.022976637,0.00022912025,0.042137206
2026-07-20T19:27:12.392302,0.0017687976,-0.005699463,0.9991455,0.09916091,-0.030305147,-0.08000016
2026-07-20T19:27:12.404657,0.0027453601,-8.422858e-05,0.9974365,-0.08404517,0.1376338,-0.049465835
2026-07-20T19:27:12.416678,0.003477782,0.00015991204,0.9979248,0.068626404,-0.15244257,-0.11053455
2026-07-20T19:27:12.429665,-0.00018432736,-0.003990479,1.0050049,0.007557869,-0.0455724,-0.049465835
2026-07-20T19:27:12.441672,0.0010363758,-0.00081665046,1.001831,-0.022976637,0.09183216,0.011602879
2026-07-20T19:27:12.454099,0.0003039539,-0.0015490723,0.99694824,0.05335927,-0.106641054,0.011602879
2026-07-20T19:27:12.466685,0.00079223514,-0.003013916,1.0010986,-0.007709503,0.00022912025,-0.049465835
2026-07-20T19:27:12.478673,0.006163329,0.004554443,0.99890137,-0.11457968,-0.030305147,0.026870072
2026-07-20T19:27:12.491108,0.0027453601,0.00015991204,0.9998779,0.05335927,-0.015038013,0.042137206
2026-07-20T19:27:12.503664,0.003477782,0.0013806152,1.0050049,-0.007709503,0.04603064,-0.018931508
2026-07-20T19:27:12.516148,0.0032336414,0.0023571777,1.005249,-0.06877804,0.04603064,-0.03419864
2026-07-20T19:27:12.529003,0.0027453601,-0.0013049317,1.0001221,0.05335927,0.030763507,0.0574044
2026-07-20T19:27:12.541148,0.002257079,-8.422858e-05,1.0028076,0.038092136,-0.030305147,0.026870072
2026-07-20T19:27:12.553730,0.0005480945,-0.001793213,0.99401855,-0.007709503,0.00022912025,-0.03419864
2026-07-20T19:27:12.565691,0.0039660633,-0.003013916,0.99816895,-0.11457968,0.09183216,-0.14106888
2026-07-20T19:27:12.578131,0.0027453601,-0.001793213,1.0054932,0.022825003,-0.106641054,-0.018931508
2026-07-20T19:27:12.590685,0.0029895008,0.00040405267,1.0037842,0.05335927,-0.015038013,-0.095267355
2026-07-20T19:27:12.603169,0.0012805164,-0.0020373536,0.9974365,0.007557869,-0.030305147,0.087938726
2026-07-20T19:27:12.615659,0.0049426258,-0.0025256348,0.9974365,0.083893776,-0.030305147,0.011602879
2026-07-20T19:27:12.628178,0.0025012195,-0.0022814942,1.0042725,-0.007709503,-0.0455724,-0.03419864
2026-07-20T19:27:12.640925,0.0010363758,-0.003746338,0.9996338,0.09916091,0.030763507,0.087938726
2026-07-20T19:27:12.653156,0.00079223514,0.00040405267,1.0015869,-0.007709503,0.061297894,-0.018931508
2026-07-20T19:27:12.665637,0.0029895008,-0.0010607911,1.0025635,0.007557869,-0.0455724,0.042137206
2026-07-20T19:27:12.677712,0.0005480945,-0.0022814942,0.99816895,0.038092136,0.00022912025,0.13374025
2026-07-20T19:27:12.690131,-0.0006726086,-0.0032580567,0.99890137,0.022825003,0.09183216,-0.12580168
2026-07-20T19:27:12.702822,0.0039660633,-8.422858e-05,0.9971924,-0.08404517,-0.015038013,0.042137206
2026-07-20T19:27:12.715130,0.0012805164,0.0026013183,1.0015869,-0.007709503,0.07656503,0.011602879
2026-07-20T19:27:12.727707,0.0039660633,-0.0032580567,0.99816895,-0.03824377,0.107099414,0.026870072
2026-07-20T19:27:12.740577,0.0020129383,0.00040405267,1.00354,0.022825003,-0.030305147,0.0574044
2026-07-20T19:27:12.752183,0.003477782,0.0008923339,1.0013428,0.038092136,-0.015038013,0.042137206
2026-07-20T19:27:12.764735,0.005430907,0.0023571777,0.99816895,-0.11457968,0.061297894,-0.06473303
2026-07-20T19:27:12.777156,0.0044543445,0.00040405267,1.0010986,0.022825003,-0.060839534,-0.0036643147
2026-07-20T19:27:12.789695,0.00079223514,-0.0022814942,0.99645996,0.022825003,0.09183216,-0.018931508
2026-07-20T19:27:12.802146,0.0037219226,0.0030895995,1.0010986,0.05335927,0.21396959,-0.018931508
2026-07-20T19:27:12.814135,0.0005480945,0.00015991204,1.0057373,-0.03824377,0.07656503,0.10320598
2026-07-20T19:27:12.826696,0.0027453601,-0.0054553226,0.9986572,-0.007709503,0.07656503,0.0574044
2026-07-20T19:27:12.839106,0.0039660633,0.0006481933,0.9971924,-0.03824377,0.09183216,0.1490075
2026-07-20T19:27:12.851763,0.0017687976,-0.003746338,1.001831,-0.007709503,-0.030305147,0.0574044
2026-07-20T19:27:12.864177,0.0027453601,-0.0003283692,1.005249,-0.022976637,0.030763507,-0.018931508
2026-07-20T19:27:12.876771,0.002257079,-0.0015490723,0.9979248,0.038092136,0.030763507,-0.03419864
2026-07-20T19:27:12.889143,0.0005480945,-0.0003283692,1.0023193,0.05335927,-0.030305147,-0.03419864
2026-07-20T19:27:12.901141,0.003477782,0.00040405267,0.9996338,0.038092136,-0.0455724,-0.018931508
2026-07-20T19:27:12.913723,-0.0006726086,-0.0010607911,1.0003662,0.038092136,0.061297894,-0.049465835
2026-07-20T19:27:12.926206,0.0012805164,-0.0022814942,0.9991455,0.083893776,0.015496373,0.087938726
2026-07-20T19:27:12.938717,0.0039660633,-0.00081665046,1.0032959,-0.022976637,0.015496373,0.011602879
2026-07-20T19:27:12.951165,0.003477782,-0.0020373536,0.9991455,-0.022976637,0.030763507,-0.0036643147
2026-07-20T19:27:12.964159,0.0027453601,-0.0027697755,1.0030518,0.05335927,-0.015038013,0.087938726
2026-07-20T19:27:12.976206,0.0029895008,-0.0010607911,1.0037842,0.09916091,0.030763507,-0.049465835
2026-07-20T19:27:12.988695,0.0020129383,0.0006481933,0.99035645,0.05335927,0.061297894,-0.095267355
2026-07-20T19:27:13.001158,-0.00018432736,-0.00081665046,1.0074463,0.05335927,0.04603064,-0.11053455
2026-07-20T19:27:13.013181,0.0029895008,-0.0022814942,0.993042,0.007557869,0.04603064,-0.03419864
2026-07-20T19:27:13.025719,0.0037219226,-0.0035021973,0.99694824,0.068626404,-0.106641054,-0.018931508
2026-07-20T19:27:13.038169,0.0017687976,0.0018688964,1.0020752,-0.022976637,-0.060839534,0.11847311
2026-07-20T19:27:13.050721,-0.0028698742,-0.0013049317,1.0003662,0.007557869,0.00022912025,-0.08000016
2026-07-20T19:27:13.063702,0.004698485,-0.0020373536,0.9949951,-0.08404517,0.00022912025,0.026870072
2026-07-20T19:27:13.075731,0.0039660633,-8.422858e-05,0.9991455,-0.06877804,-0.015038013,-0.03419864
2026-07-20T19:27:13.087773,0.002257079,0.002845459,1.0030518,-0.06877804,-0.015038013,-0.095267355
2026-07-20T19:27:13.100749,0.001524657,0.0008923339,1.0050049,-0.022976637,0.061297894,0.026870072
2026-07-20T19:27:13.112716,-0.00091674924,0.0008923339,1.0025635,0.038092136,0.04603064,0.011602879
2026-07-20T19:27:13.125186,0.0010363758,-0.0022814942,0.9991455,0.022825003,-0.030305147,-0.095267355
2026-07-20T19:27:13.137745,0.0039660633,-0.0042346194,1.0028076,0.068626404,-0.060839534,-0.0036643147
2026-07-20T19:27:13.150184,0.0059191883,0.0033337402,0.9998779,0.022825003,0.00022912025,-0.03419864
2026-07-20T19:27:13.162796,-0.0016491711,0.00015991204,0.9986572,0.022825003,0.030763507,0.0574044
2026-07-20T19:27:13.175620,0.0003039539,-0.0013049317,1.0025635,0.038092136,-0.0455724,-0.095267355
2026-07-20T19:27:13.187833,0.0012805164,0.0018688964,0.99816895,-0.03824377,-0.07610667,-0.0036643147
2026-07-20T19:27:13.199710,0.0025012195,-0.0013049317,0.99938965,0.09916091,0.04603064,-0.0036643147
2026-07-20T19:27:13.212727,-0.0006726086,0.00015991204,1.0028076,-0.022976637,-0.030305147,-0.0036643147
2026-07-20T19:27:13.224717,0.003477782,-0.0013049317,1.0008545,-0.03824377,0.015496373,-0.049465835
2026-07-20T19:27:13.237181,-0.0028698742,0.0013806152,0.9998779,-0.022976637,0.00022912025,-0.0036643147
2026-07-20T19:27:13.249720,0.008848876,0.0030895995,1.00354,0.007557869,-0.030305147,0.0574044
2026-07-20T19:27:13.262169,0.0027453601,0.002845459,0.9974365,0.068626404,0.1376338,-0.03419864
2026-07-20T19:27:13.275037,-0.00018432736,0.0006481933,0.9967041,-0.007709503,0.015496373,0.10320598
2026-07-20T19:27:13.286746,0.0005480945,-0.0013049317,1.0028076,0.083893776,-0.09137392,0.042137206
2026-07-20T19:27:13.299107,0.0003039539,0.0018688964,1.0037842,0.007557869,-0.07610667,0.07267159
2026-07-20T19:27:13.311812,-0.000428468,-8.422858e-05,1.0054932,-0.007709503,0.015496373,-0.08000016
2026-07-20T19:27:13.324252,0.0027453601,-0.0013049317,0.9998779,-0.053510904,0.00022912025,-0.11053455
2026-07-20T19:27:13.336715,0.0017687976,0.0023571777,1.0054932,-0.03824377,-0.09137392,0.0574044
2026-07-20T19:27:13.348744,0.003477782,0.00015991204,0.9937744,-0.08404517,-0.0455724,0.07267159
2026-07-20T19:27:13.361200,0.0049426258,0.0006481933,0.99938965,0.09916091,-0.015038013,0.042137206
2026-07-20T19:27:13.373778,0.001524657,-0.0013049317,0.99890137,0.038092136,0.00022912025,-0.095267355
2026-07-20T19:27:13.386585,0.0010363758,0.00015991204,0.99768066,-0.08404517,-0.09137392,0.0574044
2026-07-20T19:27:13.398803,0.0029895008,0.00040405267,1.0030518,0.022825003,0.09183216,0.011602879
2026-07-20T19:27:13.411219,0.0003039539,-0.0027697755,1.0001221,-0.007709503,0.07656503,-0.018931508
2026-07-20T19:27:13.423714,0.002257079,-0.0013049317,1.0008545,0.022825003,-0.015038013,0.07267159
2026-07-20T19:27:13.436221,0.0017687976,-0.003013916,1.0006104,0.038092136,-0.015038013,-0.018931508
2026-07-20T19:27:13.448715,0.0020129383,0.0008923339,0.9949951,-0.03824377,0.12236655,-0.06473303
2026-07-20T19:27:13.460897,0.0020129383,-0.0020373536,0.9906006,0.05335927,0.015496373,0.011602879
2026-07-20T19:27:13.473222,0.0020129383,0.00015991204,1.0028076,-0.053510904,0.015496373,-0.03419864
2026-07-20T19:27:13.485957,0.0059191883,-0.0022814942,1.0093994,-0.03824377,0.015496373,-0.049465835
2026-07-20T19:27:13.498247,0.0037219226,-0.00057250983,0.9996338,-0.007709503,0.00022912025,0.011602879
2026-07-20T19:27:13.510761,0.0032336414,-0.0010607911,1.0081787,0.11442804,-0.015038013,0.07267159
2026-07-20T19:27:13.523218,-0.000428468,-0.0010607911,0.99816895,0.068626404,0.04603064,-0.095267355
2026-07-20T19:27:13.535811,0.001524657,-8.422858e-05,0.99768066,-0.007709503,0.04603064,0.0574044
2026-07-20T19:27:13.547794,0.0010363758,-0.0015490723,1.0006104,0.038092136,0.030763507,0.11847311
2026-07-20T19:27:13.560231,0.0003039539,-0.0049670413,0.99694824,-0.053510904,-0.015038013,0.011602879
2026-07-20T19:27:13.572769,-0.00018432736,-0.00057250983,0.9998779,-0.022976637,-0.030305147,0.0574044
2026-07-20T19:27:13.585220,0.0010363758,0.00040405267,0.9971924,0.007557869,0.030763507,-0.03419864
2026-07-20T19:27:13.597257,0.0049426258,0.0013806152,0.9979248,0.083893776,-0.07610667,0.011602879
2026-07-20T19:27:13.610422,0.0068957508,-0.0010607911,1.0023193,0.022825003,-0.030305147,0.0574044
2026-07-20T19:27:13.622339,0.0059191883,-0.0013049317,0.99890137,0.05335927,-0.030305147,0.026870072
2026-07-20T19:27:13.634849,0.00079223514,-0.00057250983,1.0003662,0.038092136,0.00022912025,-0.018931508
2026-07-20T19:27:13.647351,0.0029895008,-8.422858e-05,0.99938965,-0.007709503,-0.060839534,0.026870072
2026-07-20T19:27:13.659760,0.0017687976,-0.0047229007,1.0006104,0.007557869,0.12236655,-0.0036643147
2026-07-20T19:27:13.672212,0.004210204,0.0006481933,0.99938965,0.007557869,0.1376338,0.07267159
2026-07-20T19:27:13.684255,0.0032336414,-0.0035021973,0.9937744,0.05335927,0.09183216,0.026870072
2026-07-20T19:27:13.696778,-0.0021374524,0.00015991204,1.0015869,0.09916091,-0.0455724,0.011602879
2026-07-20T19:27:13.709700,0.004698485,-0.003013916,0.99816895,0.022825003,0.107099414,-0.018931508
2026-07-20T19:27:13.721737,0.0005480945,-0.00057250983,0.98913574,0.038092136,0.04603064,-0.08000016
2026-07-20T19:27:13.734222,0.003477782,-0.006431885,0.99768066,0.038092136,-0.0455724,-0.11053455
2026-07-20T19:27:13.746812,0.0071398914,-0.0025256348,1.0001221,0.068626404,-0.030305147,0.026870072
2026-07-20T19:27:13.759302,0.004210204,-0.0003283692,1.00354,0.068626404,0.030763507,-0.049465835
2026-07-20T19:27:13.771242,0.003477782,-0.0020373536,0.99450684,0.05335927,-0.015038013,-0.049465835
2026-07-20T19:27:13.783758,0.0020129383,-0.0010607911,1.0015869,-0.022976637,0.107099414,-0.14106888
2026-07-20T19:27:13.796246,0.0025012195,-0.0020373536,0.9923096,-0.007709503,0.030763507,0.07267159
2026-07-20T19:27:13.809132,0.0003039539,-0.0022814942,0.99279785,-0.06877804,0.00022912025,-0.03419864
2026-07-20T19:27:13.821218,0.0029895008,0.0011364745,1.0010986,-0.007709503,-0.015038013,-0.03419864
2026-07-20T19:27:13.833861,-0.00018432736,0.0006481933,0.99938965,-0.03824377,0.061297894,-0.12580168
2026-07-20T19:27:13.846264,0.0025012195,-0.00057250983,1.0001221,0.09916091,-0.015038013,-0.049465835
2026-07-20T19:27:13.859034,0.00079223514,0.00015991204,1.0032959,0.083893776,0.015496373,0.026870072
2026-07-20T19:27:13.871248,0.0020129383,-8.422858e-05,0.99890137,0.038092136,0.15290093,-0.06473303
2026-07-20T19:27:13.883240,0.002257079,-0.003013916,0.9996338,0.038092136,-0.015038013,0.11847311
2026-07-20T19:27:13.895802,0.0005480945,0.0006481933,0.99890137,-0.007709503,0.04603064,-0.018931508
2026-07-20T19:27:13.908248,0.004698485,0.00040405267,1.0010986,0.007557869,0.1376338,0.011602879
2026-07-20T19:27:13.921073,0.001524657,-0.0032580567,1.0047607,0.022825003,-0.07610667,-0.03419864
2026-07-20T19:27:13.932834,0.0064074695,0.0026013183,0.9974365,0.038092136,-0.030305147,-0.049465835
2026-07-20T19:27:13.945253,0.007384032,-0.0035021973,1.0008545,-0.03824377,0.00022912025,0.026870072
2026-07-20T19:27:13.957800,0.0017687976,0.00015991204,1.0023193,0.09916091,0.015496373,0.0574044
2026-07-20T19:27:13.970249,0.0017687976,0.0011364745,1.0042725,0.022825003,0.07656503,-0.06473303
2026-07-20T19:27:13.982859,0.0044543445,-0.0022814942,0.99768066,0.022825003,0.015496373,0.10320598
2026-07-20T19:27:13.995275,5.981326e-05,-0.0013049317,1.0001221,0.022825003,-0.015038013,-0.03419864
2026-07-20T19:27:14.007800,0.0029895008,-0.0020373536,1.0028076,-0.022976637,-0.07610667,0.042137206
2026-07-20T19:27:14.020042,0.003477782,-0.0022814942,1.0028076,0.09916091,0.061297894,-0.018931508
2026-07-20T19:27:14.033100,-0.0006726086,-0.003013916,0.993042,-0.007709503,-0.030305147,-0.08000016
2026-07-20T19:27:14.044850,0.0025012195,-0.0003283692,0.99523926,0.068626404,-0.060839534,0.042137206
2026-07-20T19:27:14.057270,0.0037219226,-0.0010607911,0.9954834,-0.099312544,-0.0455724,0.042137206
2026-07-20T19:27:14.069922,-0.000428468,0.002113037,1.0001221,0.083893776,0.030763507,-0.03419864
2026-07-20T19:27:14.082307,0.0044543445,0.00040405267,0.99938965,-0.022976637,-0.030305147,0.011602879
2026-07-20T19:27:14.095038,0.001524657,-0.0003283692,0.9991455,-0.03824377,-0.060839534,-0.0036643147
2026-07-20T19:27:14.107281,0.0039660633,-0.0022814942,0.9984131,-0.022976637,0.04603064,0.026870072
2026-07-20T19:27:14.119851,0.0012805164,-0.0042346194,0.9998779,0.022825003,0.030763507,-0.0036643147
2026-07-20T19:27:14.132027,0.0012805164,-0.0022814942,0.9967041,0.083893776,-0.030305147,-0.095267355
2026-07-20T19:27:14.144305,0.004210204,-0.0027697755,1.0010986,-0.022976637,0.00022912025,0.07267159
2026-07-20T19:27:14.156858,0.0027453601,-0.00081665046,1.006958,0.007557869,-0.0455724,-0.03419864
2026-07-20T19:27:14.169297,0.005430907,-0.0022814942,0.991333,0.068626404,-0.030305147,-0.0036643147
2026-07-20T19:27:14.181777,-0.000428468,-0.0013049317,1.001831,-0.03824377,0.09183216,0.0574044
2026-07-20T19:27:14.194279,0.0044543445,0.002113037,0.99572754,-0.022976637,0.04603064,0.011602879
2026-07-20T19:27:14.206803,0.0064074695,-8.422858e-05,0.9996338,-0.022976637,0.030763507,-0.03419864
2026-07-20T19:27:14.218820,5.981326e-05,-0.0010607911,0.99694824,-0.022976637,0.015496373,0.026870072
2026-07-20T19:27:14.231615,0.004210204,-0.0013049317,0.9979248,0.007557869,-0.07610667,-0.12580168
2026-07-20T19:27:14.243831,0.002257079,-8.422858e-05,0.9986572,0.022825003,-0.07610667,-0.0036643147
2026-07-20T19:27:14.256324,0.0039660633,0.0043103024,1.0028076,0.16022944,0.1376338,0.026870072
2026-07-20T19:27:14.268814,-0.00091674924,-0.0013049317,1.0001221,0.05335927,0.030763507,0.0574044
2026-07-20T19:27:14.280943,0.0005480945,-0.0020373536,0.99768066,-0.06877804,0.18343532,0.026870072
2026-07-20T19:27:14.293277,0.0025012195,-0.0010607911,1.0076904,-0.08404517,0.061297894,-0.08000016
2026-07-20T19:27:14.305880,0.00665161,-0.00081665046,0.99572754,-0.06877804,0.00022912025,-0.018931508
2026-07-20T19:27:14.318298,0.003477782,-0.00081665046,1.0023193,-0.022976637,0.04603064,0.042137206
2026-07-20T19:27:14.330878,0.0056750476,-0.0015490723,1.0025635,-0.03824377,-0.030305147,-0.03419864
2026-07-20T19:27:14.343832,-0.002381593,-0.0047229007,0.99816895,0.068626404,0.00022912025,-0.0036643147
2026-07-20T19:27:14.355883,-0.00018432736,0.002845459,0.9967041,-0.007709503,0.00022912025,0.087938726
2026-07-20T19:27:14.368308,0.002257079,-0.0010607911,1.0050049,0.038092136,0.04603064,0.042137206
2026-07-20T19:27:14.380873,0.0027453601,0.0018688964,1.0013428,0.022825003,-0.030305147,0.026870072
2026-07-20T19:27:14.393287,0.002257079,-0.0022814942,0.99890137,0.022825003,0.00022912025,0.011602879
2026-07-20T19:27:14.405279,0.0037219226,0.0011364745,1.0040283,-0.007709503,-0.060839534,-0.03419864
2026-07-20T19:27:14.417914,-0.0006726086,0.00040405267,1.0057373,0.007557869,0.030763507,0.0574044
2026-07-20T19:27:14.430289,0.0012805164,0.0033337402,1.0047607,0.11442804,0.04603064,0.011602879
2026-07-20T19:27:14.442886,0.0012805164,-0.003746338,0.99890137,0.022825003,0.030763507,0.11847311
2026-07-20T19:27:14.455343,-0.00091674924,-0.0010607911,0.99816895,0.022825003,0.107099414,-0.0036643147
2026-07-20T19:27:14.467322,0.002257079,-0.0003283692,1.0003662,0.05335927,-0.015038013,0.026870072
2026-07-20T19:27:14.479884,0.0044543445,-0.0010607911,0.9967041,-0.053510904,-0.12190819,0.011602879
2026-07-20T19:27:14.492343,0.00665161,0.0013806152,0.99768066,0.007557869,0.07656503,-0.06473303
2026-07-20T19:27:14.504898,5.981326e-05,-0.0027697755,1.0028076,-0.022976637,0.04603064,0.042137206
2026-07-20T19:27:14.517305,-0.000428468,0.0016247558,1.0045166,-0.03824377,-0.0455724,-0.018931508
2026-07-20T19:27:14.529852,-0.00018432736,0.0011364745,1.0047607,0.007557869,-0.030305147,-0.018931508
2026-07-20T19:27:14.542307,0.002257079,-0.001793213,1.0020752,-0.06877804,-0.0455724,0.011602879
2026-07-20T19:27:14.555207,0.005430907,-0.00081665046,1.0054932,-0.007709503,0.061297894,-0.0036643147
2026-07-20T19:27:14.567352,0.00079223514,-0.00057250983,0.99694824,-0.03824377,-0.060839534,-0.06473303
2026-07-20T19:27:14.579313,0.002257079,0.0043103024,1.0001221,0.022825003,-0.030305147,-0.0036643147
2026-07-20T19:27:14.592080,-0.0006726086,-0.003746338,0.9979248,-0.022976637,-0.015038013,0.042137206
2026-07-20T19:27:14.604339,0.0029895008,0.0016247558,1.0003662,0.007557869,-0.106641054,-0.03419864
2026-07-20T19:27:14.616855,0.0049426258,0.0006481933,1.0040283,0.05335927,-0.030305147,0.026870072
2026-07-20T19:27:14.629319,0.0049426258,0.00015991204,1.0006104,0.038092136,0.09183216,0.011602879
2026-07-20T19:27:14.641887,0.005430907,-0.0013049317,1.0037842,0.007557869,-0.0455724,-0.06473303
2026-07-20T19:27:14.653850,0.0027453601,-0.001793213,1.0037842,-0.007709503,0.12236655,0.07267159
2026-07-20T19:27:14.666761,0.0010363758,-0.00081665046,0.99816895,-0.007709503,-0.0455724,-0.049465835
2026-07-20T19:27:14.678874,0.005430907,-0.0010607911,0.99816895,0.05335927,0.00022912025,0.07267159
2026-07-20T19:27:14.691320,0.0029895008,0.0016247558,0.9974365,0.068626404,0.00022912025,0.026870072
2026-07-20T19:27:14.704095,-0.0014050305,-0.0003283692,0.9949951,0.038092136,0.030763507,0.042137206
2026-07-20T19:27:14.716369,0.0003039539,-0.00057250983,0.99572754,-0.022976637,0.00022912025,-0.018931508
2026-07-20T19:27:14.729013,0.001524657,-0.0047229007,1.0008545,0.038092136,0.00022912025,0.13374025
2026-07-20T19:27:14.740930,0.0017687976,-0.0013049317,1.0013428,0.038092136,-0.015038013,0.011602879
2026-07-20T19:27:14.753422,-0.00018432736,-0.0022814942,0.9959717,0.05335927,0.107099414,0.026870072
2026-07-20T19:27:14.766169,0.002257079,-0.00081665046,0.9984131,-0.08404517,0.00022912025,-0.095267355
2026-07-20T19:27:14.778350,0.0049426258,-0.0013049317,1.0006104,0.05335927,0.00022912025,0.13374025
2026-07-20T19:27:14.790899,0.0017687976,0.0006481933,1.0001221,-0.007709503,0.04603064,-0.018931508
2026-07-20T19:27:14.803334,0.0027453601,-0.003746338,1.0037842,0.12969518,-0.09137392,-0.0036643147
2026-07-20T19:27:14.815382,0.0032336414,0.00040405267,1.0013428,0.05335927,0.12236655,0.042137206
2026-07-20T19:27:14.828102,-0.00018432736,-0.00057250983,0.99890137,-0.03824377,0.030763507,0.13374025
2026-07-20T19:27:14.840352,-0.002381593,0.0008923339,1.0064697,-0.022976637,0.07656503,0.011602879
2026-07-20T19:27:14.852894,0.0017687976,-0.003013916,1.0059814,0.068626404,0.061297894,0.087938726
2026-07-20T19:27:14.865392,0.0032336414,-0.001793213,0.99890137,-0.03824377,-0.0455724,0.0574044
2026-07-20T19:27:14.878114,0.0017687976,0.00040405267,0.99816895,0.068626404,-0.015038013,-0.018931508
2026-07-20T19:27:14.889919,0.0017687976,-0.00081665046,1.0050049,-0.03824377,0.04603064,0.011602879
2026-07-20T19:27:14.902375,-0.0006726086,-0.0003283692,0.9974365,0.007557869,0.07656503,-0.0036643147
2026-07-20T19:27:14.915067,0.0027453601,0.00015991204,1.0015869,0.038092136,0.061297894,-0.049465835
2026-07-20T19:27:14.927350,0.004698485,0.0023571777,1.0040283,-0.06877804,-0.0455724,-0.018931508
2026-07-20T19:27:14.939928,0.0020129383,-0.00081665046,1.0013428,-0.053510904,0.04603064,-0.03419864
2026-07-20T19:27:14.952385,-0.0006726086,0.0013806152,0.9984131,-0.06877804,-0.030305147,-0.0036643147
2026-07-20T19:27:14.964962,0.0025012195,-0.003013916,0.99890137,0.083893776,0.09183216,-0.018931508
2026-07-20T19:27:14.977676,0.0005480945,0.002113037,0.9962158,0.068626404,-0.0455724,0.0574044
2026-07-20T19:27:14.989869,0.0020129383,0.00040405267,0.9974365,0.007557869,-0.015038013,-0.06473303
2026-07-20T19:27:15.001907,0.0025012195,-0.0015490723,1.005249,-0.08404517,0.09183216,0.07267159
2026-07-20T19:27:15.014427,-0.0033581555,-0.0003283692,0.99645996,0.022825003,0.00022912025,0.026870072
2026-07-20T19:27:15.026938,0.002257079,-0.001793213,0.9967041,-0.053510904,-0.015038013,-0.0036643147
2026-07-20T19:27:15.039368,0.004698485,-0.0013049317,1.0013428,-0.022976637,-0.0455724,0.042137206
2026-07-20T19:27:15.052056,0.0027453601,-0.0013049317,0.9962158,0.083893776,-0.12190819,0.07267159
2026-07-20T19:27:15.064378,0.0029895008,-0.0003283692,1.0030518,0.05335927,-0.030305147,0.042137206
2026-07-20T19:27:15.077073,0.0003039539,-0.0003283692,0.99694824,-0.022976637,0.00022912025,0.07267159
2026-07-20T19:27:15.089939,0.0025012195,-0.0010607911,0.9967041,0.05335927,0.00022912025,-0.08000016
2026-07-20T19:27:15.101343,0.0010363758,-0.0027697755,1.0015869,-0.007709503,0.061297894,0.011602879
2026-07-20T19:27:15.114099,0.0051867664,-8.422858e-05,1.0008545,0.022825003,0.07656503,0.026870072
2026-07-20T19:27:15.126384,0.0059191883,-0.0022814942,0.99938965,0.022825003,-0.09137392,-0.0036643147
2026-07-20T19:27:15.138955,0.0003039539,-0.0013049317,1.0037842,-0.007709503,-0.060839534,-0.049465835
2026-07-20T19:27:15.151422,-0.0011608899,-0.001793213,1.0028076,0.05335927,-0.07610667,-0.0036643147
2026-07-20T19:27:15.163890,0.0020129383,-8.422858e-05,0.9986572,0.007557869,-0.015038013,0.07267159
2026-07-20T19:27:15.176372,0.004210204,-0.0010607911,0.9967041,0.05335927,0.015496373,0.026870072
2026-07-20T19:27:15.188953,0.0044543445,-0.0025256348,1.0045166,-0.007709503,0.00022912025,0.11847311
2026-07-20T19:27:15.201317,0.0010363758,-0.00057250983,1.001831,0.022825003,-0.015038013,0.087938726
2026-07-20T19:27:15.213430,0.004210204,-0.0020373536,1.0054932,0.022825003,0.00022912025,-0.03419864
2026-07-20T19:27:15.226112,0.0017687976,-0.00081665046,1.0091553,0.038092136,-0.106641054,0.0574044
2026-07-20T19:27:15.238383,0.0005480945,-0.0013049317,1.0093994,-0.022976637,-0.07610667,0.0574044
2026-07-20T19:27:15.250907,0.0017687976,-0.0013049317,0.9991455,0.05335927,0.061297894,0.042137206
2026-07-20T19:27:15.263396,0.002257079,-0.0015490723,1.0057373,0.038092136,0.061297894,-0.018931508
2026-07-20T19:27:15.276058,0.0037219226,-0.00081665046,0.99816895,-0.06877804,-0.0455724,0.011602879
2026-07-20T19:27:15.288072,0.0020129383,0.002113037,1.0032959,-0.022976637,0.061297894,-0.095267355
2026-07-20T19:27:15.301272,0.004698485,0.0018688964,1.0001221,0.09916091,0.030763507,-0.06473303
2026-07-20T19:27:15.312957,0.0012805164,0.0016247558,1.0028076,-0.022976637,-0.0455724,-0.08000016
2026-07-20T19:27:15.325447,0.0051867664,-8.422858e-05,0.9979248,0.007557869,0.07656503,-0.049465835
2026-07-20T19:27:15.337977,0.0044543445,-0.0010607911,1.0025635,0.007557869,-0.030305147,0.042137206
2026-07-20T19:27:15.350461,0.0017687976,-0.0025256348,0.99890137,-0.022976637,-0.0455724,-0.0036643147
2026-07-20T19:27:15.362974,0.0039660633,-0.00447876,0.99694824,-0.08404517,0.030763507,0.011602879
2026-07-20T19:27:15.374969,0.0005480945,-0.0020373536,0.9979248,-0.053510904,0.030763507,0.026870072
2026-07-20T19:27:15.388153,-0.00091674924,-0.0015490723,1.0003662,0.007557869,0.061297894,0.0574044
2026-07-20T19:27:15.399928,0.0003039539,-0.0020373536,1.0006104,0.007557869,-0.13717544,0.0574044
2026-07-20T19:27:15.412772,0.0017687976,0.00015991204,1.0050049,-0.08404517,-0.015038013,-0.03419864
2026-07-20T19:27:15.424996,0.0029895008,-0.0013049317,1.0013428,-0.099312544,0.09183216,-0.0036643147
2026-07-20T19:27:15.437398,0.001524657,-0.0022814942,0.99572754,0.007557869,0.04603064,0.026870072
2026-07-20T19:27:15.449981,0.00079223514,-0.00447876,1.0006104,0.038092136,-0.015038013,0.0574044
2026-07-20T19:27:15.462370,0.0032336414,0.0006481933,0.9967041,-0.03824377,0.04603064,0.0574044
2026-07-20T19:27:15.474966,0.0037219226,-0.0020373536,1.0006104,-0.053510904,0.04603064,0.0574044
2026-07-20T19:27:15.486998,0.0017687976,0.0043103024,1.0037842,0.05335927,0.07656503,-0.0036643147
2026-07-20T19:27:15.499420,0.0044543445,0.0013806152,0.9967041,0.007557869,-0.015038013,0.042137206
2026-07-20T19:27:15.512138,0.0037219226,-0.0013049317,1.0081787,0.05335927,-0.015038013,0.026870072
2026-07-20T19:27:15.524421,0.004210204,-0.0020373536,1.0045166,0.083893776,-0.0455724,-0.06473303
2026-07-20T19:27:15.536983,-0.000428468,-0.00081665046,1.0001221,0.038092136,0.00022912025,-0.03419864
2026-07-20T19:27:15.549358,0.004698485,-0.0013049317,1.00354,0.05335927,0.04603064,0.026870072
2026-07-20T19:27:15.561994,0.0029895008,-0.0027697755,0.9991455,0.022825003,-0.07610667,-0.11053455
2026-07-20T19:27:15.573979,0.004210204,-0.0015490723,1.0008545,-0.099312544,0.015496373,0.011602879
2026-07-20T19:27:15.586435,0.004210204,-0.0003283692,0.9984131,0.022825003,-0.07610667,-0.0036643147
2026-07-20T19:27:15.598961,0.0032336414,0.0013806152,0.99938965,0.038092136,-0.015038013,0.087938726
2026-07-20T19:27:15.611391,0.0020129383,-0.0020373536,1.0013428,-0.03824377,-0.030305147,0.087938726
2026-07-20T19:27:15.624419,-0.000428468,-0.00057250983,0.99816895,-0.022976637,0.04603064,-0.03419864
2026-07-20T19:27:15.636449,0.001524657,-0.0020373536,0.9991455,-0.007709503,-0.015038013,-0.0036643147
2026-07-20T19:27:15.648954,0.008116454,-0.0010607911,1.0057373,-0.03824377,0.015496373,0.0574044
2026-07-20T19:27:15.661427,0.0044543445,-0.003013916,1.0025635,0.007557869,0.00022912025,0.026870072
2026-07-20T19:27:15.674155,5.981326e-05,-0.0032580567,0.9949951,0.05335927,0.015496373,-0.095267355
2026-07-20T19:27:15.685983,0.0025012195,-0.00057250983,0.9984131,0.007557869,0.00022912025,0.026870072
2026-07-20T19:27:15.698440,0.0025012195,0.00040405267,1.0006104,0.11442804,0.061297894,-0.018931508
2026-07-20T19:27:15.711220,0.0064074695,-0.00081665046,1.00354,0.038092136,0.015496373,-0.018931508
2026-07-20T19:27:15.723446,0.0039660633,-0.00081665046,1.0057373,-0.03824377,-0.12190819,-0.0036643147
2026-07-20T19:27:15.736363,0.0005480945,-0.005943604,0.9967041,0.05335927,-0.015038013,-0.03419864
2026-07-20T19:27:15.748491,-0.00018432736,-8.422858e-05,0.99572754,0.022825003,0.00022912025,-0.095267355
2026-07-20T19:27:15.761000,0.0012805164,0.0013806152,0.9998779,0.022825003,-0.015038013,0.042137206
2026-07-20T19:27:15.773445,-0.000428468,-0.0015490723,1.001831,0.022825003,0.16816807,-0.0036643147
2026-07-20T19:27:15.785422,0.0010363758,-0.0013049317,0.99523926,0.05335927,0.015496373,0.026870072
2026-07-20T19:27:15.798124,0.004698485,0.0030895995,1.0040283,0.09916091,0.030763507,0.042137206
2026-07-20T19:27:15.810440,0.002257079,0.0013806152,0.9962158,0.068626404,-0.015038013,0.011602879
2026-07-20T19:27:15.823128,0.0049426258,-8.422858e-05,1.00354,0.05335927,-0.030305147,0.13374025
2026-07-20T19:27:15.835870,0.0029895008,0.0011364745,1.00354,0.068626404,0.12236655,0.0574044
2026-07-20T19:27:15.848025,-0.0006726086,0.0008923339,0.9949951,0.05335927,-0.060839534,0.042137206
2026-07-20T19:27:15.860077,0.002257079,-0.001793213,0.9998779,-0.099312544,0.07656503,0.026870072
2026-07-20T19:27:15.872472,0.0025012195,-0.0025256348,0.9998779,0.038092136,-0.015038013,-0.018931508
2026-07-20T19:27:15.885081,0.0039660633,-0.0027697755,0.9954834,0.038092136,-0.030305147,-0.03419864
2026-07-20T19:27:15.897461,0.004210204,-8.422858e-05,0.99645996,0.083893776,0.04603064,-0.049465835
2026-07-20T19:27:15.909973,0.004698485,0.0016247558,1.0032959,0.14496231,0.04603064,0.10320598
2026-07-20T19:27:15.922074,0.0025012195,0.0006481933,0.9937744,0.022825003,-0.0455724,-0.018931508
2026-07-20T19:27:15.934447,0.0032336414,-0.00057250983,0.9959717,-0.03824377,0.061297894,0.087938726
2026-07-20T19:27:15.947171,0.003477782,0.00040405267,0.9906006,0.007557869,0.030763507,-0.03419864
2026-07-20T19:27:15.959448,0.007872313,0.00015991204,1.0020752,0.007557869,0.015496373,0.011602879
2026-07-20T19:27:15.972026,0.0003039539,-0.0032580567,0.9959717,-0.007709503,0.015496373,-0.049465835
2026-07-20T19:27:15.984490,-0.00091674924,-0.0013049317,1.0015869,-0.053510904,-0.0455724,-0.06473303
2026-07-20T19:27:15.997067,-0.00018432736,-0.003013916,0.9991455,-0.03824377,0.061297894,-0.0036643147
2026-07-20T19:27:16.009460,0.0029895008,-0.0015490723,0.99768066,0.007557869,-0.060839534,-0.0036643147
2026-07-20T19:27:16.021505,0.0059191883,-0.00057250983,1.0001221,-0.11457968,0.015496373,-0.06473303
2026-07-20T19:27:16.034211,0.0017687976,0.0018688964,0.9991455,-0.022976637,0.030763507,-0.06473303
2026-07-20T19:27:16.046794,0.0037219226,-0.0003283692,0.9979248,-0.03824377,0.030763507,-0.03419864
2026-07-20T19:27:16.059069,0.004210204,-0.00081665046,1.0010986,-0.053510904,-0.12190819,0.07267159
2026-07-20T19:27:16.071484,-0.00018432736,-0.0013049317,0.99768066,-0.007709503,0.015496373,0.07267159
2026-07-20T19:27:16.084214,-0.000428468,-0.0003283692,0.9986572,-0.11457968,0.030763507,-0.0036643147
2026-07-20T19:27:16.096490,0.0025012195,-0.0015490723,1.0001221,-0.007709503,0.04603064,-0.0036643147
2026-07-20T19:27:16.109090,0.0025012195,-0.003013916,0.99768066,-0.03824377,-0.030305147,-0.018931508
2026-07-20T19:27:16.121053,0.0005480945,0.0011364745,1.001831,0.22129822,0.015496373,0.0574044
2026-07-20T19:27:16.133483,-0.000428468,-0.001793213,0.99890137,0.05335927,-0.015038013,-0.018931508
2026-07-20T19:27:16.146054,0.004210204,-0.0022814942,0.9996338,0.068626404,0.04603064,0.011602879
2026-07-20T19:27:16.158640,-0.0021374524,-0.0035021973,1.0030518,0.022825003,0.030763507,0.07267159
2026-07-20T19:27:16.171181,0.0049426258,-0.0010607911,1.0047607,0.05335927,0.015496373,-0.018931508
2026-07-20T19:27:16.183476,-0.00018432736,0.0016247558,1.0030518,-0.007709503,-0.07610667,0.026870072
2026-07-20T19:27:16.196061,0.0051867664,0.002845459,1.012085,0.038092136,0.015496373,0.0574044
2026-07-20T19:27:16.208510,0.0027453601,-0.0035021973,1.0006104,-0.053510904,-0.015038013,-0.06473303
2026-07-20T19:27:16.220497,0.0044543445,-0.003990479,0.99450684,-0.007709503,-0.0455724,-0.03419864
2026-07-20T19:27:16.233130,0.0027453601,-0.0032580567,0.9974365,0.05335927,-0.030305147,0.011602879
2026-07-20T19:27:16.245487,0.0051867664,-0.0013049317,0.9986572,0.022825003,0.015496373,-0.03419864
2026-07-20T19:27:16.258048,-0.0011608899,0.00015991204,0.9954834,0.11442804,0.030763507,0.11847311
2026-07-20T19:27:16.270407,-0.0006726086,0.0018688964,1.0045166,-0.099312544,0.04603064,0.042137206
2026-07-20T19:27:16.283052,-0.0031140149,-0.0020373536,0.9974365,0.007557869,0.07656503,-0.0036643147
2026-07-20T19:27:16.295083,-0.00018432736,-0.0035021973,1.0010986,-0.053510904,0.09183216,-0.049465835
2026-07-20T19:27:16.307506,0.0010363758,-0.001793213,1.0037842,0.007557869,-0.015038013,-0.018931508
2026-07-20T19:27:16.320089,0.0012805164,-0.0025256348,1.0042725,0.05335927,-0.030305147,0.011602879
2026-07-20T19:27:16.332494,0.00079223514,-0.00447876,1.0001221,0.05335927,0.04603064,0.026870072
2026-07-20T19:27:16.345252,0.0037219226,-0.003990479,1.0064697,-0.007709503,0.00022912025,-0.0036643147
2026-07-20T19:27:16.357545,0.0056750476,0.00015991204,1.0028076,-0.053510904,-0.09137392,0.011602879
2026-07-20T19:27:16.370451,0.0010363758,-0.003013916,1.0020752,-0.007709503,0.015496373,-0.03419864
2026-07-20T19:27:16.382454,0.0029895008,-8.422858e-05,1.0001221,-0.007709503,0.09183216,0.011602879
2026-07-20T19:27:16.395065,5.981326e-05,-8.422858e-05,1.0003662,0.038092136,0.030763507,0.042137206
2026-07-20T19:27:16.407063,0.0005480945,-0.003013916,1.0047607,0.022825003,0.015496373,-0.018931508
2026-07-20T19:27:16.419471,0.0037219226,0.0018688964,0.99645996,0.022825003,0.015496373,-0.018931508
2026-07-20T19:27:16.432159,0.004210204,0.0011364745,1.0020752,-0.007709503,0.061297894,-0.0036643147
2026-07-20T19:27:16.444536,0.0039660633,0.00015991204,1.0032959,0.038092136,-0.030305147,-0.12580168
2026-07-20T19:27:16.457039,0.001524657,-0.0013049317,1.0072021,0.022825003,-0.07610667,0.07267159
2026-07-20T19:27:16.469530,0.0051867664,-0.0003283692,0.9959717,0.007557869,-0.015038013,0.026870072
2026-07-20T19:27:16.482386,0.0012805164,0.002113037,1.0008545,-0.053510904,0.04603064,-0.0036643147
2026-07-20T19:27:16.494111,0.0032336414,-0.0013049317,1.0020752,0.007557869,0.00022912025,-0.095267355
2026-07-20T19:27:16.506543,0.0003039539,0.00040405267,1.0023193,0.038092136,0.00022912025,-0.018931508
2026-07-20T19:27:16.519136,0.003477782,-0.00447876,1.00354,-0.053510904,0.04603064,-0.03419864
2026-07-20T19:27:16.531525,0.001524657,0.0016247558,0.9998779,0.007557869,0.07656503,0.026870072
2026-07-20T19:27:16.544210,0.0044543445,0.0016247558,1.0001221,0.007557869,0.00022912025,0.026870072
2026-07-20T19:27:16.556678,0.0003039539,-0.003013916,1.0013428,0.022825003,0.107099414,0.087938726
2026-07-20T19:27:16.569106,0.0012805164,0.002113037,0.9984131,0.022825003,0.061297894,0.07267159
2026-07-20T19:27:16.581329,0.0020129383,-0.003746338,0.9991455,0.022825003,0.07656503,-0.0036643147
2026-07-20T19:27:16.593538,0.0025012195,-0.001793213,0.994751,0.007557869,-0.030305147,-0.0036643147
2026-07-20T19:27:16.606109,-0.00091674924,-0.0015490723,0.9979248,0.11442804,-0.015038013,0.026870072
2026-07-20T19:27:16.618544,0.0017687976,-0.00057250983,1.0020752,0.038092136,0.015496373,-0.08000016
2026-07-20T19:27:16.631090,0.0005480945,-0.003990479,1.0062256,-0.03824377,0.061297894,0.026870072
2026-07-20T19:27:16.643163,0.005430907,-0.003990479,0.99450684,-0.03824377,0.015496373,0.026870072
2026-07-20T19:27:16.656197,0.0037219226,0.0038220214,1.0025635,-0.022976637,-0.030305147,0.087938726
2026-07-20T19:27:16.668245,0.001524657,-0.0013049317,0.9991455,-0.022976637,0.030763507,0.10320598
2026-07-20T19:27:16.680544,0.00079223514,0.0008923339,1.0030518,-0.03824377,0.030763507,0.10320598
2026-07-20T19:27:16.693241,0.003477782,0.00040405267,1.0057373,-0.03824377,0.04603064,-0.018931508
2026-07-20T19:27:16.705543,-0.0006726086,0.0038220214,0.99694824,0.007557869,0.04603064,-0.03419864
2026-07-20T19:27:16.718189,0.0027453601,-0.0003283692,0.9979248,0.083893776,-0.015038013,-0.049465835
2026-07-20T19:27:16.730572,0.00079223514,-0.0003283692,0.99816895,0.022825003,0.015496373,-0.03419864
2026-07-20T19:27:16.742543,0.0044543445,0.0016247558,0.9959717,0.022825003,0.07656503,-0.12580168
2026-07-20T19:27:16.755227,0.0017687976,-0.0025256348,1.0045166,-0.007709503,-0.09137392,-0.0036643147
2026-07-20T19:27:16.767563,-0.0011608899,-0.0010607911,0.99401855,-0.007709503,0.061297894,0.042137206
2026-07-20T19:27:16.780134,0.0020129383,0.00015991204,1.0047607,0.038092136,0.00022912025,0.026870072
2026-07-20T19:27:16.792865,0.0037219226,0.0013806152,0.9998779,-0.007709503,-0.015038013,-0.049465835
2026-07-20T19:27:16.805119,0.0005480945,-0.0035021973,1.00354,-0.022976637,0.04603064,-0.095267355
2026-07-20T19:27:16.817543,0.003477782,0.00015991204,0.9959717,0.038092136,0.061297894,0.011602879
2026-07-20T19:27:16.830178,0.0032336414,-0.003013916,0.99694824,-0.03824377,0.061297894,0.042137206
2026-07-20T19:27:16.842534,0.001524657,-0.0020373536,1.00354,-0.06877804,0.09183216,-0.0036643147
2026-07-20T19:27:16.854555,0.0032336414,-0.003990479,0.9954834,-0.007709503,0.015496373,-0.03419864
2026-07-20T19:27:16.867182,-0.0021374524,0.00040405267,1.001831,-0.022976637,-0.07610667,0.0574044
2026-07-20T19:27:16.879559,0.002257079,-0.0020373536,1.0015869,0.007557869,-0.09137392,-0.049465835
2026-07-20T19:27:16.892160,0.002257079,-0.001793213,1.0015869,-0.007709503,0.1376338,-0.018931508
2026-07-20T19:27:16.905056,0.00079223514,-0.0003283692,0.9984131,0.022825003,-0.0455724,-0.06473303
2026-07-20T19:27:16.917125,0.0029895008,-0.0025256348,1.005249,-0.03824377,-0.0455724,-0.049465835
2026-07-20T19:27:16.929629,0.0039660633,-0.0025256348,1.0045166,0.022825003,0.07656503,-0.0036643147
2026-07-20T19:27:16.942208,5.981326e-05,-0.0010607911,1.0084229,0.022825003,0.04603064,-0.049465835
2026-07-20T19:27:16.954601,0.001524657,0.00040405267,1.00354,0.007557869,-0.060839534,-0.03419864
2026-07-20T19:27:16.966560,0.00079223514,0.0026013183,0.9971924,-0.03824377,0.04603064,0.0574044
2026-07-20T19:27:16.979178,0.0017687976,-0.0020373536,0.9986572,-0.007709503,-0.060839534,0.042137206
2026-07-20T19:27:16.991539,0.0049426258,-0.00057250983,0.9959717,-0.03824377,-0.07610667,-0.03419864
2026-07-20T19:27:17.004199,0.0010363758,-0.0027697755,0.99694824,0.038092136,-0.030305147,-0.0036643147
2026-07-20T19:27:17.017033,0.001524657,-8.422858e-05,0.9979248,0.022825003,0.09183216,0.042137206
2026-07-20T19:27:17.029205,0.0037219226,0.0006481933,1.0020752,-0.022976637,-0.030305147,0.026870072
2026-07-20T19:27:17.041206,0.002257079,-0.0010607911,1.0001221,0.022825003,0.07656503,-0.0036643147
2026-07-20T19:27:17.053576,0.0005480945,0.0006481933,0.9979248,-0.12984681,0.061297894,-0.018931508
2026-07-20T19:27:17.066218,0.001524657,-0.003746338,0.99401855,0.068626404,0.107099414,-0.0036643147
2026-07-20T19:27:17.078571,0.0064074695,-0.001793213,1.0040283,-0.022976637,0.12236655,-0.03419864
2026-07-20T19:27:17.091222,0.00665161,-0.0013049317,1.0023193,-0.007709503,0.04603064,0.026870072
2026-07-20T19:27:17.103563,0.0051867664,0.0008923339,0.9986572,0.09916091,-0.015038013,0.0574044
2026-07-20T19:27:17.116452,0.0037219226,0.0026013183,0.994751,0.038092136,-0.060839534,-0.018931508
2026-07-20T19:27:17.128227,0.0003039539,-0.0027697755,0.9962158,0.022825003,-0.015038013,0.011602879
2026-07-20T19:27:17.140585,0.006163329,0.00040405267,1.0074463,0.038092136,-0.0455724,-0.049465835
2026-07-20T19:27:17.153204,0.006163329,-0.0013049317,0.9991455,-0.03824377,-0.030305147,0.0574044
2026-07-20T19:27:17.165601,0.0044543445,0.0008923339,0.9991455,-0.099312544,0.00022912025,-0.049465835
2026-07-20T19:27:17.178237,0.0044543445,0.0013806152,0.99938965,-0.007709503,0.07656503,0.0574044
2026-07-20T19:27:17.190224,-0.0006726086,-0.0020373536,1.001831,0.05335927,-0.12190819,-0.0036643147
2026-07-20T19:27:17.202543,0.0012805164,-0.0020373536,0.9918213,0.05335927,0.04603064,-0.018931508
2026-07-20T19:27:17.215232,0.001524657,-0.0042346194,1.0010986,-0.06877804,0.015496373,0.026870072
2026-07-20T19:27:17.227894,0.00079223514,-0.0003283692,0.9974365,0.09916091,0.015496373,-0.049465835
2026-07-20T19:27:17.240238,0.00079223514,0.0023571777,1.0020752,0.068626404,-0.106641054,0.011602879
2026-07-20T19:27:17.252713,0.0025012195,-0.0003283692,0.994751,0.05335927,-0.030305147,0.011602879
2026-07-20T19:27:17.264701,-0.0016491711,-0.0003283692,0.9979248,0.007557869,0.015496373,0.10320598
2026-07-20T19:27:17.277252,0.00079223514,0.0011364745,0.9971924,-0.007709503,0.00022912025,-0.11053455
2026-07-20T19:27:17.289594,-0.000428468,-0.0003283692,1.0028076,0.083893776,0.12236655,-0.03419864
2026-07-20T19:27:17.302192,0.0044543445,-0.0027697755,0.9959717,-0.007709503,-0.015038013,0.0574044
2026-07-20T19:27:17.314515,-0.000428468,-0.0022814942,0.9986572,0.038092136,0.07656503,-0.03419864
2026-07-20T19:27:17.327189,0.002257079,-0.0013049317,0.9937744,-0.03824377,0.12236655,-0.08000016
2026-07-20T19:27:17.339578,0.0010363758,0.0011364745,1.0059814,-0.022976637,-0.015038013,-0.08000016
2026-07-20T19:27:17.351614,0.005430907,-0.0010607911,0.9998779,0.11442804,0.030763507,-0.018931508
2026-07-20T19:27:17.364240,-0.00018432736,0.00015991204,1.0020752,0.007557869,0.04603064,0.10320598
2026-07-20T19:27:17.376593,0.0027453601,-0.0032580567,0.9962158,0.068626404,0.04603064,0.0574044
2026-07-20T19:27:17.389233,0.002257079,-0.001793213,1.0001221,0.083893776,0.07656503,-0.018931508
2026-07-20T19:27:17.401609,0.0049426258,0.0016247558,1.0001221,0.007557869,-0.030305147,-0.0036643147
2026-07-20T19:27:17.414334,0.0012805164,-0.00081665046,0.9986572,-0.007709503,0.04603064,-0.06473303
2026-07-20T19:27:17.426594,0.0003039539,0.0013806152,1.0010986,0.068626404,-0.015038013,0.042137206
2026-07-20T19:27:17.439544,0.003477782,0.0018688964,0.99694824,0.022825003,-0.030305147,-0.03419864
2026-07-20T19:27:17.451249,0.0012805164,-0.0013049317,1.0010986,-0.03824377,-0.015038013,-0.06473303
2026-07-20T19:27:17.463591,0.003477782,-0.003013916,0.9991455,-0.022976637,0.07656503,0.0574044
2026-07-20T19:27:17.476281,0.0029895008,0.00040405267,1.0010986,0.083893776,0.030763507,-0.0036643147
2026-07-20T19:27:17.488598,0.0037219226,0.0016247558,1.0013428,0.068626404,0.061297894,0.0574044
2026-07-20T19:27:17.501242,0.0037219226,-0.0025256348,0.9979248,0.022825003,0.061297894,0.011602879
2026-07-20T19:27:17.513251,0.0037219226,0.00015991204,0.9991455,0.038092136,0.015496373,0.026870072
2026-07-20T19:27:17.525528,0.003477782,0.00015991204,0.99768066,0.007557869,0.00022912025,0.0574044
2026-07-20T19:27:17.538362,0.0012805164,-0.0003283692,0.99694824,0.022825003,0.07656503,-0.06473303
2026-07-20T19:27:17.550979,0.0025012195,-0.0022814942,1.0040283,0.038092136,0.1376338,-0.06473303
2026-07-20T19:27:17.563246,0.0020129383,0.0011364745,1.0001221,-0.03824377,0.04603064,-0.08000016
2026-07-20T19:27:17.575267,0.0037219226,0.00040405267,1.0015869,0.083893776,0.015496373,-0.095267355
2026-07-20T19:27:17.587616,0.002257079,0.00015991204,0.9986572,-0.007709503,0.015496373,0.07267159
2026-07-20T19:27:17.600272,0.0056750476,-0.003990479,0.9971924,0.007557869,0.00022912025,0.026870072
2026-07-20T19:27:17.612602,0.00079223514,-0.0025256348,1.0050049,-0.022976637,0.00022912025,0.011602879
2026-07-20T19:27:17.625244,0.0025012195,0.0018688964,0.9923096,-0.022976637,0.107099414,0.042137206
2026-07-20T19:27:17.637598,0.0039660633,-0.001793213,1.00354,0.007557869,0.15290093,-0.018931508
2026-07-20T19:27:17.650398,0.0005480945,0.0013806152,1.0025635,0.05335927,-0.07610667,0.026870072
2026-07-20T19:27:17.662226,0.0025012195,0.002845459,0.9971924,0.05335927,0.00022912025,0.11847311
2026-07-20T19:27:17.674616,0.0017687976,0.002113037,1.0098877,0.038092136,-0.030305147,-0.018931508
2026-07-20T19:27:17.687260,0.004698485,-8.422858e-05,0.99890137,0.038092136,-0.015038013,-0.018931508
2026-07-20T19:27:17.699624,0.0049426258,-0.0013049317,0.9996338,-0.022976637,-0.07610667,-0.06473303
2026-07-20T19:27:17.712472,0.001524657,0.00015991204,0.99816895,0.038092136,-0.0455724,-0.018931508
2026-07-20T19:27:17.724231,0.0012805164,0.0011364745,1.0015869,0.09916091,0.04603064,-0.12580168
2026-07-20T19:27:17.736616,0.004698485,-0.003746338,0.99890137,0.05335927,0.00022912025,-0.08000016
2026-07-20T19:27:17.749259,0.0017687976,0.0038220214,1.0067139,-0.007709503,0.061297894,0.0574044
2026-07-20T19:27:17.762152,5.981326e-05,0.0008923339,1.0003662,-0.007709503,0.061297894,-0.14106888
2026-07-20T19:27:17.774289,0.001524657,-8.422858e-05,1.0037842,-0.03824377,-0.015038013,-0.0036643147
2026-07-20T19:27:17.786644,0.0025012195,-0.0035021973,0.99768066,0.083893776,0.061297894,-0.0036643147
2026-07-20T19:27:17.799272,0.0003039539,-0.0015490723,0.9998779,-0.099312544,0.04603064,0.10320598
2026-07-20T19:27:17.811278,-0.002381593,0.0008923339,1.0057373,0.083893776,-0.015038013,-0.03419864
2026-07-20T19:27:17.823624,0.0032336414,0.0013806152,1.0067139,0.11442804,0.030763507,-0.06473303
2026-07-20T19:27:17.836326,0.0025012195,0.0013806152,0.9986572,-0.007709503,0.030763507,-0.0036643147
2026-07-20T19:27:17.848625,0.003477782,0.002113037,0.99572754,0.007557869,0.015496373,0.07267159
2026-07-20T19:27:17.861272,0.0012805164,-0.0015490723,1.0003662,-0.007709503,0.04603064,-0.095267355
2026-07-20T19:27:17.873513,0.0044543445,0.0013806152,0.9942627,0.007557869,-0.015038013,0.011602879
2026-07-20T19:27:17.885653,0.0010363758,-0.0003283692,1.0040283,-0.053510904,-0.09137392,-0.018931508
2026-07-20T19:27:17.898305,0.00079223514,-0.0025256348,0.9998779,0.05335927,-0.030305147,-0.0036643147
2026-07-20T19:27:17.910641,0.0029895008,-0.00447876,0.9979248,0.05335927,-0.09137392,-0.049465835
2026-07-20T19:27:17.923330,0.0005480945,0.00015991204,0.9937744,0.038092136,0.00022912025,-0.018931508
2026-07-20T19:27:17.935729,0.0044543445,0.0008923339,0.9967041,0.09916091,0.061297894,-0.0036643147
2026-07-20T19:27:17.948294,0.00079223514,0.0006481933,1.0042725,0.007557869,0.061297894,-0.0036643147
2026-07-20T19:27:17.960802,0.003477782,0.00040405267,0.9962158,-0.08404517,0.04603064,-0.018931508
2026-07-20T19:27:17.973118,0.001524657,-0.001793213,1.0015869,-0.08404517,0.107099414,0.07267159
2026-07-20T19:27:17.985288,0.0020129383,0.00040405267,0.9959717,0.038092136,0.030763507,0.042137206
2026-07-20T19:27:17.997643,0.003477782,-0.0035021973,0.99938965,0.09916091,0.04603064,-0.12580168
2026-07-20T19:27:18.010301,0.0029895008,-0.0003283692,0.9967041,-0.03824377,0.015496373,0.042137206
2026-07-20T19:27:18.022650,0.0017687976,0.00015991204,0.9971924,0.007557869,0.030763507,0.042137206
2026-07-20T19:27:18.035290,0.0039660633,0.0013806152,1.005249,-0.053510904,-0.030305147,0.011602879
2026-07-20T19:27:18.047277,0.0005480945,-8.422858e-05,0.99694824,-0.007709503,0.107099414,0.0574044
2026-07-20T19:27:18.059647,0.0025012195,0.0023571777,0.9959717,0.022825003,-0.030305147,0.07267159
2026-07-20T19:27:18.072288,0.0020129383,0.0026013183,1.0054932,0.05335927,0.030763507,0.0574044
2026-07-20T19:27:18.085006,0.0029895008,-0.0022814942,0.9959717,0.022825003,-0.060839534,0.10320598
2026-07-20T19:27:18.097309,0.0056750476,-0.0013049317,1.0013428,0.007557869,-0.07610667,0.10320598
2026-07-20T19:27:18.109322,0.0010363758,-8.422858e-05,1.001831,0.007557869,0.00022912025,-0.08000016
2026-07-20T19:27:18.121653,0.001524657,-0.0020373536,0.9984131,-0.022976637,0.1376338,0.011602879
2026-07-20T19:27:18.134332,0.0020129383,0.0023571777,0.99694824,-0.007709503,0.015496373,0.10320598
2026-07-20T19:27:18.146654,0.0029895008,-0.005699463,1.0037842,0.05335927,-0.030305147,0.0574044
2026-07-20T19:27:18.159371,0.0003039539,0.00015991204,0.99768066,0.05335927,-0.030305147,-0.06473303
2026-07-20T19:27:18.171278,0.005430907,0.0006481933,1.0047607,-0.053510904,0.00022912025,-0.018931508
2026-07-20T19:27:18.183997,0.00079223514,-0.0013049317,0.99816895,0.05335927,0.015496373,-0.0036643147
2026-07-20T19:27:18.196497,0.0010363758,0.00040405267,1.0089111,-0.022976637,-0.030305147,-0.095267355
2026-07-20T19:27:18.208670,0.003477782,0.0008923339,0.99890137,0.068626404,-0.07610667,0.026870072
2026-07-20T19:27:18.221347,0.001524657,-0.0003283692,0.99938965,0.068626404,-0.060839534,0.07267159
2026-07-20T19:27:18.233684,-0.00091674924,-0.0049670413,1.0028076,-0.022976637,0.04603064,-0.049465835
2026-07-20T19:27:18.246320,0.0005480945,-0.0015490723,1.0010986,0.038092136,0.015496373,0.026870072
2026-07-20T19:27:18.258663,0.0029895008,-0.0003283692,1.0074463,0.007557869,0.015496373,-0.03419864
2026-07-20T19:27:18.271281,0.0025012195,-0.001793213,1.00354,-0.053510904,0.030763507,-0.03419864
2026-07-20T19:27:18.283319,0.004210204,-0.001793213,1.0074463,0.022825003,0.015496373,-0.018931508
2026-07-20T19:27:18.296228,0.0025012195,0.0006481933,1.0072021,-0.03824377,-0.015038013,-0.03419864
2026-07-20T19:27:18.308400,0.0010363758,0.0008923339,1.0025635,0.007557869,-0.060839534,0.0574044
2026-07-20T19:27:18.320726,-0.000428468,-0.0035021973,1.0037842,-0.053510904,-0.0455724,0.011602879
2026-07-20T19:27:18.333336,0.004698485,-0.0027697755,1.0015869,-0.022976637,0.030763507,-0.11053455
2026-07-20T19:27:18.345685,-0.0006726086,0.0006481933,1.0015869,-0.053510904,0.061297894,-0.049465835
2026-07-20T19:27:18.358343,5.981326e-05,-0.0032580567,1.0032959,0.038092136,0.04603064,-0.018931508
2026-07-20T19:27:18.370726,-0.0006726086,0.0011364745,0.9971924,-0.007709503,-0.0455724,-0.03419864
2026-07-20T19:27:18.382694,0.0029895008,-0.0015490723,1.0040283,0.11442804,-0.015038013,-0.018931508
2026-07-20T19:27:18.395353,0.0025012195,0.0030895995,0.99694824,0.022825003,-0.07610667,0.07267159
2026-07-20T19:27:18.408385,0.002257079,-0.0015490723,1.0003662,-0.03824377,-0.09137392,-0.018931508
2026-07-20T19:27:18.420330,0.004698485,-0.0013049317,1.00354,0.022825003,-0.07610667,0.011602879
2026-07-20T19:27:18.432733,0.0049426258,0.0016247558,1.0008545,-0.007709503,0.00022912025,-0.018931508
2026-07-20T19:27:18.445319,0.0051867664,-0.001793213,0.9949951,0.11442804,0.07656503,0.0574044
2026-07-20T19:27:18.457729,0.004210204,-0.0003283692,1.0081787,0.05335927,0.030763507,-0.0036643147
2026-07-20T19:27:18.470346,5.981326e-05,-0.0027697755,1.0079346,0.007557869,0.00022912025,-0.03419864
2026-07-20T19:27:18.482345,0.0017687976,-0.001793213,1.0008545,-0.022976637,0.061297894,0.011602879
2026-07-20T19:27:18.494678,0.0029895008,-0.003746338,0.9998779,0.068626404,0.030763507,-0.08000016
2026-07-20T19:27:18.507711,0.002257079,-0.003013916,0.99035645,0.007557869,0.061297894,0.0574044
2026-07-20T19:27:18.520066,0.004698485,0.0016247558,0.9937744,0.05335927,0.015496373,-0.018931508
2026-07-20T19:27:18.532398,0.0037219226,-0.0010607911,1.0030518,0.038092136,0.00022912025,-0.018931508
2026-07-20T19:27:18.544741,0.0020129383,-0.0035021973,1.0032959,-0.03824377,0.107099414,0.026870072
2026-07-20T19:27:18.556751,0.0032336414,-0.0022814942,1.0042725,-0.007709503,0.061297894,-0.12580168
2026-07-20T19:27:18.569341,0.006163329,0.0030895995,0.98742676,-0.007709503,0.1376338,0.011602879
2026-07-20T19:27:18.581747,0.0005480945,-0.0003283692,1.0447998,-0.16038108,-1.5570227,-0.018931508
2026-07-20T19:27:18.594338,0.0032336414,0.002113037,0.96398926,0.3587029,2.061298,-0.0036643147
2026-07-20T19:27:18.606726,0.0017687976,0.0008923339,1.005249,-0.32832003,-1.3127478,-0.06473303
2026-07-20T19:27:18.618731,0.001524657,0.0016247558,1.0147705,0.083893776,0.19870245,-0.03419864
2026-07-20T19:27:18.631330,0.0032336414,0.002113037,0.9678955,0.14496231,0.6567177,0.026870072
2026-07-20T19:27:18.643745,0.0039660633,-0.0054553226,1.0230713,-0.16038108,-1.2516793,-0.12580168
2026-07-20T19:27:18.656384,-0.0026257336,-0.0027697755,0.98864746,0.19076395,0.94679403,0.026870072
2026-07-20T19:27:18.668740,0.00079223514,-0.0013049317,0.99108887,-0.03824377,-0.33564866,-0.018931508
2026-07-20T19:27:18.680688,0.0051867664,0.00040405267,1.012085,0.083893776,-0.33564866,0.026870072
2026-07-20T19:27:18.693352,0.001524657,-0.0013049317,0.99279785,0.22129822,0.70251924,-0.018931508
2026-07-20T19:27:18.705738,0.004210204,0.004066162,1.0003662,-0.022976637,-0.41198456,0.07267159
2026-07-20T19:27:18.718369,0.0020129383,-0.0027697755,1.0010986,-0.007709503,0.04603064,0.07267159
2026-07-20T19:27:18.730587,-0.00091674924,-8.422858e-05,0.98205566,0.12969518,0.5498475,-0.049465835
2026-07-20T19:27:18.742843,0.0020129383,0.00015991204,1.0079346,-0.099312544,-0.62572515,-0.06473303
2026-07-20T19:27:18.755377,0.0010363758,0.0011364745,0.9925537,0.068626404,0.51931316,-0.17160326
2026-07-20T19:27:18.767771,0.0012805164,-0.0022814942,0.99450684,-0.03824377,-0.18297696,-0.08000016
2026-07-20T19:27:18.780382,-0.0016491711,-0.003013916,1.0047607,-0.007709503,-0.12190819,-0.049465835
2026-07-20T19:27:18.792706,-0.00091674924,0.002113037,0.9908447,0.09916091,0.3666414,0.07267159
2026-07-20T19:27:18.804766,0.004210204,-0.0022814942,1.0054932,0.022825003,-0.41198456,0.087938726
2026-07-20T19:27:18.817337,0.0012805164,0.0013806152,0.99694824,0.022825003,0.3666414,0.10320598
2026-07-20T19:27:18.830168,0.0039660633,0.0006481933,0.99890137,-0.099312544,-0.09137392,-0.08000016
2026-07-20T19:27:18.842366,5.981326e-05,-0.0013049317,1.0076904,0.022825003,-0.060839534,-0.03419864
2026-07-20T19:27:18.854758,0.0032336414,0.0030895995,1.0040283,0.14496231,0.1376338,-0.03419864
2026-07-20T19:27:18.866735,0.0003039539,0.0016247558,1.0006104,-0.007709503,-0.0455724,0.11847311
2026-07-20T19:27:18.879376,0.0049426258,-8.422858e-05,1.0079346,0.007557869,0.09183216,-0.0036643147
2026-07-20T19:27:18.891791,5.981326e-05,-0.0013049317,0.9979248,-0.053510904,0.015496373,-0.018931508
2026-07-20T19:27:18.904366,0.0012805164,-0.0025256348,1.00354,-0.007709503,-0.07610667,-0.0036643147
2026-07-20T19:27:18.916732,0.001524657,-0.0025256348,0.99523926,0.038092136,0.107099414,0.026870072
2026-07-20T19:27:18.929391,-0.000428468,-0.0032580567,1.005249,0.007557869,0.04603064,-0.018931508
2026-07-20T19:27:18.941472,0.004210204,0.0011364745,1.0113525,-0.022976637,-0.1982441,0.026870072
2026-07-20T19:27:18.953780,0.0017687976,0.0011364745,0.9954834,-0.022976637,0.19870245,0.087938726
2026-07-20T19:27:18.966582,0.0010363758,-0.0042346194,1.0032959,-0.12984681,-0.3051144,0.026870072
2026-07-20T19:27:18.978760,0.0005480945,0.0008923339,0.99694824,0.007557869,0.015496373,-0.049465835
2026-07-20T19:27:18.991421,0.0010363758,-0.0027697755,1.0023193,-0.053510904,0.00022912025,-0.018931508
2026-07-20T19:27:19.003689,0.0029895008,-0.0020373536,1.001831,-0.053510904,0.015496373,0.042137206
2026-07-20T19:27:19.015754,0.003477782,0.0018688964,1.0008545,-0.11457968,0.1376338,0.011602879
2026-07-20T19:27:19.028441,0.0039660633,-0.00081665046,0.9979248,-0.053510904,-0.015038013,-0.0036643147
2026-07-20T19:27:19.040795,0.003477782,-0.0010607911,0.9986572,0.022825003,0.12236655,0.07267159
2026-07-20T19:27:19.053709,0.0025012195,-0.0013049317,1.0015869,-0.007709503,-0.015038013,-0.018931508
2026-07-20T19:27:19.065789,0.0032336414,-0.005211182,1.0015869,0.068626404,-0.0455724,-0.0036643147
2026-07-20T19:27:19.078395,5.981326e-05,0.0006481933,0.9986572,0.083893776,-0.0455724,0.0574044
2026-07-20T19:27:19.090415,0.0032336414,0.0038220214,0.99768066,0.038092136,0.015496373,-0.06473303
2026-07-20T19:27:19.102766,0.0017687976,0.0011364745,1.0037842,-0.007709503,-0.09137392,-0.049465835
2026-07-20T19:27:19.115370,0.005430907,-0.0010607911,0.9959717,-0.022976637,0.09183216,-0.018931508
2026-07-20T19:27:19.127795,0.002257079,0.0006481933,0.99890137,-0.053510904,0.030763507,0.011602879
2026-07-20T19:27:19.140403,0.0003039539,-0.0042346194,0.9974365,-0.007709503,0.030763507,-0.08000016
2026-07-20T19:27:19.153322,0.0029895008,-0.00057250983,0.9967041,0.083893776,0.07656503,0.011602879
2026-07-20T19:27:19.165425,0.0029895008,-0.001793213,1.0067139,0.068626404,-0.030305147,-0.049465835
2026-07-20T19:27:19.177391,0.0012805164,-0.0027697755,1.0040283,0.083893776,0.061297894,-0.0036643147
2026-07-20T19:27:19.189789,0.0027453601,0.0026013183,0.99938965,-0.06877804,0.015496373,-0.06473303
2026-07-20T19:27:19.202399,0.0027453601,-0.0035021973,1.0032959,0.022825003,0.030763507,-0.095267355
2026-07-20T19:27:19.214810,0.0010363758,-0.0027697755,0.99279785,0.05335927,0.015496373,0.11847311
2026-07-20T19:27:19.227429,0.0059191883,-0.0015490723,1.0062256,-0.007709503,0.015496373,-0.03419864
2026-07-20T19:27:19.239769,0.0020129383,-0.0013049317,1.00354,0.038092136,0.015496373,-0.06473303
2026-07-20T19:27:19.251849,0.0010363758,-0.003990479,0.9998779,-0.022976637,0.04603064,0.042137206
2026-07-20T19:27:19.264616,0.0010363758,-0.0015490723,0.9998779,0.038092136,-0.0455724,-0.06473303
2026-07-20T19:27:19.276779,0.0049426258,-0.0003283692,1.0006104,-0.022976637,0.061297894,0.07267159
2026-07-20T19:27:19.289427,0.0020129383,-0.0010607911,0.99572754,0.038092136,-0.15244257,0.07267159
2026-07-20T19:27:19.301786,0.002257079,0.002113037,1.0045166,0.022825003,-0.09137392,-0.018931508
2026-07-20T19:27:19.313815,5.981326e-05,-0.0032580567,0.99328613,0.022825003,0.22923684,0.011602879
2026-07-20T19:27:19.326382,0.0049426258,-8.422858e-05,1.0025635,-0.11457968,-0.24404562,0.042137206
2026-07-20T19:27:19.338801,0.00079223514,0.0016247558,1.0008545,-0.022976637,0.22923684,-0.0036643147
2026-07-20T19:27:19.351427,0.004698485,-0.005211182,1.0081787,-0.06877804,-0.13717544,0.011602879
2026-07-20T19:27:19.364228,0.0012805164,-0.0022814942,1.0062256,0.068626404,-0.106641054,-0.018931508
2026-07-20T19:27:19.376417,0.006163329,-0.00057250983,1.0028076,0.022825003,0.030763507,0.087938726
2026-07-20T19:27:19.388818,0.0025012195,-0.001793213,0.9888916,0.068626404,0.19870245,-0.0036643147
2026-07-20T19:27:19.401431,0.0049426258,-0.0022814942,1.001831,-0.12984681,-0.12190819,0.042137206
2026-07-20T19:27:19.413458,0.0012805164,0.0011364745,1.0020752,0.022825003,0.00022912025,-0.018931508
2026-07-20T19:27:19.425824,0.0020129383,-0.0010607911,0.9974365,-0.022976637,0.12236655,0.011602879
2026-07-20T19:27:19.438396,0.003477782,-0.0010607911,1.0050049,-0.022976637,0.07656503,0.0574044
2026-07-20T19:27:19.450786,0.00079223514,-0.0047229007,0.99645996,-0.03824377,0.04603064,0.13374025
2026-07-20T19:27:19.463477,0.002257079,-0.0015490723,1.0025635,-0.099312544,-0.1982441,-0.0036643147
2026-07-20T19:27:19.475521,0.0039660633,-0.0022814942,0.9984131,0.05335927,0.16816807,0.011602879
2026-07-20T19:27:19.487804,0.0044543445,0.00040405267,1.0015869,-0.099312544,-0.18297696,-0.11053455
2026-07-20T19:27:19.500440,0.0076281726,0.00015991204,1.00354,0.038092136,0.015496373,0.042137206
2026-07-20T19:27:19.512827,0.001524657,-0.0027697755,0.99523926,-0.03824377,0.107099414,0.011602879
2026-07-20T19:27:19.525448,0.0027453601,-0.001793213,1.0064697,-0.08404517,-0.106641054,0.026870072
2026-07-20T19:27:19.537822,0.0005480945,0.002113037,1.0042725,0.022825003,0.030763507,-0.018931508
2026-07-20T19:27:19.549798,-0.0021374524,-0.001793213,0.9979248,0.068626404,-0.0455724,-0.049465835
2026-07-20T19:27:19.562496,0.0029895008,-0.0010607911,1.0025635,-0.06877804,0.030763507,-0.08000016
2026-07-20T19:27:19.574841,0.00079223514,-0.0003283692,0.9954834,0.007557869,-0.015038013,0.042137206
2026-07-20T19:27:19.587828,-0.0011608899,-0.0047229007,0.99890137,-0.06877804,-0.07610667,-0.049465835
2026-07-20T19:27:19.599844,0.0020129383,0.0008923339,0.99938965,0.038092136,0.030763507,-0.049465835
2026-07-20T19:27:19.612456,0.005430907,-0.0013049317,0.9998779,0.022825003,-0.12190819,0.042137206
2026-07-20T19:27:19.624833,0.0012805164,-0.0020373536,1.0013428,-0.053510904,0.04603064,0.07267159
2026-07-20T19:27:19.637408,0.001524657,-0.00081665046,1.0003662,0.05335927,0.15290093,-0.06473303
2026-07-20T19:27:19.649443,0.0056750476,0.0006481933,0.9954834,-0.053510904,0.030763507,0.10320598
2026-07-20T19:27:19.661811,0.004210204,-0.003746338,1.0006104,-0.022976637,0.00022912025,0.11847311
2026-07-20T19:27:19.674480,0.0025012195,-8.422858e-05,1.0001221,0.022825003,0.00022912025,0.0574044
2026-07-20T19:27:19.687308,0.0020129383,-8.422858e-05,0.99694824,-0.06877804,-0.16770983,-0.08000016
2026-07-20T19:27:19.699483,0.003477782,-0.0020373536,0.9991455,-0.03824377,0.16816807,0.042137206
2026-07-20T19:27:19.711824,0.0032336414,-0.003013916,1.0074463,-0.022976637,-0.12190819,-0.0036643147
2026-07-20T19:27:19.724477,0.001524657,-0.00081665046,1.0064697,-0.08404517,-0.1982441,-0.049465835
2026-07-20T19:27:19.736422,-0.000428468,-0.0013049317,0.9971924,0.17549682,0.2903055,0.026870072
2026-07-20T19:27:19.748813,0.004698485,0.0023571777,1.0037842,0.05335927,-0.060839534,-0.03419864
2026-07-20T19:27:19.761489,0.003477782,-0.00447876,1.0010986,0.007557869,0.07656503,0.0574044
