timestamp,_x,gyro_y,gyro_z
2026-07-20T18:21:35.605940,2.183206,-1.2366412,0.96183205
2026-07-20T18:21:35.607802,-0.088134766,0.0029296875,1.0124512,2.167939,-1.6793894,0.99236643
2026-07-20T18:21:35.609815,-0.09375,0.0021972656,1.0200195,2.091603,-1.3587786,0.99236643
2026-07-20T18:21:35.613408,-0.09399414,0.0029296875,1.0114746,2.1374047,-1.3435115,1.0534351
2026-07-20T18:21:35.615836,-0.08935547,0.0043945313,1.0131836,2.1984732,-1.5267175,0.90076333
2026-07-20T18:21:35.617709,-0.09057617,0.0036621094,1.0178223,2.1374047,-1.4351145,1.0687023
2026-07-20T18:21:35.618881,-0.08984375,0.0036621094,1.0126953,2.1221373,-1.3435115,0.9312977
2026-07-20T18:21:35.620835,-0.092285156,0.009277344,1.0144043,2.0610688,-1.3740458,0.90076333
2026-07-20T18:21:35.622781,-0.0949707,0.0021972656,1.0183105,2.1526718,-1.3740458,0.9465649
2026-07-20T18:21:35.627811,-0.09643555,0.0063476563,1.0151367,2.076336,-0.0871582,-1.4351145,0.9465649
2026-07-20T18:21:35.629089,-0.09375,0.005859375,1.0168457,2.167939,-1.4045801,0.9312977
2026-07-20T18:21:35.638903,-0.09399414,0.0078125,1.017334,2.167939,-1.4045801,0.9160305
2026-07-20T18:21:35.650908,-0.09838867,0.0078125,1.0153809,2.1526718,-1.4351145,1.038168
2026-07-20T18:21:35.663740,-0.09838867,0.0078125,1.0102539,2.183206,-1.480916,0.8854962
2026-07-20T18:21:35.674941,-0.092285156,0.005859375,1.0153809,2.183206,-1.3587786,0.8854962
2026-07-20T18:21:35.687380,-0.09448242,0.0063476563,1.0131836,2.2290077,-1.5267175,0.9312977
2026-07-20T18:21:35.699372,-0.09277344,0.009521484,1.0124512,2.1374047,-1.3435115,0.9160305
2026-07-20T18:21:35.711375,-0.091796875,0.0061035156,1.0163574,2.0610688,-1.4503816,0.9465649
2026-07-20T18:21:35.723377,-0.095458984,0.0078125,1.0163574,2.1068702,-1.4656489,0.9312977
2026-07-20T18:21:35.735404,-0.09472656,0.004638672,1.0183105,2.2748091,-1.5572519,0.9312977
2026-07-20T18:21:35.747919,-0.09106445,0.0053710938,1.0136719,2.1526718,-1.3587786,0.8396947
2026-07-20T18:21:35.759920,-0.092285156,0.0075683594,1.0192871,2.167939,-1.4198474,0.8854962
2026-07-20T18:21:35.771941,-0.092041016,0.0053710938,1.0134277,2.259542,-1.4656489,1.0076336
2026-07-20T18:21:35.784372,-0.09350586,0.006591797,1.0144043,2.1221373,-1.480916,0.8091603
2026-07-20T18:21:35.796390,-0.09057617,0.0061035156,1.0114746,2.183206,-1.4503816,0.9160305
2026-07-20T18:21:35.808384,-0.092285156,0.005859375,1.0163574,2.1984732,-1.4198474,0.870229
2026-07-20T18:21:35.820935,-0.09423828,0.0073242188,1.0227051,2.076336,-1.3435115,0.9465649
2026-07-20T18:21:35.832959,-0.092285156,0.0078125,1.0146484,2.167939,-1.4503816,0.96183205
2026-07-20T18:21:35.844909,-0.09423828,0.0041503906,1.0178223,2.1068702,-1.4351145,0.9312977
2026-07-20T18:21:35.856922,-0.095947266,0.01171875,1.0117188,2.167939,-1.3587786,0.99236643
2026-07-20T18:21:35.869396,-0.092041016,0.0063476563,1.0136719,2.2137403,-1.480916,0.8396947
2026-07-20T18:21:35.881860,-0.09399414,0.0087890625,1.0158691,2.2137403,-1.389313,0.9160305
2026-07-20T18:21:35.893398,-0.09106445,0.008544922,1.0131836,2.091603,-1.3740458,0.96183205
2026-07-20T18:21:35.905334,-0.09692383,0.007080078,1.015625,2.167939,-1.3587786,0.8396947
2026-07-20T18:21:35.917392,-0.09716797,0.005859375,1.0136719,2.1984732,-1.3740458,0.9160305
2026-07-20T18:21:35.929403,-0.087890625,0.009033203,1.0141602,2.259542,-1.389313,0.9465649
2026-07-20T18:21:35.941370,-0.09301758,0.008056641,1.0148926,2.167939,-1.4351145,0.870229
2026-07-20T18:21:35.953969,-0.0925293,0.0063476563,1.0151367,2.183206,-1.4351145,0.9312977
2026-07-20T18:21:35.965951,-0.09716797,0.0036621094,1.0114746,2.259542,-1.389313,0.9465649
2026-07-20T18:21:35.977953,-0.09423828,0.0061035156,1.0170898,2.1526718,-1.4045801,0.8396947
2026-07-20T18:21:35.989938,-0.0925293,0.007080078,1.0119629,2.183206,-1.3740458,0.9160305
2026-07-20T18:21:36.002365,-0.09472656,0.0056152344,1.0153809,2.2442749,-1.389313,0.9312977
2026-07-20T18:21:36.014346,-0.09667969,0.0053710938,1.0085449,2.1526718,-1.4961832,1.038168
2026-07-20T18:21:36.026396,-0.09472656,0.00390625,1.0087891,2.1526718,-1.4198474,0.9160305
2026-07-20T18:21:36.038404,-0.091308594,0.010498047,1.0092773,2.1374047,-1.3435115,0.8854962
2026-07-20T18:21:36.049907,-0.09716797,0.0061035156,1.0175781,2.183206,-1.389313,0.8549618
2026-07-20T18:21:36.062419,-0.09350586,0.0036621094,1.0080566,2.1374047,-1.5114504,0.9312977
2026-07-20T18:21:36.074354,-0.091796875,0.0031738281,1.012207,2.183206,-1.3282443,0.870229
2026-07-20T18:21:36.086397,-0.09423828,0.010498047,1.017334,2.1984732,-1.4503816,0.8091603
2026-07-20T18:21:36.098416,-0.095214844,0.0043945313,1.0151367,2.2137403,-1.3740458,0.870229
2026-07-20T18:21:36.111202,-0.08911133,0.010009766,1.0146484,2.2442749,-1.6030535,0.96183205
2026-07-20T18:21:36.122969,-0.09350586,0.008300781,1.0102539,2.2442749,-1.4198474,0.8549618
2026-07-20T18:21:36.134944,-0.09423828,0.0087890625,1.0083008,2.2290077,-1.480916,0.9160305
2026-07-20T18:21:36.146955,-0.0949707,0.009277344,1.0161133,2.2442749,-1.3587786,0.9160305
2026-07-20T18:21:36.158968,-0.09399414,0.008056641,1.0153809,2.1984732,-1.5114504,0.90076333
2026-07-20T18:21:36.170969,-0.09277344,0.010009766,1.0205078,2.091603,-1.3740458,0.8854962
2026-07-20T18:21:36.182962,-0.09375,0.0075683594,1.0141602,2.2137403,-1.4198474,0.8549618
2026-07-20T18:21:36.194945,-0.092041016,0.0048828125,1.0175781,2.091603,-1.4045801,0.9312977
2026-07-20T18:21:36.206990,-0.095214844,0.0075683594,1.0187988,2.2137403,-1.4961832,0.96183205
2026-07-20T18:21:36.218497,-0.09277344,0.005859375,1.0170898,2.167939,-1.4351145,0.97709924
2026-07-20T18:21:36.231432,-0.095214844,0.0034179688,1.015625,2.1068702,-1.4503816,0.9465649
2026-07-20T18:21:36.242973,-0.09301758,0.009277344,1.012207,2.1374047,-1.3435115,0.90076333
2026-07-20T18:21:36.255418,-0.096191406,0.004638672,1.015625,2.091603,-1.4198474,0.8549618
2026-07-20T18:21:36.267419,-0.095214844,0.009277344,1.0192871,2.183206,-1.4351145,0.9312977
2026-07-20T18:21:36.279433,-0.0925293,0.0068359375,1.0119629,2.2442749,-1.4961832,0.99236643
2026-07-20T18:21:36.291452,-0.091552734,0.0041503906,1.0153809,2.1221373,-1.3282443,0.96183205
2026-07-20T18:21:36.303430,-0.09667969,0.0068359375,1.0141602,2.1221373,-1.4045801,0.9465649
2026-07-20T18:21:36.315436,-0.099365234,0.0029296875,1.0124512,2.167939,-1.389313,0.8091603
2026-07-20T18:21:36.328240,-0.091796875,0.009765625,1.0197754,2.0610688,-1.4045801,0.90076333
2026-07-20T18:21:36.339434,-0.091796875,0.0061035156,1.019043,2.2137403,-1.4351145,0.9160305
2026-07-20T18:21:36.351428,-0.09106445,0.008056641,1.013916,2.1221373,-1.3587786,0.9312977
2026-07-20T18:21:36.363407,-0.0925293,0.008300781,1.0073242,2.1068702,-1.3435115,0.90076333
2026-07-20T18:21:36.375428,-0.09301758,0.0087890625,1.0192871,2.167939,-1.5114504,0.9160305
2026-07-20T18:21:36.387408,-0.09423828,0.0068359375,1.0166016,2.183206,-1.4961832,1.0076336
2026-07-20T18:21:36.399398,-0.09375,0.0056152344,1.0161133,2.2442749,-1.3740458,0.8396947
2026-07-20T18:21:36.411427,-0.09301758,0.009033203,1.0134277,2.076336,-1.4198474,0.9312977
2026-07-20T18:21:36.423425,-0.09643555,0.0041503906,1.0192871,2.1526718,-1.3587786,0.9312977
2026-07-20T18:21:36.435804,-0.09106445,0.005859375,1.0170898,2.1374047,-1.4503816,0.99236643
2026-07-20T18:21:36.447417,-0.09082031,0.008056641,1.013916,2.2137403,-1.4503816,1.0229008
2026-07-20T18:21:36.459422,-0.09008789,0.009277344,1.0124512,2.1374047,-1.389313,0.97709924
2026-07-20T18:21:36.471385,-0.091552734,0.007080078,1.017334,2.2290077,-1.5419847,0.870229
2026-07-20T18:21:36.483452,-0.09472656,0.001953125,1.0166016,2.091603,-1.3435115,1.0534351
2026-07-20T18:21:36.495446,-0.091552734,0.006591797,1.013916,2.1068702,-1.3740458,0.9465649
2026-07-20T18:21:36.507444,-0.092041016,0.0075683594,1.0153809,2.183206,-1.389313,0.8854962
2026-07-20T18:21:36.519475,-0.096191406,0.0061035156,1.0126953,2.076336,-1.3587786,0.9160305
2026-07-20T18:21:36.531458,-0.092285156,0.010009766,1.0090332,2.183206,-1.5267175,0.8854962
2026-07-20T18:21:36.544021,-0.09326172,0.0073242188,1.0131836,2.1526718,-1.4503816,0.96183205
2026-07-20T18:21:36.556393,-0.092041016,0.0061035156,1.0131836,2.1374047,-1.4198474,0.9160305
2026-07-20T18:21:36.568062,-0.096191406,0.0053710938,1.0161133,2.183206,-1.389313,0.79389316
2026-07-20T18:21:36.580017,-0.09106445,0.0075683594,1.0134277,2.2137403,-1.4656489,0.97709924
2026-07-20T18:21:36.592028,-0.09472656,0.008544922,1.0129395,2.183206,-1.3587786,0.9160305
2026-07-20T18:21:36.604447,-0.09741211,0.008056641,1.0131836,2.1221373,-1.3587786,0.9160305
2026-07-20T18:21:36.616461,-0.096191406,0.009521484,1.0161133,2.2900763,-1.4351145,0.8244275
2026-07-20T18:21:36.628460,-0.09350586,0.009033203,1.012207,2.183206,-1.4656489,0.9312977
2026-07-20T18:21:36.640100,-0.091796875,0.0087890625,1.0124512,2.1984732,-1.4351145,0.96183205
2026-07-20T18:21:36.652057,-0.09399414,0.009277344,1.0131836,2.1984732,-1.4045801,0.97709924
2026-07-20T18:21:36.664286,-0.095703125,0.0056152344,1.0019531,2.2290077,-1.4656489,0.8854962
2026-07-20T18:21:36.676486,-0.092285156,0.009765625,1.019043,2.1526718,-1.3587786,0.8854962
2026-07-20T18:21:36.688420,-0.09350586,0.011230469,1.0175781,2.1221373,-1.4045801,0.8854962
2026-07-20T18:21:36.699998,-0.0949707,0.008544922,1.0205078,2.183206,-1.4351145,0.97709924
2026-07-20T18:21:36.712554,-0.092041016,0.0068359375,1.0092773,2.2900763,-1.4045801,0.9160305
2026-07-20T18:21:36.724043,-0.095947266,0.0061035156,1.0136719,2.167939,-1.3435115,0.9465649
2026-07-20T18:21:36.736458,-0.091552734,0.0078125,1.012207,2.0610688,-1.389313,0.90076333
2026-07-20T18:21:36.748510,-0.09301758,0.008544922,1.0175781,2.1984732,-1.4351145,0.8396947
2026-07-20T18:21:36.760492,-0.09277344,0.009033203,1.0168457,2.167939,-1.4198474,0.97709924
2026-07-20T18:21:36.772059,-0.09399414,0.005859375,1.0161133,2.1984732,-1.4656489,0.96183205
2026-07-20T18:21:36.784407,-0.09375,0.009521484,1.0141602,2.2442749,-1.6030535,0.8854962
2026-07-20T18:21:36.796464,-0.09423828,0.009033203,1.0229492,2.167939,-1.4961832,0.8854962
2026-07-20T18:21:36.808474,-0.09838867,0.008056641,1.0202637,2.1374047,-1.3435115,0.9312977
2026-07-20T18:21:36.820492,-0.09057617,0.0061035156,1.0178223,2.2137403,-1.3435115,0.97709924
2026-07-20T18:21:36.832481,-0.09350586,0.0021972656,1.0085449,2.183206,-1.480916,0.9312977
2026-07-20T18:21:36.844446,-0.08959961,0.008056641,1.0148926,2.183206,-1.3587786,0.8396947
2026-07-20T18:21:36.856502,-0.096191406,0.011474609,1.0112305,2.2137403,-1.5267175,0.90076333
2026-07-20T18:21:36.868485,-0.09448242,0.009521484,1.0141602,2.183206,-1.3435115,0.96183205
2026-07-20T18:21:36.880932,-0.09375,0.007080078,1.0134277,2.167939,-1.3587786,0.96183205
2026-07-20T18:21:36.892479,-0.09472656,0.0087890625,1.015625,2.167939,-1.3740458,0.8549618
2026-07-20T18:21:36.904418,-0.09765625,0.007080078,1.0141602,2.259542,-1.4351145,0.9160305
2026-07-20T18:21:36.917054,-0.0949707,0.0063476563,1.0161133,2.183206,-1.4198474,0.90076333
2026-07-20T18:21:36.929059,-0.0949707,0.0061035156,1.0183105,2.1374047,-1.4503816,0.9160305
2026-07-20T18:21:36.941071,-0.099609375,0.0087890625,1.015625,2.1221373,-1.3587786,0.8549618
2026-07-20T18:21:36.953065,-0.095214844,0.009765625,1.0192871,2.259542,-1.4503816,0.8854962
2026-07-20T18:21:36.965101,-0.095458984,0.00390625,1.0158691,2.091603,-1.4503816,0.870229
2026-07-20T18:21:36.977070,-0.091308594,0.010009766,1.0126953,2.1221373,-1.4961832,0.8091603
2026-07-20T18:21:36.989061,-0.09326172,0.0078125,1.0131836,2.2137403,-1.5267175,0.9312977
2026-07-20T18:21:37.001064,-0.09667969,0.005126953,1.0148926,2.2442749,-1.3740458,1.0076336
2026-07-20T18:21:37.013065,-0.0949707,0.0075683594,1.0183105,2.167939,-1.4045801,0.8854962
2026-07-20T18:21:37.025119,-0.09326172,0.0041503906,1.0126953,2.2442749,-1.4503816,0.8854962
2026-07-20T18:21:37.036989,-0.09448242,0.009277344,1.013916,2.2137403,-1.3740458,1.0076336
2026-07-20T18:21:37.049508,-0.09326172,0.0053710938,1.0144043,2.167939,-1.29771,0.97709924
2026-07-20T18:21:37.061530,-0.09448242,0.009277344,1.0134277,2.2137403,-1.3587786,1.0076336
2026-07-20T18:21:37.073118,-0.09375,0.005126953,1.0163574,2.1526718,-1.4198474,0.90076333
2026-07-20T18:21:37.085510,-0.09423828,0.0043945313,1.0158691,2.2137403,-1.3282443,0.9312977
2026-07-20T18:21:37.097499,-0.09277344,0.00390625,1.0146484,2.2442749,-1.4045801,0.9160305
2026-07-20T18:21:37.109868,-0.09082031,0.007080078,1.020752,2.1068702,-1.480916,0.97709924
2026-07-20T18:21:37.121514,-0.09643555,0.009521484,1.0153809,2.1374047,-1.4503816,0.90076333
2026-07-20T18:21:37.133469,-0.09472656,0.0075683594,1.019043,2.076336,-1.389313,0.8854962
2026-07-20T18:21:37.146096,-0.095214844,0.0075683594,1.0180664,2.2290077,-1.4198474,1.0229008
2026-07-20T18:21:37.158022,-0.095703125,0.0053710938,1.0158691,2.2137403,-1.4045801,0.8549618
2026-07-20T18:21:37.170510,-0.092285156,0.0043945313,1.0087891,2.091603,-1.389313,0.8854962
2026-07-20T18:21:37.182521,-0.09887695,0.0036621094,1.0212402,2.1984732,-1.4351145,0.870229
2026-07-20T18:21:37.194464,-0.09472656,0.0107421875,1.0124512,2.1221373,-1.5267175,0.8854962
2026-07-20T18:21:37.206534,-0.095458984,0.0087890625,1.0131836,2.2290077,-1.389313,0.9160305
2026-07-20T18:21:37.218599,-0.09790039,0.0043945313,1.0212402,2.2748091,-1.5114504,0.96183205
2026-07-20T18:21:37.231079,-0.092041016,0.009277344,1.0087891,2.1221373,-1.4045801,0.8091603
2026-07-20T18:21:37.243060,-0.09790039,0.0031738281,1.0097656,2.1984732,-1.4045801,0.9160305
2026-07-20T18:21:37.255014,-0.092041016,0.008300781,1.0148926,2.167939,-1.3587786,0.9312977
2026-07-20T18:21:37.267033,-0.091552734,0.009765625,1.0180664,2.1984732,-1.3435115,0.90076333
2026-07-20T18:21:37.279026,-0.09008789,0.0087890625,1.0136719,2.2137403,-1.4503816,0.9465649
2026-07-20T18:21:37.291047,-0.09448242,0.009521484,1.0087891,2.1984732,-1.389313,0.96183205
2026-07-20T18:21:37.303033,-0.095214844,0.0061035156,1.0222168,2.2442749,-1.4503816,1.0229008
2026-07-20T18:21:37.315012,-0.091552734,0.009033203,1.0146484,2.167939,-1.480916,0.8854962
2026-07-20T18:21:37.327435,-0.092041016,0.0068359375,1.0134277,2.2748091,-1.4656489,0.96183205
2026-07-20T18:21:37.339019,-0.09838867,0.0068359375,1.0170898,2.091603,-1.4656489,0.96183205
2026-07-20T18:21:37.351532,-0.09472656,0.0053710938,1.0024414,2.183206,-1.389313,0.96183205
2026-07-20T18:21:37.363483,-0.09301758,0.0075683594,1.0166016,2.167939,-1.29771,0.90076333
2026-07-20T18:21:37.376047,-0.095703125,0.0073242188,1.0141602,2.2137403,-1.4045801,0.8244275
2026-07-20T18:21:37.388033,-0.09350586,0.006591797,1.0141602,2.2290077,-1.3740458,0.9312977
2026-07-20T18:21:37.400041,-0.095214844,0.0075683594,1.0129395,2.259542,-1.3129771,1.0992366
2026-07-20T18:21:37.412044,-0.09643555,0.0061035156,1.0144043,2.2290077,-1.389313,0.8549618
2026-07-20T18:21:37.424040,-0.09008789,0.0048828125,1.017334,2.1068702,-1.4198474,0.870229
2026-07-20T18:21:37.436411,-0.09399414,0.0068359375,1.0109863,2.1068702,-1.4198474,0.8854962
2026-07-20T18:21:37.448113,-0.09033203,0.005859375,1.0097656,2.1068702,-1.3282443,0.8854962
2026-07-20T18:21:37.460169,-0.0949707,0.0048828125,1.0178223,2.1526718,-1.3587786,0.8244275
2026-07-20T18:21:37.472043,-0.092041016,0.009033203,1.0129395,2.2137403,-1.3435115,0.9312977
2026-07-20T18:21:37.484057,-0.091552734,0.0087890625,1.0178223,2.2290077,-1.3129771,0.96183205
2026-07-20T18:21:37.496038,-0.09106445,0.010986328,1.0148926,2.2442749,-1.4503816,1.0076336
2026-07-20T18:21:37.508049,-0.09326172,0.010498047,1.0178223,2.1984732,-1.4503816,0.9160305
2026-07-20T18:21:37.520053,-0.091552734,0.012207031,1.013916,2.1984732,-1.4198474,0.9160305
2026-07-20T18:21:37.532160,-0.095947266,0.008544922,1.0158691,2.259542,-1.4656489,0.9160305
2026-07-20T18:21:37.544865,-0.091796875,0.0073242188,1.0168457,2.1526718,-1.3282443,0.79389316
2026-07-20T18:21:37.556533,-0.09472656,0.0031738281,1.0178223,2.1068702,-1.3740458,0.97709924
2026-07-20T18:21:37.568526,-0.0925293,0.008544922,1.0144043,2.091603,-1.5419847,0.90076333
2026-07-20T18:21:37.581085,-0.09326172,0.005126953,1.0129395,2.1221373,-1.3740458,0.9160305
2026-07-20T18:21:37.593083,-0.0949707,0.008544922,1.0168457,2.1068702,-1.3740458,0.90076333
2026-07-20T18:21:37.605111,-0.091796875,0.0107421875,1.0136719,2.1984732,-1.4503816,0.99236643
2026-07-20T18:21:37.617093,-0.0949707,0.008300781,1.0158691,2.2442749,-1.480916,0.9312977
2026-07-20T18:21:37.629169,-0.09277344,0.0107421875,1.010498,2.1526718,-1.4351145,0.96183205
2026-07-20T18:21:37.641214,-0.09277344,0.0073242188,1.0185547,2.2290077,-1.4045801,0.96183205
2026-07-20T18:21:37.653544,-0.09350586,0.0063476563,1.0146484,2.2442749,-1.480916,0.97709924
2026-07-20T18:21:37.666425,-0.09301758,0.0053710938,1.0134277,2.1068702,-1.4351145,0.870229
2026-07-20T18:21:37.678148,-0.095458984,0.0087890625,1.0144043,2.2137403,-1.4351145,0.99236643
2026-07-20T18:21:37.690068,-0.09375,0.008056641,1.0153809,2.1984732,-1.4503816,0.8396947
2026-07-20T18:21:37.702056,-0.09082031,0.009521484,1.012207,2.2290077,-1.4351145,0.9465649
2026-07-20T18:21:37.714540,-0.095458984,0.0063476563,1.0180664,2.2137403,-1.4656489,1.0076336
2026-07-20T18:21:37.726143,-0.09057617,0.010009766,1.0209961,2.1374047,-1.4351145,0.90076333
2026-07-20T18:21:37.738551,-0.09375,0.0029296875,1.0144043,2.2137403,-1.3435115,0.97709924
2026-07-20T18:21:37.750547,-0.091552734,0.0075683594,1.0146484,2.259542,-1.480916,0.9312977
2026-07-20T18:21:37.762545,-0.09643555,0.0078125,1.0136719,2.1984732,-1.4656489,0.97709924
2026-07-20T18:21:37.774918,-0.09301758,0.008300781,1.015625,2.0610688,-1.480916,0.8396947
2026-07-20T18:21:37.786552,-0.09399414,0.007080078,1.0185547,2.183206,-1.3435115,0.870229
2026-07-20T18:21:37.798570,-0.0949707,0.0107421875,1.015625,2.1221373,-1.480916,0.97709924
2026-07-20T18:21:37.810573,-0.09643555,0.01171875,1.0183105,2.1221373,-1.3435115,0.90076333
2026-07-20T18:21:37.823145,-0.09033203,0.0107421875,1.0195313,2.1374047,-1.480916,0.9312977
2026-07-20T18:21:37.835160,-0.091796875,0.0036621094,1.0129395,2.2137403,-1.5114504,0.9160305
2026-07-20T18:21:37.847563,-0.09448242,0.0053710938,1.0187988,2.183206,-1.4656489,0.9312977
2026-07-20T18:21:37.859552,-0.0949707,0.004638672,1.0170898,2.1526718,-1.4351145,0.8549618
2026-07-20T18:21:37.871570,-0.095703125,0.009521484,1.0158691,2.1526718,-1.3587786,0.90076333
2026-07-20T18:21:37.883585,-0.095703125,0.009765625,1.0212402,2.2137403,-1.4045801,0.96183205
2026-07-20T18:21:37.895583,-0.095703125,0.006591797,1.0166016,2.1984732,-1.3587786,0.870229
2026-07-20T18:21:37.907604,-0.09667969,0.005859375,1.0146484,2.1221373,-1.5725191,0.90076333
2026-07-20T18:21:37.919589,-0.09350586,0.009521484,1.0178223,2.091603,-1.389313,0.870229
2026-07-20T18:21:37.931596,-0.09667969,0.009521484,1.0202637,2.1526718,-1.389313,0.9160305
2026-07-20T18:21:37.943593,-0.09375,0.0075683594,1.010498,2.1068702,-1.4045801,0.9465649
2026-07-20T18:21:37.955588,-0.096191406,0.0078125,1.0146484,2.091603,-1.4656489,0.9312977
2026-07-20T18:21:37.967593,-0.09277344,0.008300781,1.010498,2.2137403,-1.4656489,0.97709924
2026-07-20T18:21:37.979606,-0.09472656,0.0063476563,1.0148926,2.076336,-1.3740458,0.9465649
2026-07-20T18:21:37.992407,-0.09448242,0.009033203,1.015625,2.1984732,-1.480916,0.8091603
2026-07-20T18:21:38.004130,-0.09472656,0.0078125,1.013916,2.1984732,-1.389313,0.90076333
2026-07-20T18:21:38.016146,-0.092285156,0.008300781,1.0187988,2.1374047,-1.4351145,0.9312977
2026-07-20T18:21:38.028166,-0.09375,0.0063476563,1.0175781,2.1374047,-1.389313,0.90076333
2026-07-20T18:21:38.040575,-0.096191406,0.0087890625,1.0117188,2.183206,-1.4503816,0.870229
2026-07-20T18:21:38.052636,-0.091796875,0.00390625,1.0166016,2.183206,-1.3282443,0.9312977
2026-07-20T18:21:38.064550,-0.09350586,0.005126953,1.0090332,2.1526718,-1.389313,0.8549618
2026-07-20T18:21:38.077265,-0.095458984,0.0048828125,1.0195313,2.1374047,-1.4503816,0.9160305
2026-07-20T18:21:38.089199,-0.09423828,0.0043945313,1.0131836,2.1984732,-1.389313,0.8854962
2026-07-20T18:21:38.101196,-0.09448242,0.010498047,1.0246582,2.2900763,-1.4045801,0.99236643
2026-07-20T18:21:38.113549,-0.095214844,0.0075683594,1.0168457,2.2442749,-1.3740458,0.8396947
2026-07-20T18:21:38.125662,-0.09301758,0.0078125,1.0166016,2.1374047,-1.3740458,1.0076336
2026-07-20T18:21:38.137612,-0.0925293,0.00390625,1.015625,2.2137403,-1.4351145,0.9160305
2026-07-20T18:21:38.149633,-0.09375,0.008544922,1.0129395,2.183206,-1.4198474,0.90076333
2026-07-20T18:21:38.161639,-0.095703125,0.0053710938,1.0146484,2.1374047,-1.4198474,0.9160305
2026-07-20T18:21:38.174207,-0.0925293,0.0073242188,1.0107422,2.183206,-1.3740458,0.8549618
2026-07-20T18:21:38.186622,-0.09472656,0.0063476563,1.0209961,2.2290077,-1.4198474,0.9160305
2026-07-20T18:21:38.198613,-0.09350586,0.007080078,1.0163574,2.167939,-1.389313,0.9465649
2026-07-20T18:21:38.210614,-0.09667969,0.0041503906,1.0185547,2.1221373,-1.4198474,1.0534351
2026-07-20T18:21:38.222950,-0.09350586,0.0036621094,1.0144043,2.183206,-1.4045801,0.9465649
2026-07-20T18:21:38.234637,-0.09472656,0.0078125,1.0192871,2.1526718,-1.4961832,0.870229
2026-07-20T18:21:38.246630,-0.09423828,0.009765625,1.0166016,2.1526718,-1.4961832,0.8854962
2026-07-20T18:21:38.258637,-0.08984375,0.0068359375,1.0158691,2.2442749,-1.389313,0.8244275
2026-07-20T18:21:38.270637,-0.09448242,0.0041503906,1.0144043,2.1526718,-1.3587786,0.9160305
2026-07-20T18:21:38.282631,-0.09326172,0.01171875,1.015625,2.1068702,-1.5114504,0.96183205
2026-07-20T18:21:38.294696,-0.091308594,0.0061035156,1.0114746,2.1526718,-1.3587786,0.90076333
2026-07-20T18:21:38.306667,-0.09008789,0.009765625,1.0114746,2.1221373,-1.389313,0.9312977
2026-07-20T18:21:38.318698,-0.09472656,0.0107421875,1.0170898,2.2442749,-1.4503816,0.96183205
2026-07-20T18:21:38.331152,-0.09814453,0.010253906,1.0166016,2.2137403,-1.4656489,0.99236643
2026-07-20T18:21:38.342630,-0.091308594,0.004638672,1.0087891,2.1526718,-1.4351145,0.9160305
2026-07-20T18:21:38.354582,-0.095947266,0.009033203,1.0095215,2.2137403,-1.3740458,1.0229008
2026-07-20T18:21:38.366621,-0.09277344,0.005126953,1.0129395,2.091603,-1.389313,0.96183205
2026-07-20T18:21:38.378636,-0.091796875,0.009277344,1.0214844,2.1221373,-1.4656489,0.8396947
2026-07-20T18:21:38.390627,-0.095458984,0.009521484,1.0112305,2.1221373,-1.389313,0.8854962
2026-07-20T18:21:38.402630,-0.09448242,0.008544922,1.0183105,2.259542,-1.480916,0.9160305
2026-07-20T18:21:38.414607,-0.09106445,0.009521484,1.0114746,2.1526718,-1.4198474,0.90076333
2026-07-20T18:21:38.426641,-0.092285156,0.0056152344,1.0136719,2.1984732,-1.4198474,0.79389316
2026-07-20T18:21:38.439033,-0.09692383,0.006591797,1.0087891,2.167939,-1.5267175,0.8549618
2026-07-20T18:21:38.450634,-0.09765625,0.006591797,1.020752,2.3206108,-1.389313,0.9160305
2026-07-20T18:21:38.462628,-0.09643555,0.008300781,1.0183105,2.2290077,-1.389313,0.870229
2026-07-20T18:21:38.475220,-0.0925293,0.0063476563,1.0151367,2.259542,-1.480916,0.99236643
2026-07-20T18:21:38.487642,-0.0949707,0.0087890625,1.0117188,2.2290077,-1.4045801,0.97709924
2026-07-20T18:21:38.499629,-0.08911133,0.008300781,1.0151367,2.183206,-1.4198474,0.870229
2026-07-20T18:21:38.511651,-0.09643555,0.0061035156,1.0151367,2.2137403,-1.3587786,0.8244275
2026-07-20T18:21:38.524155,-0.0949707,0.0063476563,1.015625,2.259542,-1.4503816,0.97709924
2026-07-20T18:21:38.536205,-0.09423828,0.005859375,1.0144043,2.167939,-1.4656489,0.97709924
2026-07-20T18:21:38.548194,-0.095703125,0.0087890625,1.012207,2.2137403,-1.29771,0.9465649
2026-07-20T18:21:38.560566,-0.092041016,0.0075683594,1.0144043,2.1221373,-1.4656489,1.0076336
2026-07-20T18:21:38.572661,-0.095214844,0.0043945313,1.0214844,2.2442749,-1.4351145,0.97709924
2026-07-20T18:21:38.584636,-0.095703125,0.0087890625,1.0146484,2.167939,-1.3435115,1.0076336
2026-07-20T18:21:38.596665,-0.0925293,0.0075683594,1.019043,2.2137403,-1.4351145,0.8854962
2026-07-20T18:21:38.608676,-0.095947266,0.0061035156,1.0212402,2.076336,-1.3740458,1.0076336
2026-07-20T18:21:38.620647,-0.09008789,0.0068359375,1.0117188,2.183206,-1.389313,0.9160305
2026-07-20T18:21:38.632590,-0.09326172,0.0078125,1.0148926,2.2137403,-1.3587786,0.8244275
2026-07-20T18:21:38.645256,-0.0925293,0.0063476563,1.0146484,2.1984732,-1.3740458,0.870229
2026-07-20T18:21:38.657661,-0.0925293,0.0053710938,1.0151367,2.1374047,-1.3282443,0.97709924
2026-07-20T18:21:38.670067,-0.09082031,0.006591797,1.0158691,2.1984732,-1.3282443,0.8549618
2026-07-20T18:21:38.681655,-0.09741211,0.004638672,1.0197754,2.183206,-1.3740458,0.9465649
2026-07-20T18:21:38.694019,-0.09375,0.0017089844,1.0119629,2.1526718,-1.389313,0.8549618
2026-07-20T18:21:38.705659,-0.088378906,0.009765625,1.0119629,2.259542,-1.4045801,1.0229008
2026-07-20T18:21:38.717653,-0.09399414,0.0068359375,1.013916,2.167939,-1.3282443,0.8091603
2026-07-20T18:21:38.729669,-0.09326172,0.004638672,1.0148926,2.183206,-1.4045801,0.90076333
2026-07-20T18:21:38.741614,-0.09375,0.0036621094,1.0087891,2.2290077,-1.29771,0.9312977
2026-07-20T18:21:38.753701,-0.09277344,0.0056152344,1.0146484,2.2137403,-1.3435115,0.9160305
2026-07-20T18:21:38.766239,-0.09301758,0.0063476563,1.0100098,2.1984732,-1.3740458,0.8549618
2026-07-20T18:21:38.778229,-0.091308594,0.0078125,1.0065918,2.2442749,-1.3587786,0.96183205
2026-07-20T18:21:38.790245,-0.09399414,0.0041503906,1.0092773,2.0610688,-1.4351145,0.9160305
2026-07-20T18:21:38.802222,-0.09448242,0.007080078,1.0151367,2.183206,-1.4503816,1.0687023
2026-07-20T18:21:38.814235,-0.09008789,0.00390625,1.012207,2.1984732,-1.5114504,0.8854962
2026-07-20T18:21:38.826222,-0.09375,0.0068359375,1.0129395,2.2137403,-1.3740458,0.8854962
2026-07-20T18:21:38.838683,-0.09716797,0.0063476563,1.010498,2.1068702,-1.3740458,0.97709924
2026-07-20T18:21:38.850711,-0.095947266,0.010253906,1.0070801,2.2137403,-1.4503816,0.9160305
2026-07-20T18:21:38.862710,-0.09643555,0.008300781,1.0129395,2.183206,-1.4961832,0.8854962
2026-07-20T18:21:38.874688,-0.09423828,0.006591797,1.0161133,2.2290077,-1.29771,0.9160305
2026-07-20T18:21:38.887494,-0.09667969,0.0063476563,1.0134277,2.1984732,-1.3740458,0.9160305
2026-07-20T18:21:38.899213,-0.09375,0.0056152344,1.0102539,2.167939,-1.4503816,0.8396947
2026-07-20T18:21:38.911225,-0.09277344,0.0031738281,1.0075684,2.167939,-1.3282443,0.9160305
2026-07-20T18:21:38.923235,-0.091308594,0.0048828125,1.013916,2.091603,-1.3129771,0.870229
2026-07-20T18:21:38.935244,-0.091552734,0.011962891,1.0144043,2.091603,-1.3282443,0.8854962
2026-07-20T18:21:38.947223,-0.09472656,0.011474609,1.0126953,2.2290077,-1.389313,1.0229008
2026-07-20T18:21:38.959691,-0.09472656,0.0034179688,1.0141602,2.1984732,-1.4198474,0.8854962
2026-07-20T18:21:38.971685,-0.09399414,0.008056641,1.0102539,2.1374047,-1.4045801,0.9312977
2026-07-20T18:21:38.983715,-0.09301758,0.0078125,1.017334,2.183206,-1.4045801,0.9160305
2026-07-20T18:21:38.995714,-0.095703125,0.0041503906,1.0153809,2.2442749,-1.4198474,0.90076333
2026-07-20T18:21:39.008176,-0.09423828,0.006591797,1.0161133,2.1374047,-1.3435115,0.90076333
2026-07-20T18:21:39.019687,-0.0949707,0.0061035156,1.0153809,2.1068702,-1.2824427,0.8244275
2026-07-20T18:21:39.031684,-0.09350586,0.010498047,1.0180664,2.167939,-1.3587786,0.9465649
2026-07-20T18:21:39.044278,-0.095214844,0.0034179688,1.017334,2.2748091,-1.3435115,0.8854962
2026-07-20T18:21:39.056248,-0.09448242,0.005126953,1.0170898,2.259542,-1.4503816,0.97709924
2026-07-20T18:21:39.068258,-0.092041016,0.0029296875,1.0183105,2.2290077,-1.4656489,0.8549618
2026-07-20T18:21:39.080257,-0.09448242,0.009277344,1.0153809,2.2290077,-1.4198474,0.8854962
2026-07-20T18:21:39.092258,-0.09350586,0.0087890625,1.0219727,2.183206,-1.3740458,0.90076333
2026-07-20T18:21:39.104275,-0.09643555,0.0048828125,1.0146484,2.076336,-1.4656489,0.97709924
2026-07-20T18:21:39.116474,-0.09765625,0.005859375,1.0136719,2.1984732,-1.4198474,0.8549618
2026-07-20T18:21:39.128259,-0.09472656,0.004638672,1.013916,2.183206,-1.5267175,0.9465649
2026-07-20T18:21:39.140257,-0.09350586,0.008300781,1.0205078,2.167939,-1.3740458,0.9465649
2026-07-20T18:21:39.152252,-0.09448242,0.0107421875,1.0168457,2.0152671,-1.2519084,0.8854962
2026-07-20T18:21:39.164256,-0.09472656,0.005126953,1.015625,2.167939,-1.480916,0.8549618
2026-07-20T18:21:39.176236,-0.09350586,0.006591797,1.0065918,2.183206,-1.389313,0.870229
2026-07-20T18:21:39.188266,-0.092041016,0.010009766,1.0136719,2.2290077,-1.2824427,0.9312977
2026-07-20T18:21:39.200263,-0.09008789,0.008544922,1.0114746,2.1984732,-1.4351145,1.038168
2026-07-20T18:21:39.212261,-0.095214844,0.004638672,1.0158691,2.076336,-1.3740458,0.99236643
2026-07-20T18:21:39.224255,-0.09472656,0.008544922,1.0161133,2.076336,-1.389313,0.9160305
2026-07-20T18:21:39.236253,-0.09399414,0.008300781,1.0124512,2.167939,-1.4503816,0.8549618
2026-07-20T18:21:39.248266,-0.09326172,0.006591797,1.0068359,2.1374047,-1.4045801,0.9465649
2026-07-20T18:21:39.260240,-0.0949707,0.007080078,1.013916,2.259542,-1.5114504,0.9465649
2026-07-20T18:21:39.272262,-0.0925293,0.0075683594,1.010498,2.167939,-1.480916,0.96183205
2026-07-20T18:21:39.284274,-0.0925293,0.008300781,1.0180664,2.1984732,-1.3435115,0.9465649
2026-07-20T18:21:39.296277,-0.092285156,0.009521484,1.0100098,2.1526718,-1.3282443,0.8854962
2026-07-20T18:21:39.308259,-0.09765625,0.00390625,1.020752,2.2290077,-1.4198474,0.99236643
2026-07-20T18:21:39.320266,-0.09375,0.011474609,1.0170898,2.1068702,-1.4045801,0.97709924
2026-07-20T18:21:39.333080,-0.095458984,0.0034179688,1.0095215,2.1984732,-1.3740458,0.9312977
2026-07-20T18:21:39.344669,-0.0925293,0.0078125,1.0100098,2.2442749,-1.480916,0.97709924
2026-07-20T18:21:39.356671,-0.09375,0.008300781,1.0192871,2.2442749,-1.4045801,0.9312977
2026-07-20T18:21:39.368688,-0.09301758,0.005126953,1.0126953,2.167939,-1.389313,0.9465649
2026-07-20T18:21:39.380709,-0.09326172,0.005126953,1.0141602,2.2290077,-1.3282443,0.79389316
2026-07-20T18:21:39.392762,-0.092041016,0.0048828125,1.0187988,2.2290077,-1.4198474,0.8396947
2026-07-20T18:21:39.404724,-0.09326172,0.008056641,1.0168457,2.2900763,-1.4656489,1.0229008
2026-07-20T18:21:39.416722,-0.092041016,0.005126953,1.019043,2.0305343,-1.4198474,0.8854962
2026-07-20T18:21:39.429287,-0.09350586,0.0073242188,1.0148926,2.183206,-1.5114504,0.9160305
2026-07-20T18:21:39.441302,-0.09326172,0.006591797,1.0195313,2.2137403,-1.4351145,0.9160305
2026-07-20T18:21:39.454194,-0.09008789,0.0034179688,1.015625,2.167939,-1.4198474,0.8854962
2026-07-20T18:21:39.465702,-0.08886719,0.0078125,1.0136719,2.0610688,-1.4198474,0.9160305
2026-07-20T18:21:39.477712,-0.09765625,0.011230469,1.0161133,2.1984732,-1.4045801,0.8091603
2026-07-20T18:21:39.489747,-0.095947266,0.009033203,1.0161133,2.167939,-1.4503816,0.96183205
2026-07-20T18:21:39.501766,-0.09667969,0.0061035156,1.0136719,2.2442749,-1.4351145,0.9465649
2026-07-20T18:21:39.513759,-0.092041016,0.007080078,1.0119629,2.183206,-1.4351145,0.8854962
2026-07-20T18:21:39.525747,-0.09448242,0.0068359375,1.0107422,2.259542,-1.4503816,0.9312977
2026-07-20T18:21:39.537723,-0.091796875,0.005126953,1.012207,2.1221373,-1.4656489,1.038168
2026-07-20T18:21:39.549764,-0.095214844,0.0068359375,1.019043,2.183206,-1.3282443,0.8091603
2026-07-20T18:21:39.562055,-0.09033203,0.0075683594,1.0126953,2.167939,-1.4656489,0.8854962
2026-07-20T18:21:39.574348,-0.091308594,0.007080078,1.0117188,2.1374047,-1.4198474,1.0076336
2026-07-20T18:21:39.586306,-0.095703125,0.0078125,1.0163574,2.2748091,-1.5267175,0.96183205
2026-07-20T18:21:39.598365,-0.095458984,0.0036621094,1.0197754,2.1374047,-1.4351145,0.9465649
2026-07-20T18:21:39.610347,-0.095947266,0.006591797,1.0100098,2.167939,-1.4045801,0.8854962
2026-07-20T18:21:39.622329,-0.09277344,0.006591797,1.0126953,2.2137403,-1.4351145,0.9465649
2026-07-20T18:21:39.634322,-0.09423828,0.0107421875,1.0095215,2.1221373,-1.4198474,0.8854962
2026-07-20T18:21:39.646354,-0.09326172,0.0056152344,1.0109863,2.2137403,-1.2671756,0.77862597
2026-07-20T18:21:39.658357,-0.091308594,0.0068359375,1.0109863,2.2137403,-1.4503816,0.9465649
2026-07-20T18:21:39.670401,-0.0925293,0.005126953,1.0129395,2.1221373,-1.4656489,0.97709924
2026-07-20T18:21:39.682338,-0.09643555,0.010009766,1.0134277,2.183206,-1.3435115,0.8854962
2026-07-20T18:21:39.694759,-0.092285156,0.0053710938,1.017334,2.183206,-1.4961832,0.870229
2026-07-20T18:21:39.706748,-0.095214844,0.008056641,1.0166016,2.1526718,-1.480916,0.8244275
2026-07-20T18:21:39.718780,-0.09350586,0.007080078,1.013916,2.091603,-1.3435115,0.96183205
2026-07-20T18:21:39.730791,-0.095703125,0.0068359375,1.0224609,2.1526718,-1.389313,0.9312977
2026-07-20T18:21:39.742830,-0.09277344,0.006591797,1.0178223,2.1526718,-1.4351145,0.870229
2026-07-20T18:21:39.754745,-0.091308594,0.0041503906,1.0134277,2.076336,-1.4045801,0.8244275
2026-07-20T18:21:39.767352,-0.096191406,0.0073242188,1.0214844,2.2290077,-1.4656489,0.8396947
2026-07-20T18:21:39.779619,-0.09326172,0.004638672,1.0146484,2.167939,-1.29771,1.0076336
2026-07-20T18:21:39.791380,-0.09643555,0.012451172,1.0075684,2.2290077,-1.4198474,0.97709924
2026-07-20T18:21:39.803394,-0.091552734,0.0029296875,1.0158691,2.183206,-1.3740458,0.90076333
2026-07-20T18:21:39.815323,-0.09838867,0.004638672,1.0136719,2.2137403,-1.3587786,0.8549618
2026-07-20T18:21:39.827324,-0.095703125,0.009521484,1.015625,2.167939,-1.4351145,0.90076333
2026-07-20T18:21:39.839328,-0.095458984,0.0075683594,1.0148926,2.2900763,-1.389313,0.8854962
2026-07-20T18:21:39.851325,-0.095214844,0.0107421875,1.0209961,2.183206,-1.3740458,0.96183205
2026-07-20T18:21:39.863313,-0.09350586,0.008544922,1.0097656,2.2442749,-1.4045801,0.8244275
2026-07-20T18:21:39.875328,-0.0925293,0.0087890625,1.0175781,2.167939,-1.4351145,0.90076333
2026-07-20T18:21:39.888157,-0.09326172,0.010253906,1.0117188,2.1526718,-1.4045801,0.96183205
2026-07-20T18:21:39.899774,-0.09667969,0.006591797,1.0161133,2.1221373,-1.3740458,0.8854962
2026-07-20T18:21:39.911787,-0.095703125,0.008056641,1.0107422,2.1526718,-1.4503816,0.96183205
2026-07-20T18:21:39.923746,-0.095947266,0.005859375,1.0134277,2.2442749,-1.389313,0.96183205
2026-07-20T18:21:39.935780,-0.091552734,0.0061035156,1.0131836,2.167939,-1.3435115,0.8091603
2026-07-20T18:21:39.948339,-0.09277344,0.0063476563,1.0126953,2.1068702,-1.5114504,0.79389316
2026-07-20T18:21:39.960331,-0.09326172,0.0075683594,1.0151367,2.2137403,-1.389313,0.9465649
2026-07-20T18:21:39.972796,-0.09301758,0.0063476563,1.0090332,2.167939,-1.5114504,0.9160305
2026-07-20T18:21:39.984823,-0.09448242,0.0061035156,1.015625,2.2137403,-1.4045801,0.8854962
2026-07-20T18:21:39.996782,-0.09375,0.0068359375,1.0095215,2.183206,-1.4656489,0.97709924
2026-07-20T18:21:40.009204,-0.09423828,0.004638672,1.0170898,2.1984732,-1.4198474,0.9465649
2026-07-20T18:21:40.020778,-0.09082031,0.011474609,1.020752,2.167939,-1.3587786,0.97709924
2026-07-20T18:21:40.032792,-0.09106445,0.0068359375,1.0144043,2.076336,-1.3740458,0.96183205
2026-07-20T18:21:40.044791,-0.09008789,0.007080078,1.0141602,2.1526718,-1.4503816,0.9160305
2026-07-20T18:21:40.056802,-0.09106445,0.0087890625,1.0100098,2.167939,-1.4198474,0.8091603
2026-07-20T18:21:40.069412,-0.091552734,0.0063476563,1.0144043,2.1984732,-1.480916,0.9160305
2026-07-20T18:21:40.080789,-0.09399414,0.008056641,1.0144043,2.1984732,-1.4961832,0.8091603
2026-07-20T18:21:40.093342,-0.092285156,0.008544922,1.0144043,2.2137403,-1.480916,0.9312977
2026-07-20T18:21:40.105626,-0.095947266,0.0053710938,1.0136719,2.2137403,-1.389313,0.96183205
2026-07-20T18:21:40.117569,-0.091796875,0.009765625,1.0163574,2.1526718,-1.3740458,0.870229
2026-07-20T18:21:40.129352,-0.092041016,0.0061035156,1.0158691,2.167939,-1.4656489,0.9160305
2026-07-20T18:21:40.141768,-0.0949707,0.0053710938,1.0168457,2.167939,-1.3435115,0.9160305
2026-07-20T18:21:40.153861,-0.09423828,0.008056641,1.0151367,2.183206,-1.3282443,0.90076333
2026-07-20T18:21:40.166362,-0.09350586,0.0073242188,1.0202637,2.1526718,-1.4045801,0.8549618
2026-07-20T18:21:40.178365,-0.09448242,0.0075683594,1.0148926,2.259542,-1.3435115,0.96183205
2026-07-20T18:21:40.190801,-0.09790039,0.0024414063,1.0134277,2.2137403,-1.3740458,0.870229
2026-07-20T18:21:40.202845,-0.09350586,0.0073242188,1.0136719,2.1068702,-1.3435115,0.9160305
2026-07-20T18:21:40.215403,-0.095947266,0.007080078,1.0158691,2.1526718,-1.2519084,0.96183205
2026-07-20T18:21:40.226840,-0.095214844,0.008056641,1.0170898,2.2748091,-1.29771,0.99236643
2026-07-20T18:21:40.239378,-0.09423828,0.0017089844,1.0175781,2.1221373,-1.3587786,0.99236643
2026-07-20T18:21:40.251357,-0.095703125,0.0087890625,1.013916,2.2290077,-1.4198474,0.8854962
2026-07-20T18:21:40.263349,-0.0925293,0.005126953,1.0126953,2.259542,-1.389313,0.9465649
2026-07-20T18:21:40.275427,-0.095947266,0.0026855469,1.0056152,2.2137403,-1.4351145,0.9465649
2026-07-20T18:21:40.287351,-0.09423828,0.007080078,1.0109863,2.2442749,-1.389313,0.8854962
2026-07-20T18:21:40.299360,-0.09106445,0.008056641,1.0136719,2.1221373,-1.4351145,0.8854962
2026-07-20T18:21:40.311354,-0.09350586,0.005859375,1.0187988,2.1526718,-1.4198474,1.0076336
2026-07-20T18:21:40.323388,-0.095458984,0.009277344,1.0136719,2.1526718,-1.3435115,0.79389316
2026-07-20T18:21:40.335747,-0.0949707,0.01171875,1.0148926,2.1984732,-1.4503816,0.9312977
2026-07-20T18:21:40.347365,-0.09692383,0.0087890625,1.012207,2.259542,-1.4198474,0.8549618
2026-07-20T18:21:40.359408,-0.09472656,0.0075683594,1.0148926,2.2442749,-1.4198474,1.0076336
2026-07-20T18:21:40.371402,-0.09277344,0.007080078,1.0178223,2.2748091,-1.389313,0.8396947
2026-07-20T18:21:40.383396,-0.09375,0.010498047,1.0078125,2.2137403,-1.4198474,0.99236643
2026-07-20T18:21:40.395361,-0.091308594,0.005126953,1.013916,2.183206,-1.480916,0.9465649
2026-07-20T18:21:40.407388,-0.09277344,0.007080078,1.0217285,2.183206,-1.3282443,0.99236643
2026-07-20T18:21:40.419816,-0.095703125,0.0073242188,1.0119629,2.3206108,-1.3435115,0.9312977
2026-07-20T18:21:40.431780,-0.091796875,0.0087890625,1.0126953,2.1526718,-1.3435115,0.8549618
2026-07-20T18:21:40.444138,-0.09741211,0.0087890625,1.012207,2.1068702,-1.480916,1.0076336
2026-07-20T18:21:40.456446,-0.095458984,0.0053710938,1.0083008,2.1526718,-1.3587786,0.9465649
2026-07-20T18:21:40.468522,-0.09399414,0.0061035156,1.0151367,2.1984732,-1.389313,0.97709924
2026-07-20T18:21:40.480414,-0.08959961,0.0063476563,1.0168457,2.167939,-1.5725191,1.0992366
2026-07-20T18:21:40.492399,-0.0925293,0.0078125,1.0158691,2.2137403,-1.4351145,0.9312977
2026-07-20T18:21:40.504392,-0.09350586,0.012207031,1.0187988,2.259542,-1.4045801,0.9312977
2026-07-20T18:21:40.516787,-0.092285156,0.0073242188,1.0151367,2.1984732,-1.389313,0.8854962
2026-07-20T18:21:40.529397,-0.091308594,0.0036621094,1.0195313,2.167939,-1.4503816,0.9312977
2026-07-20T18:21:40.541852,-0.09863281,0.0063476563,1.0119629,2.259542,-1.3740458,0.90076333
2026-07-20T18:21:40.553824,-0.09326172,0.0078125,1.0183105,2.1068702,-1.480916,0.9312977
2026-07-20T18:21:40.566239,-0.095703125,0.008300781,1.0109863,2.091603,-1.3435115,0.90076333
2026-07-20T18:21:40.577840,-0.09106445,0.009277344,1.0183105,2.167939,-1.4503816,0.96183205
2026-07-20T18:21:40.589843,-0.09423828,0.01171875,1.0102539,2.1984732,-1.4045801,1.0076336
2026-07-20T18:21:40.601842,-0.092041016,0.005126953,1.0075684,2.1221373,-1.3740458,1.0076336
2026-07-20T18:21:40.614406,-0.09692383,0.0073242188,1.0090332,2.091603,-1.3587786,0.8396947
2026-07-20T18:21:40.626401,-0.09106445,0.0075683594,1.0180664,2.1984732,-1.389313,0.9160305
2026-07-20T18:21:40.638418,-0.09643555,0.008300781,1.017334,2.167939,-1.3740458,0.9312977
2026-07-20T18:21:40.650436,-0.092285156,0.008056641,1.017334,2.1984732,-1.4045801,0.8854962
2026-07-20T18:21:40.662422,-0.0925293,0.010009766,1.019043,2.1221373,-1.4045801,0.8854962
2026-07-20T18:21:40.674409,-0.0949707,0.0073242188,1.0114746,2.259542,-1.3282443,0.8396947
2026-07-20T18:21:40.686432,-0.095458984,0.008300781,1.0180664,2.091603,-1.4351145,1.0229008
2026-07-20T18:21:40.698445,-0.095458984,0.005859375,1.0129395,2.167939,-1.389313,0.99236643
2026-07-20T18:21:40.710447,-0.09472656,0.0056152344,1.0166016,2.1984732,-1.4198474,0.90076333
2026-07-20T18:21:40.722442,-0.0925293,0.005859375,1.0148926,2.2290077,-1.4503816,0.8549618
2026-07-20T18:21:40.735187,-0.09399414,0.0043945313,1.0141602,2.2137403,-1.389313,0.97709924
2026-07-20T18:21:40.746891,-0.09277344,0.005859375,1.0146484,2.1526718,-1.4045801,0.99236643
2026-07-20T18:21:40.758858,-0.09350586,0.005859375,1.0124512,2.1526718,-1.389313,0.97709924
2026-07-20T18:21:40.770850,-0.09057617,0.007080078,1.0141602,2.183206,-1.4503816,0.870229
2026-07-20T18:21:40.783752,-0.09106445,0.0053710938,1.0083008,2.1374047,-1.3435115,0.99236643
2026-07-20T18:21:40.795866,-0.095703125,0.0053710938,1.0163574,2.2137403,-1.4198474,0.8854962
2026-07-20T18:21:40.807868,-0.091308594,0.0075683594,1.0112305,2.2442749,-1.3587786,0.96183205
2026-07-20T18:21:40.819862,-0.09082031,0.010009766,1.0134277,2.1984732,-1.4961832,0.8549618
2026-07-20T18:21:40.832455,-0.08984375,0.0053710938,1.0234375,2.2137403,-1.389313,0.96183205
2026-07-20T18:21:40.844384,-0.09375,0.0075683594,1.015625,2.1374047,-1.4198474,0.9160305
2026-07-20T18:21:40.856477,-0.09448242,0.009765625,1.0109863,2.1984732,-1.4351145,0.90076333
2026-07-20T18:21:40.868469,-0.0925293,0.0068359375,1.0170898,2.1526718,-1.3740458,0.90076333
2026-07-20T18:21:40.880477,-0.091796875,0.0048828125,1.0168457,2.167939,-1.4503816,0.96183205
2026-07-20T18:21:40.892719,-0.09375,0.008544922,1.010498,2.167939,-1.4656489,0.9465649
2026-07-20T18:21:40.904431,-0.09399414,0.0048828125,1.0158691,2.1068702,-1.4961832,0.9465649
2026-07-20T18:21:40.916462,-0.091796875,0.008544922,1.013916,2.0305343,-1.4351145,0.90076333
2026-07-20T18:21:40.928461,-0.0949707,0.0056152344,1.0170898,2.167939,-1.389313,0.96183205
2026-07-20T18:21:40.940857,-0.09716797,0.0073242188,1.0109863,2.167939,-1.3282443,1.0534351
2026-07-20T18:21:40.952926,-0.095703125,0.0056152344,1.0170898,2.1526718,-1.4198474,0.90076333
2026-07-20T18:21:40.965464,-0.09277344,0.0053710938,1.0183105,2.2900763,-1.4045801,0.8549618
2026-07-20T18:21:40.977456,-0.09423828,0.0073242188,1.0097656,2.2137403,-1.4045801,0.870229
2026-07-20T18:21:40.989462,-0.09082031,0.008056641,1.0161133,2.2748091,-1.4503816,0.870229
2026-07-20T18:21:41.001894,-0.09399414,0.006591797,1.0146484,2.1374047,-1.4961832,1.038168
2026-07-20T18:21:41.014365,-0.09472656,0.0056152344,1.0168457,2.1984732,-1.3587786,0.97709924
2026-07-20T18:21:41.025872,-0.09326172,0.0061035156,1.013916,2.259542,-1.4045801,0.9465649
2026-07-20T18:21:41.037882,-0.09741211,0.0061035156,1.0163574,2.2442749,-1.389313,0.9160305
2026-07-20T18:21:41.050473,-0.09350586,0.0063476563,1.0124512,2.1984732,-1.2824427,0.9312977
2026-07-20T18:21:41.062476,-0.09399414,0.0053710938,1.0100098,2.1374047,-1.4045801,0.8854962
2026-07-20T18:21:41.074851,-0.08911133,0.0043945313,1.0158691,2.1526718,-1.4503816,0.8244275
2026-07-20T18:21:41.086875,-0.099121094,0.0078125,1.0166016,2.167939,-1.3282443,0.90076333
2026-07-20T18:21:41.098876,-0.09326172,0.0087890625,1.019043,2.1221373,-1.3587786,0.9465649
2026-07-20T18:21:41.110865,-0.09692383,0.0078125,1.0134277,2.167939,-1.4045801,0.9312977
2026-07-20T18:21:41.123247,-0.095703125,0.008544922,1.0119629,2.1374047,-1.4198474,0.96183205
2026-07-20T18:21:41.134853,-0.091308594,0.004638672,1.0061035,2.2748091,-1.4045801,0.870229
2026-07-20T18:21:41.146886,-0.09326172,0.0078125,1.0078125,2.076336,-1.3587786,0.97709924
2026-07-20T18:21:41.158864,-0.09350586,0.005859375,1.0183105,2.183206,-1.3740458,0.8396947
2026-07-20T18:21:41.170886,-0.09350586,0.0107421875,1.0112305,2.1374047,-1.480916,0.9160305
2026-07-20T18:21:41.182901,-0.09692383,0.0068359375,1.017334,2.1374047,-1.3587786,0.9160305
2026-07-20T18:21:41.194851,-0.092285156,0.008544922,1.0148926,2.1526718,-1.4198474,0.90076333
2026-07-20T18:21:41.206895,-0.09643555,0.0075683594,1.017334,2.183206,-1.3435115,0.90076333
2026-07-20T18:21:41.219069,-0.09106445,0.009277344,1.0102539,2.1984732,-1.389313,0.9160305
2026-07-20T18:21:41.230493,-0.09326172,0.0087890625,1.0124512,2.1068702,-1.3129771,0.8244275
2026-07-20T18:21:41.242872,-0.09423828,0.008300781,1.0163574,2.1374047,-1.2519084,0.8091603
2026-07-20T18:21:41.254862,-0.09082031,0.010009766,1.0146484,2.2290077,-1.4656489,0.79389316
2026-07-20T18:21:41.266845,-0.09423828,0.0078125,1.0107422,2.1984732,-1.4198474,0.8854962
2026-07-20T18:21:41.278873,-0.091796875,0.0068359375,1.0119629,2.2290077,-1.389313,0.9160305
2026-07-20T18:21:41.290870,-0.09301758,0.008300781,1.0168457,2.1221373,-1.4351145,0.90076333
2026-07-20T18:21:41.303494,-0.09667969,0.0073242188,1.0087891,2.1374047,-1.5419847,0.8854962
2026-07-20T18:21:41.315500,-0.09350586,0.0056152344,1.0126953,2.1068702,-1.2824427,0.90076333
2026-07-20T18:21:41.327494,-0.09277344,0.0087890625,1.012207,2.1068702,-1.3282443,0.8396947
2026-07-20T18:21:41.339803,-0.095947266,0.0075683594,1.0209961,2.1068702,-1.4198474,0.9465649
2026-07-20T18:21:41.351412,-0.0949707,0.008300781,1.0129395,2.167939,-1.389313,0.79389316
2026-07-20T18:21:41.363463,-0.1003418,0.010253906,1.0141602,2.1526718,-1.3435115,0.870229
2026-07-20T18:21:41.375458,-0.09423828,0.009765625,1.0109863,2.1221373,-1.389313,0.9312977
2026-07-20T18:21:41.387479,-0.09277344,0.0056152344,1.019043,2.1984732,-1.4198474,0.96183205
2026-07-20T18:21:41.399870,-0.09326172,0.0043945313,1.0153809,2.1984732,-1.3282443,0.97709924
2026-07-20T18:21:41.412499,-0.092285156,0.0043945313,1.0180664,2.091603,-1.480916,0.9465649
2026-07-20T18:21:41.424907,-0.096191406,0.0073242188,1.0161133,2.1221373,-1.3587786,1.0229008
2026-07-20T18:21:41.436883,-0.09716797,0.0017089844,1.0192871,2.2137403,-1.5114504,0.8396947
2026-07-20T18:21:41.449298,-0.09326172,0.0073242188,1.0161133,2.2137403,-1.3435115,0.9160305
2026-07-20T18:21:41.461504,-0.09350586,0.008544922,1.0178223,2.2442749,-1.389313,1.0229008
2026-07-20T18:21:41.473528,-0.092285156,0.0043945313,1.0144043,2.1068702,-1.3282443,0.97709924
2026-07-20T18:21:41.485926,-0.095214844,0.0087890625,1.0195313,2.091603,-1.3435115,0.9312977
2026-07-20T18:21:41.497917,-0.09399414,0.0061035156,1.0126953,2.1374047,-1.4198474,0.9160305
2026-07-20T18:21:41.509925,-0.09350586,0.008300781,1.0126953,2.2442749,-1.3435115,0.96183205
2026-07-20T18:21:41.521927,-0.09667969,0.0021972656,1.0144043,2.1984732,-1.3587786,0.8396947
2026-07-20T18:21:41.533960,-0.095947266,0.0075683594,1.0119629,2.1984732,-1.3587786,0.870229
2026-07-20T18:21:41.546048,-0.09375,0.009277344,1.0187988,2.2137403,-1.4198474,0.9312977
2026-07-20T18:21:41.557878,-0.096191406,0.009521484,1.0185547,2.183206,-1.389313,0.9312977
2026-07-20T18:21:41.570818,-0.09472656,0.0073242188,1.019043,2.1068702,-1.4656489,0.8396947
2026-07-20T18:21:41.582525,-0.095458984,0.007080078,1.0131836,2.183206,-1.3435115,0.90076333
2026-07-20T18:21:41.594473,-0.09106445,0.0078125,1.0092773,2.1526718,-1.3740458,0.8244275
2026-07-20T18:21:41.606513,-0.09765625,0.004638672,1.015625,2.167939,-1.4045801,0.9160305
2026-07-20T18:21:41.618543,-0.09716797,0.0068359375,1.0266113,2.1984732,-1.3435115,0.96183205
2026-07-20T18:21:41.630927,-0.09667969,0.0073242188,1.0166016,2.1221373,-1.4198474,0.8854962
2026-07-20T18:21:41.642902,-0.095947266,0.013427734,1.0107422,2.0458016,-1.480916,0.90076333
2026-07-20T18:21:41.654497,-0.092041016,0.0075683594,1.010498,2.167939,-1.3129771,0.9160305
2026-07-20T18:21:41.666985,-0.092285156,0.008056641,1.0153809,2.1526718,-1.4351145,0.96183205
2026-07-20T18:21:41.679301,-0.09326172,0.0056152344,1.0112305,2.1984732,-1.4198474,0.8549618
2026-07-20T18:21:41.690897,-0.09472656,0.0075683594,1.0161133,2.167939,-1.4351145,0.90076333
2026-07-20T18:21:41.702948,-0.09423828,0.009521484,1.0136719,2.1221373,-1.4961832,0.9465649
2026-07-20T18:21:41.714899,-0.09301758,0.0075683594,1.010498,2.2900763,-1.4961832,0.97709924
2026-07-20T18:21:41.726890,-0.0949707,0.006591797,1.0097656,2.1984732,-1.4503816,0.870229
2026-07-20T18:21:41.738900,-0.091552734,0.0063476563,1.017334,2.1526718,-1.4656489,0.8854962
2026-07-20T18:21:41.750944,-0.095947266,0.005859375,1.0112305,2.1984732,-1.4198474,0.9160305
2026-07-20T18:21:41.763513,-0.0925293,0.0043945313,1.0134277,2.091603,-1.3740458,0.90076333
2026-07-20T18:21:41.775511,-0.09399414,0.01171875,1.0148926,2.091603,-1.4198474,0.9312977
2026-07-20T18:21:41.786983,-0.09423828,0.008300781,1.0112305,2.1984732,-1.5877863,0.9160305
2026-07-20T18:21:41.799549,-0.09423828,0.0087890625,1.0100098,2.2290077,-1.4198474,0.96183205
2026-07-20T18:21:41.811938,-0.09741211,0.00390625,1.0195313,2.1374047,-1.4198474,0.90076333
2026-07-20T18:21:41.823914,-0.091796875,0.007080078,1.0153809,2.183206,-1.4503816,0.97709924
2026-07-20T18:21:41.835901,-0.091308594,0.010009766,1.0107422,2.1984732,-1.480916,0.8244275
2026-07-20T18:21:41.847898,-0.09423828,0.009033203,1.0075684,2.167939,-1.4351145,0.8854962
2026-07-20T18:21:41.859893,-0.09277344,0.006591797,1.0209961,2.167939,-1.4198474,0.9465649
2026-07-20T18:21:41.872044,-0.095214844,0.01171875,1.0148926,2.167939,-1.4351145,0.8091603
2026-07-20T18:21:41.883898,-0.0925293,0.009277344,1.0158691,2.167939,-1.3587786,0.8396947
2026-07-20T18:21:41.896403,-0.092285156,0.005126953,1.0163574,2.1526718,-1.3129771,0.8244275
2026-07-20T18:21:41.907912,-0.095947266,0.009033203,1.0175781,2.259542,-1.389313,0.96183205
2026-07-20T18:21:41.920572,-0.096191406,0.0053710938,1.0126953,2.1221373,-1.389313,0.8549618
2026-07-20T18:21:41.932529,-0.09277344,0.008300781,1.0151367,2.1526718,-1.4961832,0.8549618
2026-07-20T18:21:41.944540,-0.095703125,0.0075683594,1.0185547,2.183206,-1.4503816,1.038168
2026-07-20T18:21:41.956564,-0.09399414,0.0026855469,1.0180664,2.1221373,-1.4045801,0.9465649
2026-07-20T18:21:41.968517,-0.09643555,0.0078125,1.0151367,2.259542,-1.3740458,0.8854962
2026-07-20T18:21:41.980922,-0.08959961,0.0073242188,1.0153809,2.1526718,-1.4198474,0.97709924
2026-07-20T18:21:41.992923,-0.09277344,0.005126953,1.0112305,2.183206,-1.3282443,0.8244275
2026-07-20T18:21:42.005731,-0.09350586,0.0053710938,1.0124512,2.1526718,-1.4045801,0.9465649
2026-07-20T18:21:42.017538,-0.09423828,0.007080078,1.0148926,2.183206,-1.4198474,0.8396947
2026-07-20T18:21:42.029538,-0.09350586,0.0075683594,1.0200195,2.167939,-1.3587786,0.90076333
2026-07-20T18:21:42.041545,-0.08911133,0.005859375,1.0058594,2.1984732,-1.389313,0.8244275
2026-07-20T18:21:42.053579,-0.09350586,0.0078125,1.0146484,2.2290077,-1.4045801,0.9160305
2026-07-20T18:21:42.065573,-0.095458984,0.0063476563,1.0151367,2.2137403,-1.4198474,0.8549618
2026-07-20T18:21:42.077572,-0.0925293,0.0075683594,1.0161133,2.1374047,-1.5114504,0.97709924
2026-07-20T18:21:42.089588,-0.09399414,0.010253906,1.0185547,2.1374047,-1.3587786,0.9465649
2026-07-20T18:21:42.101568,-0.096191406,0.0061035156,1.0112305,2.167939,-1.389313,1.0076336
2026-07-20T18:21:42.113947,-0.091552734,0.0026855469,1.0097656,2.2748091,-1.3587786,0.99236643
2026-07-20T18:21:42.125850,-0.095214844,0.005126953,1.0065918,2.2442749,-1.4351145,0.9312977
2026-07-20T18:21:42.137996,-0.092285156,0.010009766,1.0134277,2.183206,-1.3740458,1.0229008
2026-07-20T18:21:42.149597,-0.09472656,0.0041503906,1.0070801,2.167939,-1.4656489,0.90076333
2026-07-20T18:21:42.161977,-0.091308594,0.0041503906,1.013916,2.1374047,-1.3740458,0.8244275
2026-07-20T18:21:42.173988,-0.08911133,0.008056641,1.0178223,2.167939,-1.4503816,0.90076333
2026-07-20T18:21:42.186007,-0.09350586,0.008544922,1.015625,2.1374047,-1.4198474,0.9465649
2026-07-20T18:21:42.197977,-0.09448242,0.005859375,1.0183105,2.2442749,-1.4198474,0.96183205
2026-07-20T18:21:42.209985,-0.09326172,0.009033203,1.015625,2.2137403,-1.3587786,0.96183205
2026-07-20T18:21:42.222561,-0.096191406,0.0043945313,1.0119629,2.183206,-1.389313,0.9160305
2026-07-20T18:21:42.234748,-0.09375,0.008544922,1.0192871,2.1526718,-1.3587786,0.90076333
2026-07-20T18:21:42.246607,-0.09423828,0.0053710938,1.0153809,2.1221373,-1.4351145,0.9312977
2026-07-20T18:21:42.258583,-0.0925293,0.009277344,1.0168457,2.167939,-1.389313,0.870229
2026-07-20T18:21:42.270602,-0.09399414,0.010253906,1.0166016,2.1221373,-1.389313,0.8854962
2026-07-20T18:21:42.282621,-0.09057617,0.008300781,1.0097656,2.2290077,-1.3435115,0.90076333
2026-07-20T18:21:42.294583,-0.09350586,0.009521484,1.0134277,2.2137403,-1.389313,0.8854962
2026-07-20T18:21:42.306625,-0.092285156,0.009521484,1.0163574,2.183206,-1.2824427,0.870229
2026-07-20T18:21:42.318993,-0.09301758,0.0053710938,1.0166016,2.1221373,-1.3282443,0.90076333
2026-07-20T18:21:42.331047,-0.0925293,0.009033203,1.0134277,2.1221373,-1.3587786,0.90076333
2026-07-20T18:21:42.343956,-0.09106445,0.0063476563,1.0129395,2.1984732,-1.4045801,0.8244275
2026-07-20T18:21:42.355675,-0.09423828,0.0087890625,1.0185547,2.1374047,-1.4503816,0.99236643
2026-07-20T18:21:42.367602,-0.09472656,0.005859375,1.0166016,2.1221373,-1.4198474,0.97709924
2026-07-20T18:21:42.379624,-0.09423828,0.008056641,1.0166016,2.076336,-1.3282443,0.8854962
2026-07-20T18:21:42.391638,-0.095458984,0.0075683594,1.0119629,2.1068702,-1.4045801,0.97709924
2026-07-20T18:21:42.403646,-0.09472656,0.0056152344,1.0170898,2.183206,-1.4198474,0.8396947
2026-07-20T18:21:42.415682,-0.095214844,0.0048828125,1.0109863,2.2137403,-1.389313,0.90076333
2026-07-20T18:21:42.428051,-0.09423828,0.0024414063,1.0131836,2.1374047,-1.3435115,0.8854962
2026-07-20T18:21:42.440083,-0.09472656,0.0068359375,1.0185547,2.2748091,-1.3740458,0.90076333
2026-07-20T18:21:42.452467,-0.095458984,0.007080078,1.0119629,2.091603,-1.4198474,0.97709924
2026-07-20T18:21:42.464087,-0.092041016,0.0075683594,1.0161133,2.167939,-1.3435115,0.96183205
2026-07-20T18:21:42.476062,-0.095458984,0.0061035156,1.0134277,2.1068702,-1.480916,0.8854962
2026-07-20T18:21:42.487986,-0.0949707,0.0075683594,1.0161133,2.2137403,-1.4961832,0.9465649
2026-07-20T18:21:42.500600,-0.09375,0.0073242188,1.017334,2.2137403,-1.3740458,0.9312977
2026-07-20T18:21:42.512639,-0.08886719,0.010986328,1.017334,2.3053436,-1.389313,0.9312977
2026-07-20T18:21:42.525121,-0.08984375,0.0073242188,1.0170898,2.1526718,-1.389313,0.9465649
2026-07-20T18:21:42.537180,-0.099365234,0.0063476563,1.0112305,2.2290077,-1.3282443,0.9160305
2026-07-20T18:21:42.549065,-0.091308594,0.010009766,1.0134277,2.167939,-1.3435115,0.8549618
2026-07-20T18:21:42.561092,-0.09472656,0.0078125,1.0146484,2.167939,-1.4961832,0.8854962
2026-07-20T18:21:42.573671,-0.09277344,0.0056152344,1.0114746,2.1221373,-1.4198474,0.97709924
2026-07-20T18:21:42.584961,-0.091308594,0.006591797,1.0095215,2.183206,-1.3435115,0.9312977
2026-07-20T18:21:42.597667,-0.09692383,0.0043945313,1.0161133,2.2748091,-1.5114504,0.870229
2026-07-20T18:21:42.609723,-0.09423828,0.0068359375,1.0124512,2.167939,-1.3282443,0.9312977
2026-07-20T18:21:42.621711,-0.09033203,0.009033203,1.0166016,2.1984732,-1.4961832,0.96183205
2026-07-20T18:21:42.633755,-0.09301758,0.0048828125,1.0131836,2.1526718,-1.4351145,0.870229
2026-07-20T18:21:42.645640,-0.09375,0.005126953,1.0092773,2.1068702,-1.3740458,0.99236643
2026-07-20T18:21:42.657585,-0.09350586,0.006591797,1.0085449,2.183206,-1.3129771,0.870229
2026-07-20T18:21:42.669632,-0.09643555,0.007080078,1.0087891,2.2290077,-1.4198474,0.870229
2026-07-20T18:21:42.681843,-0.09423828,0.009277344,1.0136719,2.1526718,-1.2824427,0.9160305
2026-07-20T18:21:42.693679,-0.09692383,0.0056152344,1.0068359,2.1526718,-1.389313,0.9160305
2026-07-20T18:21:42.705637,-0.09326172,0.006591797,1.0153809,2.1374047,-1.4961832,0.9312977
2026-07-20T18:21:42.717640,-0.09692383,0.005859375,1.0151367,2.1374047,-1.389313,0.9465649
2026-07-20T18:21:42.729633,-0.09301758,0.008544922,1.0073242,2.0610688,-1.4045801,0.8091603
2026-07-20T18:21:42.741627,-0.09033203,0.009521484,1.0087891,2.1374047,-1.389313,0.9465649
2026-07-20T18:21:42.753657,-0.09326172,0.0061035156,1.0224609,2.1526718,-1.389313,0.8854962
2026-07-20T18:21:42.766032,-0.09423828,0.0063476563,1.0168457,2.2290077,-1.4656489,0.9160305
2026-07-20T18:21:42.778102,-0.09326172,0.0087890625,1.0136719,2.1221373,-1.389313,0.9465649
2026-07-20T18:21:42.789692,-0.09667969,0.0068359375,1.012207,2.076336,-1.4045801,0.870229
2026-07-20T18:21:42.802061,-0.091796875,0.00390625,1.0075684,2.183206,-1.4961832,0.9465649
2026-07-20T18:21:42.813991,-0.09472656,0.004638672,1.015625,2.1984732,-1.4351145,0.9160305
2026-07-20T18:21:42.826060,-0.09399414,0.005126953,1.0214844,2.167939,-1.5114504,0.9465649
2026-07-20T18:21:42.838074,-0.095947266,0.0061035156,1.0166016,2.1526718,-1.389313,0.96183205
2026-07-20T18:21:42.850065,-0.08984375,0.008544922,1.0168457,2.2442749,-1.4351145,0.8854962
2026-07-20T18:21:42.862074,-0.095458984,0.009033203,1.0175781,2.091603,-1.3740458,0.9312977
2026-07-20T18:21:42.874017,-0.09375,0.005859375,1.013916,2.1984732,-1.29771,0.90076333
2026-07-20T18:21:42.886068,-0.09350586,0.0063476563,1.0151367,2.1374047,-1.389313,0.870229
2026-07-20T18:21:42.898480,-0.09375,0.006591797,1.0114746,2.1374047,-1.4961832,0.96183205
2026-07-20T18:21:42.910081,-0.09057617,0.010986328,1.0161133,2.2137403,-1.3282443,0.96183205
2026-07-20T18:21:42.922073,-0.09667969,0.005859375,1.0183105,2.167939,-1.29771,0.9312977
2026-07-20T18:21:42.934652,-0.09301758,0.0053710938,1.0170898,2.1221373,-1.3740458,0.9465649
2026-07-20T18:21:42.946651,-0.091552734,0.006591797,1.010498,2.1221373,-1.4045801,0.9160305
2026-07-20T18:21:42.958651,-0.09082031,0.006591797,1.0141602,2.183206,-1.4045801,0.96183205
2026-07-20T18:21:42.970648,-0.095458984,0.007080078,1.0119629,2.183206,-1.3435115,0.9312977
2026-07-20T18:21:42.982651,-0.09399414,0.006591797,1.017334,2.183206,-1.4045801,0.9465649
2026-07-20T18:21:42.994616,-0.09326172,0.010253906,1.0146484,2.2137403,-1.3587786,0.9160305
2026-07-20T18:21:43.006652,-0.09692383,0.010009766,1.013916,2.2442749,-1.4045801,0.8396947
2026-07-20T18:21:43.018967,-0.09692383,0.006591797,1.0131836,2.1984732,-1.4656489,0.8854962
2026-07-20T18:21:43.031025,-0.091552734,0.0053710938,1.0095215,2.1526718,-1.3587786,0.9312977
2026-07-20T18:21:43.043076,-0.08691406,0.011962891,1.0185547,2.1526718,-1.3587786,0.8549618
2026-07-20T18:21:43.055692,-0.09399414,0.0034179688,1.0141602,2.1984732,-1.5267175,0.9160305
2026-07-20T18:21:43.067674,-0.09423828,0.0056152344,1.013916,2.2442749,-1.3129771,0.96183205
2026-07-20T18:21:43.079664,-0.09472656,0.0068359375,1.0192871,2.167939,-1.29771,0.9312977
2026-07-20T18:21:43.091692,-0.09423828,0.009277344,1.017334,2.1984732,-1.3129771,0.90076333
2026-07-20T18:21:43.103681,-0.0925293,0.0056152344,1.0134277,2.2900763,-1.3740458,0.9160305
2026-07-20T18:21:43.116093,-0.09301758,0.0073242188,1.0144043,2.076336,-1.3282443,0.9465649
2026-07-20T18:21:43.128883,-0.09643555,0.0073242188,1.0083008,2.167939,-1.3740458,0.9465649
2026-07-20T18:21:43.140662,-0.09106445,0.0041503906,1.0109863,2.2290077,-1.4503816,0.96183205
2026-07-20T18:21:43.152687,-0.092041016,0.0056152344,1.0170898,2.2442749,-1.4198474,0.96183205
2026-07-20T18:21:43.164615,-0.09472656,0.011230469,1.0170898,2.259542,-1.3282443,0.9312977
2026-07-20T18:21:43.176685,-0.095947266,0.0048828125,1.0146484,2.2290077,-1.4656489,0.9160305
2026-07-20T18:21:43.188667,-0.095458984,0.0078125,1.0178223,2.2137403,-1.4198474,0.8854962
2026-07-20T18:21:43.200681,-0.09472656,0.009033203,1.0163574,2.1221373,-1.4045801,0.97709924
2026-07-20T18:21:43.212661,-0.09375,0.009277344,1.0153809,2.1526718,-1.4351145,0.8396947
2026-07-20T18:21:43.224650,-0.091308594,0.008300781,1.020752,2.076336,-1.4503816,0.9312977
2026-07-20T18:21:43.236150,-0.09472656,0.0068359375,1.0166016,2.1068702,-1.389313,0.9465649
2026-07-20T18:21:43.248692,-0.09350586,0.0061035156,1.0170898,2.167939,-1.4656489,0.9160305
2026-07-20T18:21:43.260671,-0.09643555,0.008056641,1.019043,2.1221373,-1.4503816,0.9312977
2026-07-20T18:21:43.272662,-0.09472656,0.0068359375,1.0170898,2.1984732,-1.3435115,0.8549618
2026-07-20T18:21:43.284672,-0.09033203,0.0056152344,1.0146484,2.2290077,-1.4503816,0.90076333
2026-07-20T18:21:43.296669,-0.095214844,0.005126953,1.0183105,2.2442749,-1.5114504,0.96183205
2026-07-20T18:21:43.308659,-0.09350586,0.005859375,1.0131836,2.2137403,-1.480916,0.8854962
2026-07-20T18:21:43.320666,-0.09277344,0.009765625,1.0144043,2.1984732,-1.3740458,0.9160305
2026-07-20T18:21:43.332701,-0.091308594,0.009521484,1.0146484,2.2290077,-1.5114504,0.9160305
2026-07-20T18:21:43.344962,-0.09375,0.010498047,1.0134277,2.259542,-1.4961832,0.8244275
2026-07-20T18:21:43.356706,-0.095703125,0.0036621094,1.0209961,2.1374047,-1.4045801,0.9160305
2026-07-20T18:21:43.368658,-0.0925293,0.011962891,1.0090332,2.167939,-1.4045801,0.9160305
2026-07-20T18:21:43.380698,-0.09643555,0.006591797,1.0075684,2.1526718,-1.4961832,0.97709924
2026-07-20T18:21:43.392697,-0.09423828,0.008544922,1.013916,2.167939,-1.4503816,0.8854962
2026-07-20T18:21:43.404702,-0.09423828,0.007080078,1.0100098,2.1068702,-1.4503816,0.9312977
2026-07-20T18:21:43.416722,-0.096191406,0.0075683594,1.0185547,2.259542,-1.3740458,0.90076333
2026-07-20T18:21:43.428702,-0.09643555,0.008056641,1.0158691,2.259542,-1.4045801,0.9160305
2026-07-20T18:21:43.440738,-0.091552734,0.0078125,1.0146484,2.2442749,-1.4656489,0.8854962
2026-07-20T18:21:43.452914,-0.099853516,0.0078125,1.0175781,2.1526718,-1.480916,0.8244275
2026-07-20T18:21:43.465172,-0.092285156,0.0053710938,1.012207,2.167939,-1.3435115,0.96183205
2026-07-20T18:21:43.477169,-0.09082031,0.0075683594,1.0085449,2.2748091,-1.4656489,0.9465649
2026-07-20T18:21:43.489168,-0.09301758,0.010498047,1.0227051,2.2290077,-1.3740458,0.9312977
2026-07-20T18:21:43.501169,-0.09301758,0.009521484,1.0126953,2.091603,-1.5267175,0.9465649
2026-07-20T18:21:43.513223,-0.09472656,0.007080078,1.0153809,2.1221373,-1.3587786,0.97709924
2026-07-20T18:21:43.525716,-0.09326172,0.0053710938,1.0168457,2.1984732,-1.5267175,0.96183205
2026-07-20T18:21:43.537737,-0.08935547,0.0078125,1.0102539,2.167939,-1.4198474,0.90076333
2026-07-20T18:21:43.549710,-0.09326172,0.008544922,1.017334,2.1374047,-1.389313,0.870229
2026-07-20T18:21:43.561741,-0.095703125,0.006591797,1.0126953,2.1221373,-1.389313,0.8396947
2026-07-20T18:21:43.573973,-0.09423828,0.007080078,1.0183105,2.2290077,-1.3587786,0.99236643
2026-07-20T18:21:43.585748,-0.092285156,0.0068359375,1.0195313,2.2442749,-1.4656489,0.9312977
2026-07-20T18:21:43.597763,-0.095703125,0.012207031,1.0192871,2.1221373,-1.4198474,0.8396947
2026-07-20T18:21:43.609752,-0.08886719,0.0087890625,1.013916,2.1374047,-1.4503816,0.8244275
2026-07-20T18:21:43.622126,-0.09423828,0.0053710938,1.0131836,2.1374047,-1.29771,0.96183205
2026-07-20T18:21:43.634078,-0.095947266,0.010498047,1.0095215,2.183206,-1.3282443,0.9312977
2026-07-20T18:21:43.646203,-0.092285156,0.008544922,1.0124512,2.2442749,-1.4045801,0.9465649
2026-07-20T18:21:43.658753,-0.09326172,0.0075683594,1.0117188,2.1984732,-1.4198474,0.9312977
2026-07-20T18:21:43.670758,-0.09472656,0.0056152344,1.0119629,2.2137403,-1.4961832,0.90076333
2026-07-20T18:21:43.682901,-0.09716797,0.00390625,1.0153809,2.1068702,-1.4503816,1.038168
2026-07-20T18:21:43.694726,-0.09057617,0.009033203,1.0095215,2.167939,-1.4198474,0.870229
2026-07-20T18:21:43.706774,-0.09277344,0.0107421875,1.0144043,2.1221373,-1.3587786,0.96183205
2026-07-20T18:21:43.718762,-0.095458984,0.0107421875,1.0097656,2.167939,-1.389313,0.96183205
2026-07-20T18:21:43.730768,-0.09350586,0.0061035156,1.0148926,2.183206,-1.4656489,0.8396947
2026-07-20T18:21:43.743187,-0.091552734,0.0073242188,1.0168457,2.1221373,-1.4198474,0.97709924
2026-07-20T18:21:43.755797,-0.0925293,0.0063476563,1.0117188,2.2137403,-1.3435115,1.0229008
2026-07-20T18:21:43.768157,-0.095947266,0.0053710938,1.010498,2.167939,-1.4045801,0.8396947
2026-07-20T18:21:43.780114,-0.09106445,0.001953125,1.0180664,2.2442749,-1.4351145,0.90076333
2026-07-20T18:21:43.791789,-0.09082031,0.0036621094,1.0168457,2.1374047,-1.4198474,0.9465649
2026-07-20T18:21:43.804135,-0.09326172,0.0078125,1.0114746,2.1374047,-1.389313,0.8854962
2026-07-20T18:21:43.816159,-0.095947266,0.007080078,1.010498,2.2442749,-1.4961832,0.8396947
2026-07-20T18:21:43.828149,-0.09472656,0.009277344,1.0126953,2.167939,-1.4503816,0.77862597
2026-07-20T18:21:43.840152,-0.09692383,0.0107421875,1.0161133,2.167939,-1.3129771,0.97709924
2026-07-20T18:21:43.852147,-0.09692383,0.010498047,1.0219727,2.183206,-1.4198474,0.97709924
2026-07-20T18:21:43.864140,-0.09326172,0.0078125,1.0175781,2.1374047,-1.3435115,0.8549618
2026-07-20T18:21:43.876221,-0.09326172,0.005859375,1.0158691,2.1374047,-1.3587786,0.9160305
2026-07-20T18:21:43.888170,-0.095214844,0.0031738281,1.0148926,2.1984732,-1.5114504,0.9160305
2026-07-20T18:21:43.900669,-0.09399414,0.0107421875,1.0153809,2.2137403,-1.4351145,1.0076336
2026-07-20T18:21:43.912144,-0.0949707,0.006591797,1.0134277,2.1984732,-1.4961832,0.9312977
2026-07-20T18:21:43.924162,-0.09448242,0.009033203,1.012207,2.1526718,-1.3282443,0.9160305
2026-07-20T18:21:43.936095,-0.09423828,0.005859375,1.015625,2.2290077,-1.4503816,0.97709924
2026-07-20T18:21:43.948159,-0.0949707,0.0061035156,1.017334,2.1221373,-1.389313,0.8854962
2026-07-20T18:21:43.960191,-0.09472656,0.008544922,1.0107422,2.2137403,-1.3587786,0.8091603
2026-07-20T18:21:43.972157,-0.09106445,0.0056152344,1.0151367,2.1984732,-1.389313,0.8854962
2026-07-20T18:21:43.984104,-0.09277344,0.009033203,1.0126953,2.1221373,-1.4503816,0.8091603
2026-07-20T18:21:43.996147,-0.09643555,0.0078125,1.0148926,2.167939,-1.480916,0.8549618
2026-07-20T18:21:44.008156,-0.0949707,0.005859375,1.0112305,2.1221373,-1.480916,0.8854962
2026-07-20T18:21:44.021157,-0.09082031,0.0043945313,1.0109863,2.1221373,-1.3282443,0.9160305
2026-07-20T18:21:44.032762,-0.09326172,0.0068359375,1.0126953,2.076336,-1.3435115,0.8854962
2026-07-20T18:21:44.044734,-0.091552734,0.009033203,1.0185547,2.167939,-1.4351145,0.8091603
2026-07-20T18:21:44.056754,-0.092041016,0.0061035156,1.0187988,2.167939,-1.480916,1.0687023
2026-07-20T18:21:44.068760,-0.092285156,0.0078125,1.0148926,2.1526718,-1.4198474,0.9465649
2026-07-20T18:21:44.080767,-0.09301758,0.0078125,1.020752,2.183206,-1.3740458,0.9312977
2026-07-20T18:21:44.092797,-0.09643555,0.0075683594,1.0112305,2.2137403,-1.3587786,0.90076333
2026-07-20T18:21:44.104712,-0.09350586,0.007080078,1.015625,2.183206,-1.389313,0.9160305
2026-07-20T18:21:44.116773,-0.09082031,0.010253906,1.0144043,2.0610688,-1.3587786,0.9465649
2026-07-20T18:21:44.128928,-0.09350586,0.0068359375,1.0126953,2.1374047,-1.4351145,0.7633588
2026-07-20T18:21:44.140762,-0.091552734,0.010986328,1.0095215,2.1221373,-1.4045801,0.870229
2026-07-20T18:21:44.152799,-0.08984375,0.009277344,1.0183105,2.1984732,-1.3587786,0.9160305
2026-07-20T18:21:44.165214,-0.09301758,0.0053710938,1.0136719,2.2290077,-1.3435115,0.9160305
2026-07-20T18:21:44.177242,-0.09277344,0.007080078,1.0148926,2.091603,-1.4045801,0.8244275
2026-07-20T18:21:44.189215,-0.09326172,0.008544922,1.0170898,2.1526718,-1.29771,0.8854962
2026-07-20T18:21:44.201232,-0.09106445,0.006591797,1.0131836,2.167939,-1.4503816,0.8244275
2026-07-20T18:21:44.213237,-0.09326172,0.006591797,1.0097656,2.1526718,-1.5114504,0.8244275
2026-07-20T18:21:44.225217,-0.09301758,0.009033203,1.0144043,2.167939,-1.5114504,0.97709924
2026-07-20T18:21:44.237721,-0.09814453,0.006591797,1.0170898,2.1526718,-1.4656489,0.9160305
2026-07-20T18:21:44.249208,-0.09765625,0.0087890625,1.0185547,2.091603,-1.4351145,0.9160305
2026-07-20T18:21:44.261204,-0.09643555,0.007080078,1.0161133,2.167939,-1.3740458,0.870229
2026-07-20T18:21:44.273240,-0.09106445,0.008544922,1.0158691,2.1526718,-1.4198474,0.90076333
2026-07-20T18:21:44.285212,-0.09887695,0.008300781,1.013916,2.2137403,-1.4503816,0.8396947
2026-07-20T18:21:44.297204,-0.092285156,0.009033203,1.0114746,2.076336,-1.4351145,1.0076336
2026-07-20T18:21:44.309221,-0.09399414,0.001953125,1.0146484,2.2137403,-1.4198474,0.9465649
2026-07-20T18:21:44.321262,-0.08959961,0.005859375,1.017334,2.2442749,-1.4045801,0.97709924
2026-07-20T18:21:44.333231,-0.095214844,0.0041503906,1.0109863,2.1984732,-1.4198474,0.870229
2026-07-20T18:21:44.345627,-0.09399414,0.006591797,1.013916,2.183206,-1.4503816,0.8854962
2026-07-20T18:21:44.357242,-0.095458984,0.00390625,1.017334,2.2137403,-1.5572519,0.96183205
2026-07-20T18:21:44.369228,-0.09399414,0.008056641,1.0148926,2.1984732,-1.4198474,0.9465649
2026-07-20T18:21:44.381236,-0.095947266,0.008056641,1.0141602,2.1984732,-1.4656489,0.96183205
2026-07-20T18:21:44.393228,-0.09350586,0.0056152344,1.0102539,2.2290077,-1.3282443,0.9465649
2026-07-20T18:21:44.405231,-0.095214844,0.006591797,1.0114746,2.1221373,-1.4656489,0.9312977
2026-07-20T18:21:44.417236,-0.092285156,0.0061035156,1.0095215,2.2137403,-1.389313,0.9312977
2026-07-20T18:21:44.429236,-0.09448242,0.008056641,1.0119629,2.2748091,-1.480916,0.7633588
2026-07-20T18:21:44.441236,-0.09326172,0.008544922,1.020752,2.183206,-1.4351145,0.9160305
2026-07-20T18:21:44.453234,-0.09448242,0.0078125,1.0097656,2.1984732,-1.3435115,0.9160305
2026-07-20T18:21:44.465749,-0.09667969,0.010009766,1.012207,2.2290077,-1.3740458,0.97709924
2026-07-20T18:21:44.477249,-0.08886719,0.0078125,1.0151367,2.2137403,-1.3740458,0.96183205
2026-07-20T18:21:44.489260,-0.09741211,0.0087890625,1.0026855,2.1374047,-1.4351145,0.8091603
2026-07-20T18:21:44.501258,-0.09301758,0.009277344,1.0095215,2.167939,-1.3587786,0.96183205
2026-07-20T18:21:44.513271,-0.09008789,0.0041503906,1.0178223,2.183206,-1.4351145,0.96183205
2026-07-20T18:21:44.525242,-0.09301758,0.009521484,1.0126953,2.259542,-1.3740458,0.8854962
2026-07-20T18:21:44.537856,-0.08959961,0.0053710938,1.0107422,2.1984732,-1.389313,1.0076336
2026-07-20T18:21:44.550213,-0.09106445,0.0063476563,1.0195313,2.091603,-1.4503816,0.90076333
2026-07-20T18:21:44.562245,-0.09277344,0.0087890625,1.0175781,2.1068702,-1.480916,0.8244275
2026-07-20T18:21:44.574858,-0.092041016,0.0075683594,1.0080566,2.1984732,-1.3282443,0.96183205
2026-07-20T18:21:44.586833,-0.091308594,0.0043945313,1.0153809,2.1526718,-1.4045801,0.96183205
2026-07-20T18:21:44.598814,-0.092285156,0.010009766,1.0146484,2.2137403,-1.389313,0.90076333
2026-07-20T18:21:44.610824,-0.096191406,0.0075683594,1.0144043,2.183206,-1.4961832,0.8549618
2026-07-20T18:21:44.622833,-0.095703125,0.0061035156,1.0158691,2.1221373,-1.389313,0.90076333
2026-07-20T18:21:44.634821,-0.09082031,0.0068359375,1.0141602,2.2290077,-1.480916,0.90076333
2026-07-20T18:21:44.646850,-0.0925293,0.0068359375,1.0136719,2.183206,-1.3435115,0.9465649
2026-07-20T18:21:44.658851,-0.09472656,0.0012207031,1.0163574,2.183206,-1.4656489,0.8854962
2026-07-20T18:21:44.670866,-0.08886719,0.007080078,1.0175781,2.259542,-1.4198474,0.8396947
2026-07-20T18:21:44.682368,-0.09375,0.0026855469,1.0126953,2.091603,-1.3740458,0.8091603
2026-07-20T18:21:44.694781,-0.09301758,0.0087890625,1.0097656,2.091603,-1.4656489,0.9312977
2026-07-20T18:21:44.706871,-0.09326172,0.007080078,1.0166016,2.2748091,-1.4045801,0.90076333
2026-07-20T18:21:44.718867,-0.09326172,0.0087890625,1.017334,2.1984732,-1.3587786,1.038168
2026-07-20T18:21:44.731196,-0.09399414,0.0043945313,1.0185547,2.2290077,-1.4045801,0.79389316
2026-07-20T18:21:44.743286,-0.0925293,0.005126953,1.0187988,2.183206,-1.4351145,0.8396947
2026-07-20T18:21:44.755322,-0.09301758,0.005126953,1.0148926,2.2137403,-1.3129771,0.90076333
2026-07-20T18:21:44.767287,-0.09350586,0.008300781,1.0083008,2.183206,-1.3740458,0.870229
2026-07-20T18:21:44.779879,-0.09277344,0.0056152344,1.0117188,2.2137403,-1.3587786,0.8396947
2026-07-20T18:21:44.792793,-0.09423828,0.00390625,1.0117188,2.1984732,-1.4198474,0.90076333
2026-07-20T18:21:44.804837,-0.09301758,0.0053710938,1.0131836,2.1526718,-1.389313,0.9160305
2026-07-20T18:21:44.816230,-0.09399414,0.0078125,1.0063477,2.1374047,-1.4198474,0.9312977
2026-07-20T18:21:44.828246,-0.095214844,0.008300781,1.0126953,2.183206,-1.4198474,0.9465649
2026-07-20T18:21:44.840260,-0.096191406,0.01171875,1.0112305,2.1526718,-1.389313,1.0076336
2026-07-20T18:21:44.852229,-0.09277344,0.007080078,1.0153809,2.2137403,-1.2824427,0.8854962
2026-07-20T18:21:44.864827,-0.09399414,0.0063476563,1.0158691,2.1526718,-1.5114504,0.96183205
2026-07-20T18:21:44.876864,-0.09008789,0.004638672,1.0129395,2.1984732,-1.4656489,0.90076333
2026-07-20T18:21:44.888841,-0.09741211,0.0075683594,1.0183105,2.2290077,-1.4198474,0.9312977
2026-07-20T18:21:44.901074,-0.09106445,0.008300781,1.0161133,2.167939,-1.4503816,0.97709924
2026-07-20T18:21:44.913269,-0.09326172,0.0043945313,1.0141602,2.2137403,-1.4045801,0.8549618
2026-07-20T18:21:44.925256,-0.09472656,0.0126953125,1.0178223,2.3206108,-1.4198474,0.8854962
2026-07-20T18:21:44.937236,-0.09008789,0.0075683594,1.013916,2.1221373,-1.29771,0.90076333
2026-07-20T18:21:44.949312,-0.095703125,0.0056152344,1.0136719,2.2290077,-1.389313,0.97709924
2026-07-20T18:21:44.961312,-0.09375,0.0075683594,1.0144043,2.2137403,-1.4198474,0.8549618
2026-07-20T18:21:44.973273,-0.0949707,0.0075683594,1.015625,2.167939,-1.3587786,0.9160305
2026-07-20T18:21:44.985364,-0.095214844,0.010498047,1.0097656,2.2748091,-1.4656489,0.99236643
2026-07-20T18:21:44.997295,-0.09301758,0.010498047,1.015625,2.3053436,-1.4656489,0.99236643
2026-07-20T18:21:45.009912,-0.092285156,0.0063476563,1.012207,2.2137403,-1.4656489,0.9312977
2026-07-20T18:21:45.022157,-0.09423828,0.0078125,1.0146484,2.167939,-1.29771,0.9312977
2026-07-20T18:21:45.033862,-0.091308594,0.009033203,1.0131836,2.1221373,-1.4961832,0.9312977
2026-07-20T18:21:45.045886,-0.08959961,0.0068359375,1.0163574,2.1984732,-1.4961832,0.97709924
2026-07-20T18:21:45.057943,-0.09448242,0.0048828125,1.019043,2.1221373,-1.480916,0.9160305
2026-07-20T18:21:45.070324,-0.09448242,0.0024414063,1.015625,2.1221373,-1.4198474,0.870229
2026-07-20T18:21:45.082879,-0.09057617,0.0073242188,1.0114746,2.1526718,-1.3435115,1.038168
2026-07-20T18:21:45.094810,-0.09399414,0.0061035156,1.015625,2.1068702,-1.389313,1.038168
2026-07-20T18:21:45.106872,-0.091552734,0.008056641,1.0185547,2.1526718,-1.4351145,0.96183205
2026-07-20T18:21:45.118919,-0.09033203,0.010009766,1.0131836,2.2137403,-1.3435115,0.90076333
2026-07-20T18:21:45.131030,-0.0925293,0.009765625,1.0178223,2.1984732,-1.4045801,0.870229
2026-07-20T18:21:45.142912,-0.091308594,0.008056641,1.0124512,2.167939,-1.4503816,0.8549618
2026-07-20T18:21:45.154836,-0.092041016,0.008056641,1.0070801,2.1526718,-1.4961832,0.9312977
2026-07-20T18:21:45.166870,-0.095947266,0.008544922,1.0144043,2.1221373,-1.4351145,0.97709924
2026-07-20T18:21:45.178856,-0.09301758,0.005126953,1.012207,2.1221373,-1.3282443,0.9465649
2026-07-20T18:21:45.190866,-0.09033203,0.010009766,1.0187988,2.1068702,-1.3435115,0.77862597
2026-07-20T18:21:45.203365,-0.095703125,0.0073242188,1.0134277,2.1984732,-1.389313,0.90076333
2026-07-20T18:21:45.215943,-0.09277344,0.0043945313,1.0131836,2.1374047,-1.4198474,0.96183205
2026-07-20T18:21:45.227862,-0.09375,0.006591797,1.0168457,2.167939,-1.3282443,0.870229
2026-07-20T18:21:45.240259,-0.0925293,0.0073242188,1.0131836,2.1221373,-1.3587786,1.0076336
2026-07-20T18:21:45.251939,-0.092285156,0.0087890625,1.0168457,2.1984732,-1.4351145,0.8549618
2026-07-20T18:21:45.263949,-0.09350586,0.0078125,1.0170898,2.0305343,-1.2824427,1.0229008
2026-07-20T18:21:45.275872,-0.09643555,0.010009766,1.0095215,2.167939,-1.4045801,0.90076333
2026-07-20T18:21:45.287866,-0.09350586,0.0068359375,1.0151367,2.183206,-1.389313,0.90076333
2026-07-20T18:21:45.300402,-0.0949707,0.005859375,1.0117188,2.1068702,-1.4351145,0.9312977
2026-07-20T18:21:45.312306,-0.092041016,0.010498047,1.0097656,2.1221373,-1.4198474,0.8854962
2026-07-20T18:21:45.324238,-0.09350586,0.011230469,1.0078125,2.1068702,-1.29771,0.9312977
2026-07-20T18:21:45.336312,-0.0925293,0.0068359375,1.0141602,2.2137403,-1.4198474,0.8854962
2026-07-20T18:21:45.348745,-0.09423828,0.009033203,1.0151367,2.1526718,-1.4045801,0.97709924
2026-07-20T18:21:45.360290,-0.0925293,0.00390625,1.017334,2.2137403,-1.4503816,0.870229
2026-07-20T18:21:45.372322,-0.09008789,0.011230469,1.0166016,2.259542,-1.5267175,0.9160305
2026-07-20T18:21:45.384262,-0.095947266,0.009765625,1.017334,2.1984732,-1.4656489,0.9465649
2026-07-20T18:21:45.396259,-0.092041016,0.0078125,1.0151367,2.2748091,-1.4503816,0.9160305
2026-07-20T18:21:45.408323,-0.095947266,0.005859375,1.0078125,2.167939,-1.4351145,0.97709924
2026-07-20T18:21:45.420339,-0.09301758,0.0061035156,1.0083008,2.1526718,-1.3435115,0.9312977
2026-07-20T18:21:45.432319,-0.09350586,0.010498047,1.0148926,2.2900763,-1.3740458,0.97709924
2026-07-20T18:21:45.444826,-0.09448242,0.0078125,1.0195313,2.183206,-1.3129771,0.9312977
2026-07-20T18:21:45.456875,-0.09399414,0.005126953,1.0092773,2.183206,-1.3587786,0.8854962
2026-07-20T18:21:45.469235,-0.09643555,0.006591797,1.0136719,2.183206,-1.4656489,0.9312977
2026-07-20T18:21:45.481395,-0.09326172,0.0034179688,1.0166016,2.1526718,-1.4198474,1.0534351
2026-07-20T18:21:45.493318,-0.09277344,0.0075683594,1.0119629,2.183206,-1.389313,0.870229
2026-07-20T18:21:45.505335,-0.08935547,0.005859375,1.0158691,2.2900763,-1.4045801,0.9160305
2026-07-20T18:21:45.517335,-0.09301758,0.010986328,1.0163574,2.1984732,-1.3435115,0.9465649
2026-07-20T18:21:45.529304,-0.09082031,0.008056641,1.017334,2.2290077,-1.3435115,0.9465649
2026-07-20T18:21:45.541335,-0.09082031,0.0021972656,1.0187988,2.0458016,-1.389313,0.99236643
2026-07-20T18:21:45.553343,-0.091308594,0.0075683594,1.0129395,2.183206,-1.5267175,0.9160305
2026-07-20T18:21:45.565348,-0.09716797,0.0056152344,1.0168457,2.167939,-1.4198474,0.8854962
2026-07-20T18:21:45.578078,-0.09716797,0.0063476563,1.0144043,2.183206,-1.3435115,1.0076336
2026-07-20T18:21:45.589881,-0.08959961,0.009765625,1.0134277,2.091603,-1.4198474,0.9312977
2026-07-20T18:21:45.601881,-0.09277344,0.0078125,1.0158691,2.1374047,-1.3282443,0.99236643
2026-07-20T18:21:45.614303,-0.09301758,0.0073242188,1.0102539,2.1068702,-1.3129771,0.97709924
2026-07-20T18:21:45.626337,-0.09643555,0.007080078,1.0163574,2.1068702,-1.4503816,0.8854962
2026-07-20T18:21:45.638288,-0.09375,0.0056152344,1.012207,2.2290077,-1.4198474,0.9312977
2026-07-20T18:21:45.650343,-0.091796875,0.008300781,1.0151367,2.2137403,-1.3129771,1.0229008
2026-07-20T18:21:45.662339,-0.092285156,0.008056641,1.0192871,2.1984732,-1.4045801,0.8549618
2026-07-20T18:21:45.674312,-0.092041016,0.009033203,1.0153809,2.2442749,-1.4198474,0.8244275
2026-07-20T18:21:45.686351,-0.09326172,0.0056152344,1.0146484,2.1984732,-1.480916,1.0076336
2026-07-20T18:21:45.698384,-0.095214844,0.004638672,1.019043,2.183206,-1.389313,0.870229
2026-07-20T18:21:45.710340,-0.09301758,0.010009766,1.0214844,2.1221373,-1.389313,0.99236643
2026-07-20T18:21:45.722899,-0.09814453,0.0024414063,1.0100098,2.1221373,-1.480916,0.8396947
2026-07-20T18:21:45.734900,-0.08959961,0.0087890625,1.0134277,2.1984732,-1.3740458,0.97709924
2026-07-20T18:21:45.747344,-0.09643555,0.0053710938,1.0187988,2.183206,-1.4045801,0.77862597
2026-07-20T18:21:45.759345,-0.09423828,0.0073242188,1.0129395,2.183206,-1.5114504,0.9312977
2026-07-20T18:21:45.771878,-0.09472656,0.0063476563,1.0217285,2.1374047,-1.389313,0.99236643
2026-07-20T18:21:45.783935,-0.08984375,0.0048828125,1.017334,2.2137403,-1.4503816,0.90076333
2026-07-20T18:21:45.796179,-0.0949707,0.010253906,1.0119629,2.1068702,-1.389313,1.0076336
2026-07-20T18:21:45.807943,-0.095458984,0.008544922,1.0124512,2.1984732,-1.3587786,0.97709924
2026-07-20T18:21:45.819949,-0.095703125,0.0041503906,1.019043,2.259542,-1.4503816,0.97709924
2026-07-20T18:21:45.832574,-0.0949707,0.0063476563,1.0170898,2.1221373,-1.389313,1.0229008
2026-07-20T18:21:45.844316,-0.095458984,0.0036621094,1.0126953,2.1984732,-1.4656489,0.9465649
2026-07-20T18:21:45.856604,-0.095214844,0.008544922,1.0168457,2.167939,-1.3740458,0.870229
2026-07-20T18:21:45.868870,-0.095703125,0.009277344,1.0117188,2.167939,-1.4351145,0.870229
2026-07-20T18:21:45.880923,-0.091796875,0.0063476563,1.0180664,2.1984732,-1.4656489,0.8854962
2026-07-20T18:21:45.892915,-0.091308594,0.007080078,1.0161133,2.1068702,-1.4198474,0.8854962
2026-07-20T18:21:45.905093,-0.09472656,0.006591797,1.013916,2.167939,-1.4045801,0.99236643
2026-07-20T18:21:45.917311,-0.08984375,0.0063476563,1.0158691,2.2290077,-1.4656489,0.8549618
2026-07-20T18:21:45.929372,-0.09350586,0.008056641,1.012207,2.1526718,-1.4351145,0.90076333
2026-07-20T18:21:45.941369,-0.09008789,0.0061035156,1.0148926,2.167939,-1.480916,0.9160305
2026-07-20T18:21:45.953375,-0.09106445,0.007080078,1.0168457,2.2900763,-1.3435115,0.8854962
2026-07-20T18:21:45.965363,-0.092285156,0.006591797,1.013916,2.2137403,-1.221374,0.97709924
2026-07-20T18:21:45.977387,-0.099365234,0.008544922,1.0107422,2.167939,-1.3435115,0.97709924
2026-07-20T18:21:45.989374,-0.09350586,0.009277344,1.0183105,2.1984732,-1.5114504,0.9312977
2026-07-20T18:21:46.001944,-0.091308594,0.0043945313,1.0117188,2.2290077,-1.389313,0.870229
2026-07-20T18:21:46.013930,-0.09716797,0.01171875,1.0158691,2.2442749,-1.3740458,1.0229008
2026-07-20T18:21:46.026767,-0.095458984,0.009765625,1.0117188,2.2137403,-1.4503816,0.9312977
2026-07-20T18:21:46.038911,-0.0949707,0.0073242188,1.0170898,2.183206,-1.29771,0.99236643
2026-07-20T18:21:46.051382,-0.096191406,0.0034179688,1.015625,2.1221373,-1.5267175,0.96183205
2026-07-20T18:21:46.063374,-0.09423828,0.0075683594,1.015625,2.167939,-1.4351145,0.97709924
2026-07-20T18:21:46.075375,-0.09399414,0.008544922,1.0131836,2.183206,-1.3282443,0.9465649
2026-07-20T18:21:46.087403,-0.091796875,0.0068359375,1.0129395,2.2290077,-1.3282443,0.9312977
2026-07-20T18:21:46.099377,-0.09057617,0.008544922,1.0146484,2.0610688,-1.4961832,0.9160305
2026-07-20T18:21:46.111392,-0.09716797,0.0075683594,1.0197754,2.1221373,-1.3740458,0.99236643
2026-07-20T18:21:46.123948,-0.092041016,0.0053710938,1.0097656,2.167939,-1.3587786,0.96183205
2026-07-20T18:21:46.136737,-0.09375,0.0014648438,1.0205078,2.2137403,-1.3740458,0.9465649
2026-07-20T18:21:46.148386,-0.095458984,0.0056152344,1.0141602,2.167939,-1.389313,0.97709924
2026-07-20T18:21:46.160373,-0.09375,0.0036621094,1.0148926,2.1221373,-1.4045801,0.96183205
2026-07-20T18:21:46.172394,-0.09057617,0.008300781,1.0163574,2.1068702,-1.5419847,0.9312977
2026-07-20T18:21:46.184340,-0.091552734,0.0041503906,1.0158691,2.167939,-1.4656489,0.99236643
2026-07-20T18:21:46.196392,-0.096191406,0.005126953,1.015625,2.1374047,-1.389313,0.97709924
2026-07-20T18:21:46.208397,-0.096191406,0.006591797,1.0234375,2.1374047,-1.3740458,0.9312977
2026-07-20T18:21:46.220942,-0.09008789,0.0063476563,1.010498,2.2137403,-1.3587786,0.99236643
2026-07-20T18:21:46.232939,-0.09399414,0.008544922,1.0224609,2.183206,-1.4198474,0.8854962
2026-07-20T18:21:46.246058,-0.09277344,0.0073242188,1.0202637,2.1526718,-1.29771,0.9465649
2026-07-20T18:21:46.256951,-0.09790039,0.010986328,1.0136719,2.2137403,-1.4351145,0.97709924
2026-07-20T18:21:46.269393,-0.09326172,0.009033203,1.0141602,2.259542,-1.4351145,0.96183205
2026-07-20T18:21:46.281407,-0.09399414,0.0063476563,1.0109863,2.2137403,-1.389313,0.96183205
2026-07-20T18:21:46.293971,-0.09350586,0.0073242188,1.0151367,2.183206,-1.389313,0.96183205
2026-07-20T18:21:46.305975,-0.09863281,0.008056641,1.0085449,2.1984732,-1.4351145,0.99236643
2026-07-20T18:21:46.317952,-0.091308594,0.005126953,1.0073242,2.1526718,-1.3587786,0.9312977
2026-07-20T18:21:46.329981,-0.095703125,0.011962891,1.010498,2.1221373,-1.3282443,0.90076333
2026-07-20T18:21:46.341949,-0.092041016,0.008056641,1.0151367,2.091603,-1.4351145,0.9465649
2026-07-20T18:21:46.354214,-0.09472656,0.006591797,1.0131836,2.1374047,-1.4045801,0.870229
2026-07-20T18:21:46.365951,-0.096191406,0.006591797,1.0136719,2.1374047,-1.389313,1.0229008
2026-07-20T18:21:46.377951,-0.09399414,0.008056641,1.0187988,2.2137403,-1.3282443,0.90076333
2026-07-20T18:21:46.389946,-0.0949707,0.004638672,1.0175781,2.183206,-1.4656489,0.9312977
2026-07-20T18:21:46.401976,-0.09106445,0.010986328,1.0141602,2.0610688,-1.4656489,0.97709924
2026-07-20T18:21:46.413955,-0.092041016,0.009521484,1.020752,2.183206,-1.4656489,0.8396947
2026-07-20T18:21:46.425951,-0.0949707,0.0078125,1.0166016,2.1526718,-1.389313,0.90076333
2026-07-20T18:21:46.437953,-0.09301758,0.0056152344,1.0146484,2.183206,-1.5725191,0.8549618
2026-07-20T18:21:46.449969,-0.09741211,0.009277344,1.0126953,2.2137403,-1.4351145,0.8244275
2026-07-20T18:21:46.461989,-0.09033203,0.006591797,1.0141602,2.1374047,-1.4045801,0.8854962
2026-07-20T18:21:46.474309,-0.09448242,0.005126953,1.0075684,2.1984732,-1.4045801,0.90076333
2026-07-20T18:21:46.485957,-0.091552734,0.007080078,1.0144043,2.1221373,-1.389313,1.0229008
2026-07-20T18:21:46.497958,-0.0949707,0.0056152344,1.0144043,2.1221373,-1.389313,0.870229
2026-07-20T18:21:46.509924,-0.09643555,0.008300781,1.0134277,2.259542,-1.3587786,0.9312977
2026-07-20T18:21:46.521988,-0.091796875,0.005859375,1.0170898,2.1221373,-1.3587786,0.97709924
2026-07-20T18:21:46.533988,-0.095458984,0.0031738281,1.0131836,2.1984732,-1.3740458,0.9312977
2026-07-20T18:21:46.545988,-0.095214844,0.008056641,1.0102539,2.1374047,-1.4503816,0.8854962
2026-07-20T18:21:46.557920,-0.08984375,0.008544922,1.0065918,2.1526718,-1.389313,0.9160305
2026-07-20T18:21:46.570430,-0.095214844,0.0075683594,1.0175781,2.167939,-1.4351145,0.9160305
2026-07-20T18:21:46.582290,-0.095458984,0.009765625,1.0124512,2.1526718,-1.4503816,0.99236643
2026-07-20T18:21:46.594385,-0.08911133,0.0063476563,1.0109863,2.167939,-1.4045801,0.8396947
2026-07-20T18:21:46.606972,-0.09448242,0.0043945313,1.010498,2.259542,-1.4351145,0.96183205
2026-07-20T18:21:46.619014,-0.09301758,0.008300781,1.0090332,2.167939,-1.4351145,0.90076333
2026-07-20T18:21:46.631011,-0.091552734,0.009765625,1.0158691,2.1374047,-1.4198474,0.90076333
2026-07-20T18:21:46.642978,-0.09350586,0.0061035156,1.0170898,2.1984732,-1.3587786,0.9312977
2026-07-20T18:21:46.654922,-0.09472656,0.007080078,1.015625,2.167939,-1.4656489,0.9160305
2026-07-20T18:21:46.666934,-0.08959961,0.009765625,1.0136719,2.2290077,-1.3282443,0.870229
2026-07-20T18:21:46.678948,-0.095947266,0.007080078,1.0102539,2.1984732,-1.4503816,0.9160305
2026-07-20T18:21:46.691004,-0.09399414,0.0063476563,1.0141602,2.2290077,-1.4198474,0.96183205
2026-07-20T18:21:46.703463,-0.09350586,0.00390625,1.012207,2.2137403,-1.3587786,0.96183205
2026-07-20T18:21:46.715463,-0.09326172,0.008056641,1.0168457,2.183206,-1.4198474,0.9160305
2026-07-20T18:21:46.727380,-0.0925293,0.0087890625,1.0114746,2.183206,-1.3129771,0.8854962
2026-07-20T18:21:46.739443,-0.088134766,0.010986328,1.0224609,2.1374047,-1.4351145,0.9312977
2026-07-20T18:21:46.751991,-0.09790039,0.0073242188,1.0178223,2.1068702,-1.4198474,0.8091603
2026-07-20T18:21:46.763998,-0.09667969,0.006591797,1.0183105,2.091603,-1.4351145,0.97709924
2026-07-20T18:21:46.776039,-0.09301758,0.008544922,1.0146484,2.1221373,-1.3435115,0.9312977
2026-07-20T18:21:46.787965,-0.09082031,0.0056152344,1.0212402,2.1068702,-1.3587786,0.90076333
2026-07-20T18:21:46.800316,-0.09399414,0.008300781,1.0217285,2.2137403,-1.3587786,0.870229
2026-07-20T18:21:46.812042,-0.095214844,0.006591797,1.0144043,2.1068702,-1.4198474,0.90076333
2026-07-20T18:21:46.823959,-0.092285156,0.010009766,1.0134277,2.183206,-1.29771,0.96183205
2026-07-20T18:21:46.836024,-0.095214844,0.0078125,1.0151367,2.167939,-1.3740458,0.8854962
2026-07-20T18:21:46.848409,-0.09008789,0.0053710938,1.0161133,2.2290077,-1.4503816,0.97709924
2026-07-20T18:21:46.859967,-0.095947266,0.0061035156,1.0178223,2.2442749,-1.4198474,0.9312977
2026-07-20T18:21:46.872582,-0.09033203,0.0068359375,1.0129395,2.183206,-1.5572519,1.0076336
2026-07-20T18:21:46.884434,-0.09350586,0.0012207031,1.0109863,2.1221373,-1.4198474,0.90076333
2026-07-20T18:21:46.896594,-0.08959961,0.0087890625,1.015625,2.1526718,-1.480916,0.9465649
2026-07-20T18:21:46.908828,-0.09106445,0.0068359375,1.0092773,2.1526718,-1.389313,0.96183205
2026-07-20T18:21:46.921050,-0.09375,0.0073242188,1.0114746,2.2137403,-1.4656489,0.9312977
2026-07-20T18:21:46.932972,-0.09033203,0.009277344,1.012207,2.1984732,-1.4503816,0.97709924
2026-07-20T18:21:46.945095,-0.0925293,0.005126953,1.0163574,2.2137403,-1.4198474,0.96183205
2026-07-20T18:21:46.957015,-0.095703125,0.009277344,1.017334,2.167939,-1.3587786,0.90076333
2026-07-20T18:21:46.968969,-0.09399414,0.006591797,1.012207,2.2137403,-1.4351145,0.8396947
2026-07-20T18:21:46.980978,-0.09057617,0.00390625,1.012207,2.1984732,-1.4351145,0.97709924
2026-07-20T18:21:46.993033,-0.092285156,0.0063476563,1.0141602,2.167939,-1.389313,0.9160305
2026-07-20T18:21:47.005468,-0.09301758,0.0073242188,1.0205078,2.1068702,-1.3740458,0.9160305
2026-07-20T18:21:47.017452,-0.09765625,0.0075683594,1.0168457,2.1068702,-1.389313,0.8854962
2026-07-20T18:21:47.029906,-0.09399414,0.0078125,1.0166016,2.1221373,-1.3282443,0.9160305
2026-07-20T18:21:47.041467,-0.09326172,0.010253906,1.0178223,2.259542,-1.3740458,0.9312977
2026-07-20T18:21:47.053450,-0.09399414,0.010498047,1.020752,2.1526718,-1.6183206,0.8854962
2026-07-20T18:21:47.065460,-0.092285156,0.0087890625,1.0087891,2.167939,-1.4045801,0.9312977
2026-07-20T18:21:47.077435,-0.09423828,0.0075683594,1.0166016,2.2442749,-1.4351145,0.90076333
2026-07-20T18:21:47.089492,-0.09423828,0.0087890625,1.0202637,2.183206,-1.4351145,0.8854962
2026-07-20T18:21:47.101494,-0.09423828,0.0036621094,1.0141602,2.2290077,-1.4503816,0.8549618
2026-07-20T18:21:47.113492,-0.09423828,0.009033203,1.0158691,2.1374047,-1.4351145,0.9465649
2026-07-20T18:21:47.126046,-0.08984375,0.009521484,1.0141602,2.1374047,-1.4045801,1.0687023
2026-07-20T18:21:47.138261,-0.09301758,0.006591797,1.0163574,2.2442749,-1.5267175,0.90076333
2026-07-20T18:21:47.149482,-0.0925293,0.007080078,1.013916,2.183206,-1.4656489,0.9465649
2026-07-20T18:21:47.162071,-0.09350586,0.0075683594,1.0073242,2.2442749,-1.3129771,0.97709924
2026-07-20T18:21:47.174106,-0.091796875,0.0041503906,1.013916,2.2442749,-1.3740458,0.96183205
2026-07-20T18:21:47.186038,-0.0949707,0.009765625,1.0214844,2.1221373,-1.4656489,0.8396947
2026-07-20T18:21:47.198053,-0.091552734,0.0061035156,1.0209961,2.183206,-1.4198474,0.96183205
2026-07-20T18:21:47.210117,-0.0949707,0.0043945313,1.0158691,2.2442749,-1.3740458,0.8244275
2026-07-20T18:21:47.222103,-0.09301758,0.007080078,1.0144043,2.2290077,-1.3740458,0.8549618
2026-07-20T18:21:47.234478,-0.09301758,0.0043945313,1.0090332,2.183206,-1.3587786,0.90076333
2026-07-20T18:21:47.246196,-0.092041016,0.007080078,1.0168457,2.1374047,-1.4351145,0.96183205
2026-07-20T18:21:47.258464,-0.0925293,0.008300781,1.0129395,2.091603,-1.2519084,0.8244275
2026-07-20T18:21:47.271062,-0.09838867,0.013916016,1.0117188,2.1526718,-1.3587786,0.96183205
2026-07-20T18:21:47.283049,-0.09277344,0.009033203,1.0117188,2.0610688,-1.5267175,0.9312977
2026-07-20T18:21:47.295032,-0.09667969,0.0031738281,1.0151367,2.183206,-1.3587786,0.9160305
2026-07-20T18:21:47.307526,-0.09350586,0.0068359375,1.0134277,2.1374047,-1.4045801,0.870229
2026-07-20T18:21:47.319534,-0.09399414,0.0107421875,1.0166016,2.1984732,-1.4198474,0.8549618
2026-07-20T18:21:47.331508,-0.09326172,0.005859375,1.0161133,2.2290077,-1.4045801,0.9160305
2026-07-20T18:21:47.343530,-0.09106445,0.011230469,1.0161133,2.2290077,-1.3282443,0.9465649
2026-07-20T18:21:47.355979,-0.09399414,0.0031738281,1.0178223,2.1221373,-1.4045801,0.96183205
2026-07-20T18:21:47.367526,-0.09301758,0.0056152344,1.012207,2.091603,-1.4198474,0.77862597
2026-07-20T18:21:47.379533,-0.0925293,0.0078125,1.0087891,2.183206,-1.3587786,0.8244275
2026-07-20T18:21:47.391536,-0.0925293,0.006591797,1.0107422,2.2137403,-1.5114504,0.8549618
2026-07-20T18:21:47.403555,-0.09301758,0.0036621094,1.015625,2.2137403,-1.4503816,0.9465649
2026-07-20T18:21:47.415495,-0.09741211,0.0087890625,1.0222168,2.183206,-1.4961832,0.90076333
2026-07-20T18:21:47.427514,-0.09399414,0.008056641,1.0087891,2.2290077,-1.3740458,0.9160305
2026-07-20T18:21:47.439511,-0.095703125,0.012451172,1.0161133,2.1984732,-1.4198474,0.9312977
2026-07-20T18:21:47.451496,-0.0925293,0.0078125,1.0083008,2.1526718,-1.3740458,0.90076333
2026-07-20T18:21:47.463893,-0.09448242,0.010986328,1.0083008,2.1068702,-1.4351145,1.0076336
2026-07-20T18:21:47.475518,-0.095214844,0.009277344,1.010498,2.2748091,-1.4351145,1.0076336
2026-07-20T18:21:47.488038,-0.09350586,0.0024414063,1.0151367,2.167939,-1.3587786,0.8549618
2026-07-20T18:21:47.500034,-0.0925293,0.008300781,1.0109863,2.1984732,-1.4656489,0.870229
2026-07-20T18:21:47.512048,-0.091552734,0.004638672,1.0148926,2.1374047,-1.3435115,0.99236643
2026-07-20T18:21:47.524147,-0.091308594,0.0056152344,1.015625,2.2290077,-1.2824427,0.9160305
2026-07-20T18:21:47.536051,-0.092041016,0.0087890625,1.0141602,2.1526718,-1.3129771,0.8854962
2026-07-20T18:21:47.548034,-0.09057617,0.00390625,1.0129395,2.1526718,-1.4198474,0.9465649
2026-07-20T18:21:47.560034,-0.09301758,0.008056641,1.0070801,2.183206,-1.4503816,0.9160305
2026-07-20T18:21:47.572046,-0.09838867,0.010009766,1.0170898,2.259542,-1.389313,0.9312977
2026-07-20T18:21:47.584918,-0.09301758,0.008300781,1.0117188,2.091603,-1.4503816,0.90076333
2026-07-20T18:21:47.596045,-0.09399414,0.005126953,1.0151367,2.1068702,-1.4198474,0.9160305
2026-07-20T18:21:47.608508,-0.09643555,0.0075683594,1.013916,2.183206,-1.4503816,0.870229
2026-07-20T18:21:47.620525,-0.09033203,0.00390625,1.0180664,2.2137403,-1.3282443,0.9160305
2026-07-20T18:21:47.632574,-0.09277344,0.006591797,1.0178223,2.2748091,-1.4503816,0.9312977
2026-07-20T18:21:47.645065,-0.09350586,0.0063476563,1.0151367,2.1984732,-1.4351145,0.8854962
2026-07-20T18:21:47.656505,-0.09350586,0.0078125,1.015625,2.167939,-1.3587786,0.8396947
2026-07-20T18:21:47.668539,-0.09423828,0.0029296875,1.0146484,2.1526718,-1.4656489,0.9160305
2026-07-20T18:21:47.680464,-0.096191406,0.006591797,1.013916,2.167939,-1.4351145,1.0229008
2026-07-20T18:21:47.692600,-0.09350586,0.0068359375,1.0185547,2.2137403,-1.4503816,0.99236643
2026-07-20T18:21:47.705147,-0.095947266,0.0107421875,1.0109863,2.183206,-1.389313,0.8396947
2026-07-20T18:21:47.717173,-0.091308594,0.009765625,1.0187988,2.1526718,-1.2824427,0.8854962
2026-07-20T18:21:47.729094,-0.09741211,0.0056152344,1.0109863,2.1068702,-1.480916,0.9465649
2026-07-20T18:21:47.741091,-0.09350586,0.007080078,1.0175781,2.1374047,-1.3587786,0.9312977
2026-07-20T18:21:47.753109,-0.095703125,0.009033203,1.0175781,2.1526718,-1.3129771,0.8091603
2026-07-20T18:21:47.765167,-0.09057617,0.0087890625,1.0192871,2.2137403,-1.4198474,0.90076333
2026-07-20T18:21:47.777094,-0.0925293,0.005126953,1.0100098,2.1221373,-1.4045801,0.8549618
2026-07-20T18:21:47.789137,-0.096191406,0.004638672,1.0170898,2.1374047,-1.5114504,0.99236643
2026-07-20T18:21:47.801420,-0.09326172,0.00390625,1.015625,2.2137403,-1.4045801,0.8854962
2026-07-20T18:21:47.813117,-0.087890625,0.008300781,1.0112305,2.2137403,-1.4503816,0.9312977
2026-07-20T18:21:47.825162,-0.09423828,0.005859375,1.0141602,2.167939,-1.4198474,1.0229008
2026-07-20T18:21:47.837155,-0.09106445,0.007080078,1.0163574,2.1526718,-1.4045801,0.8854962
2026-07-20T18:21:47.849569,-0.09350586,0.0063476563,1.0183105,2.1984732,-1.4961832,0.8854962
2026-07-20T18:21:47.861040,-0.09375,0.007080078,1.0100098,2.183206,-1.389313,0.90076333
2026-07-20T18:21:47.873609,-0.0925293,0.008544922,1.0178223,2.1526718,-1.3740458,0.96183205
2026-07-20T18:21:47.885575,-0.091796875,0.0053710938,1.0131836,2.1984732,-1.4198474,0.870229
2026-07-20T18:21:47.897569,-0.09301758,0.004638672,1.020752,2.167939,-1.3740458,0.96183205
2026-07-20T18:21:47.910296,-0.08911133,0.008300781,1.013916,2.1374047,-1.4351145,1.0076336
2026-07-20T18:21:47.922075,-0.09448242,0.008056641,1.0136719,2.076336,-1.4503816,0.77862597
2026-07-20T18:21:47.934086,-0.09448242,0.008544922,1.0214844,2.183206,-1.4351145,0.9312977
2026-07-20T18:21:47.946065,-0.095458984,0.008056641,1.0126953,2.167939,-1.4045801,0.99236643
2026-07-20T18:21:47.958069,-0.091796875,0.0063476563,1.0168457,2.1526718,-1.5114504,0.9465649
2026-07-20T18:21:47.970069,-0.088134766,0.0061035156,1.0161133,2.1984732,-1.3587786,0.8091603
2026-07-20T18:21:47.982055,-0.096191406,0.007080078,1.012207,2.1526718,-1.4503816,0.8854962
2026-07-20T18:21:47.994144,-0.095214844,0.00390625,1.0141602,2.1374047,-1.4503816,0.9465649
2026-07-20T18:21:48.006746,-0.099853516,0.0126953125,1.0039063,2.1984732,-1.3740458,0.8854962
2026-07-20T18:21:48.018557,-0.095458984,0.006591797,1.0124512,2.2442749,-1.4351145,0.8854962
2026-07-20T18:21:48.031478,-0.09643555,0.008544922,1.0117188,2.2137403,-1.4656489,0.97709924
2026-07-20T18:21:48.043151,-0.095703125,0.0061035156,1.0131836,2.167939,-1.3740458,0.8396947
2026-07-20T18:21:48.055067,-0.095214844,0.007080078,1.0148926,2.183206,-1.3282443,0.9160305
2026-07-20T18:21:48.067054,-0.09375,0.0056152344,1.0214844,2.2748091,-1.5572519,0.9465649
2026-07-20T18:21:48.079069,-0.09301758,0.008544922,1.0153809,2.1526718,-1.4198474,0.96183205
2026-07-20T18:21:48.091138,-0.092285156,0.007080078,1.015625,2.1526718,-1.5114504,0.97709924
2026-07-20T18:21:48.103589,-0.095947266,0.0073242188,1.0163574,2.259542,-1.4656489,0.97709924
2026-07-20T18:21:48.115667,-0.091552734,0.0048828125,1.0080566,2.1984732,-1.4045801,0.9312977
2026-07-20T18:21:48.127581,-0.09350586,0.0021972656,1.0192871,2.1526718,-1.389313,0.96183205
2026-07-20T18:21:48.139951,-0.0949707,0.008056641,1.0126953,2.1984732,-1.3740458,0.90076333
2026-07-20T18:21:48.151572,-0.09667969,0.009521484,1.0151367,2.2442749,-1.389313,0.9160305
2026-07-20T18:21:48.163556,-0.09375,0.007080078,1.0097656,2.259542,-1.389313,0.8549618
2026-07-20T18:21:48.175553,-0.09399414,0.008300781,1.0168457,2.2137403,-1.4961832,0.8549618
2026-07-20T18:21:48.187544,-0.09643555,0.010009766,1.0097656,2.1526718,-1.3740458,0.8244275
2026-07-20T18:21:48.199553,-0.09472656,0.0031738281,1.013916,2.091603,-1.4045801,0.9312977
2026-07-20T18:21:48.211502,-0.092041016,0.006591797,1.0170898,2.076336,-1.4198474,0.870229
2026-07-20T18:21:48.223579,-0.095703125,0.0068359375,1.0180664,2.167939,-1.389313,0.9465649
2026-07-20T18:21:48.235536,-0.0925293,0.008056641,1.0146484,2.2748091,-1.4503816,0.9465649
2026-07-20T18:21:48.247168,-0.09277344,0.005859375,1.0175781,2.183206,-1.3740458,0.97709924
2026-07-20T18:21:48.259558,-0.09472656,0.0061035156,1.0166016,2.183206,-1.389313,0.9160305
2026-07-20T18:21:48.271598,-0.09350586,0.0061035156,1.0097656,2.1984732,-1.3282443,0.8549618
2026-07-20T18:21:48.283585,-0.09326172,0.0078125,1.0236816,2.2442749,-1.4351145,1.038168
2026-07-20T18:21:48.295639,-0.091796875,0.0061035156,1.0090332,2.1984732,-1.4961832,0.90076333
2026-07-20T18:21:48.307616,-0.0925293,0.007080078,1.0163574,2.1984732,-1.3282443,0.99236643
2026-07-20T18:21:48.319579,-0.096191406,0.008056641,1.0095215,2.1221373,-1.4198474,0.96183205
2026-07-20T18:21:48.331623,-0.09472656,0.010498047,1.0205078,2.2748091,-1.4045801,1.0229008
2026-07-20T18:21:48.343637,-0.09350586,0.0068359375,1.0158691,2.1221373,-1.4045801,0.8854962
2026-07-20T18:21:48.356471,-0.09399414,0.0063476563,1.015625,2.1526718,-1.4045801,0.8854962
2026-07-20T18:21:48.368208,-0.095947266,0.0026855469,1.0161133,2.1526718,-1.2366412,0.96183205
2026-07-20T18:21:48.380626,-0.095703125,0.0073242188,1.0134277,2.2137403,-1.4045801,0.9312977
2026-07-20T18:21:48.392625,-0.092041016,0.0061035156,1.0134277,2.2137403,-1.4351145,0.97709924
2026-07-20T18:21:48.404590,-0.09277344,0.010009766,1.0163574,2.091603,-1.4503816,0.9160305
2026-07-20T18:21:48.416633,-0.09448242,0.007080078,1.0205078,2.2290077,-1.4656489,0.870229
2026-07-20T18:21:48.428612,-0.0949707,0.008300781,1.0041504,2.3053436,-1.4045801,0.90076333
2026-07-20T18:21:48.441248,-0.095214844,0.0043945313,1.0114746,2.1526718,-1.4351145,0.9465649
2026-07-20T18:21:48.453244,-0.092285156,0.009765625,1.0131836,2.2748091,-1.3435115,1.0229008
2026-07-20T18:21:48.465947,-0.092041016,0.0053710938,1.0187988,2.167939,-1.3740458,0.8396947
2026-07-20T18:21:48.477571,-0.09301758,0.008544922,1.015625,2.1526718,-1.4351145,0.9312977
2026-07-20T18:21:48.489575,-0.095947266,0.0087890625,1.0129395,2.1374047,-1.4503816,0.97709924
2026-07-20T18:21:48.501620,-0.09423828,0.008544922,1.0187988,2.3206108,-1.4198474,0.97709924
2026-07-20T18:21:48.513650,-0.091308594,0.005859375,1.0090332,2.2290077,-1.4045801,0.96183205
2026-07-20T18:21:48.525625,-0.09399414,0.0056152344,1.005127,2.167939,-1.480916,0.9160305
2026-07-20T18:21:48.537621,-0.095458984,0.0078125,1.0068359,2.2748091,-1.4503816,0.8854962
2026-07-20T18:21:48.549646,-0.095947266,0.0048828125,1.0107422,2.1526718,-1.4961832,0.8854962
2026-07-20T18:21:48.561645,-0.09301758,0.0048828125,1.0144043,2.1526718,-1.4503816,0.9312977
2026-07-20T18:21:48.573702,-0.095458984,0.005859375,1.0168457,2.1526718,-1.3435115,0.90076333
2026-07-20T18:21:48.586169,-0.095703125,0.008544922,1.0095215,2.1068702,-1.4351145,0.97709924
2026-07-20T18:21:48.597661,-0.09472656,0.01171875,1.0134277,2.1526718,-1.389313,0.9465649
2026-07-20T18:21:48.609612,-0.09375,0.0056152344,1.0136719,2.1526718,-1.4503816,0.9465649
2026-07-20T18:21:48.621686,-0.09716797,0.009033203,1.015625,2.2290077,-1.4198474,0.870229
2026-07-20T18:21:48.634226,-0.095214844,0.0073242188,1.0166016,2.1984732,-1.5572519,0.9312977
2026-07-20T18:21:48.646205,-0.09790039,0.010009766,1.0222168,2.2137403,-1.3282443,0.870229
2026-07-20T18:21:48.658211,-0.09667969,0.009277344,1.0141602,2.1526718,-1.4351145,0.90076333
2026-07-20T18:21:48.670665,-0.09082031,0.0053710938,1.013916,2.1374047,-1.3587786,0.97709924
2026-07-20T18:21:48.682645,-0.09033203,0.005859375,1.0202637,2.1984732,-1.4961832,0.90076333
2026-07-20T18:21:48.694422,-0.095458984,0.008056641,1.0119629,2.1221373,-1.389313,0.9312977
2026-07-20T18:21:48.706177,-0.09301758,0.0078125,1.0170898,2.1221373,-1.4045801,0.8854962
2026-07-20T18:21:48.718689,-0.095458984,0.001953125,1.0146484,2.1984732,-1.4351145,0.9160305
2026-07-20T18:21:48.730760,-0.09277344,0.0087890625,1.0107422,2.1374047,-1.4656489,1.0076336
2026-07-20T18:21:48.742629,-0.09472656,0.0078125,1.0126953,2.1526718,-1.4656489,0.9465649
2026-07-20T18:21:48.754613,-0.095458984,0.009521484,1.0119629,2.167939,-1.389313,0.8854962
2026-07-20T18:21:48.766142,-0.09057617,0.004638672,1.0161133,2.2900763,-1.4198474,0.9465649
2026-07-20T18:21:48.778660,-0.08935547,0.0068359375,1.0131836,2.167939,-1.3282443,0.99236643
2026-07-20T18:21:48.790634,-0.095458984,0.0078125,1.0209961,2.1374047,-1.4198474,1.0229008
2026-07-20T18:21:48.802234,-0.0925293,0.006591797,1.0090332,2.1068702,-1.5114504,0.97709924
2026-07-20T18:21:48.814591,-0.09692383,0.0068359375,1.0134277,2.167939,-1.389313,0.8091603
2026-07-20T18:21:48.826663,-0.09008789,0.008300781,1.0063477,2.1984732,-1.4045801,0.8549618
2026-07-20T18:21:48.838647,-0.09448242,0.0061035156,1.0175781,2.0458016,-1.4198474,0.9465649
2026-07-20T18:21:48.850636,-0.09423828,0.0078125,1.0134277,2.183206,-1.389313,0.90076333
2026-07-20T18:21:48.863218,-0.0949707,0.008300781,1.0117188,2.2748091,-1.4503816,0.97709924
2026-07-20T18:21:48.875209,-0.09643555,0.0075683594,1.0187988,2.167939,-1.4198474,1.0839695
2026-07-20T18:21:48.887209,-0.095214844,0.0043945313,1.020752,2.2137403,-1.4045801,0.9160305
2026-07-20T18:21:48.899209,-0.09350586,0.0061035156,1.0092773,2.1526718,-1.4503816,0.90076333
2026-07-20T18:21:48.912071,-0.09716797,0.0078125,1.0187988,2.1068702,-1.4351145,0.9312977
2026-07-20T18:21:48.923683,-0.095947266,0.001953125,1.0100098,2.167939,-1.4198474,0.97709924
2026-07-20T18:21:48.935670,-0.0949707,0.0063476563,1.015625,2.2290077,-1.4656489,0.8549618
2026-07-20T18:21:48.947649,-0.0949707,0.0068359375,1.0153809,2.1526718,-1.4961832,0.870229
2026-07-20T18:21:48.960224,-0.09448242,0.0063476563,1.0112305,2.1984732,-1.3740458,0.96183205
2026-07-20T18:21:48.972216,-0.09375,0.0061035156,1.0102539,2.0610688,-1.3282443,0.8091603
2026-07-20T18:21:48.984209,-0.09375,0.009521484,1.0180664,2.076336,-1.4198474,0.97709924
2026-07-20T18:21:48.996204,-0.0949707,0.0078125,1.0126953,2.2748091,-1.4351145,0.96183205
2026-07-20T18:21:49.008249,-0.096191406,0.0078125,1.013916,2.1984732,-1.480916,0.99236643
2026-07-20T18:21:49.020664,-0.091552734,0.0053710938,1.0119629,2.1068702,-1.5419847,0.8244275
2026-07-20T18:21:49.033173,-0.09326172,0.0061035156,1.0161133,2.091603,-1.3435115,0.9465649
2026-07-20T18:21:49.044698,-0.09106445,0.0061035156,1.0161133,2.2442749,-1.3740458,0.8854962
2026-07-20T18:21:49.056671,-0.091552734,0.009033203,1.0095215,2.2900763,-1.4961832,0.8549618
2026-07-20T18:21:49.069261,-0.09326172,0.0063476563,1.0112305,2.2137403,-1.4656489,0.9160305
2026-07-20T18:21:49.081256,-0.09082031,0.0068359375,1.0200195,2.1984732,-1.4045801,0.9160305
2026-07-20T18:21:49.093256,-0.09326172,0.0068359375,1.0144043,2.183206,-1.3587786,0.8091603
2026-07-20T18:21:49.105301,-0.09399414,0.0041503906,1.0185547,2.1526718,-1.3435115,0.9465649
2026-07-20T18:21:49.117250,-0.092041016,0.009521484,1.017334,2.167939,-1.389313,0.97709924
2026-07-20T18:21:49.129709,-0.09277344,0.0073242188,1.0185547,2.1984732,-1.3740458,0.8244275
2026-07-20T18:21:49.142517,-0.091308594,0.0073242188,1.0129395,2.1526718,-1.3740458,0.90076333
2026-07-20T18:21:49.154648,-0.095214844,0.0043945313,1.0148926,2.1984732,-1.4045801,1.0229008
2026-07-20T18:21:49.166669,-0.09350586,0.0026855469,1.0119629,2.167939,-1.4961832,1.0534351
2026-07-20T18:21:49.178677,-0.09057617,0.005859375,1.0166016,2.091603,-1.4503816,0.79389316
2026-07-20T18:21:49.190662,-0.0949707,0.010986328,1.0126953,2.1068702,-1.389313,1.038168
2026-07-20T18:21:49.203235,-0.09350586,0.0063476563,1.0100098,2.2748091,-1.389313,0.8854962
2026-07-20T18:21:49.215246,-0.091308594,0.0075683594,1.0097656,2.183206,-1.4961832,0.8396947
2026-07-20T18:21:49.227270,-0.091552734,0.008056641,1.0158691,2.2290077,-1.4198474,0.97709924
2026-07-20T18:21:49.239233,-0.0925293,0.010253906,1.0114746,2.1374047,-1.4656489,0.90076333
2026-07-20T18:21:49.251398,-0.0949707,0.0061035156,1.0109863,2.1221373,-1.4351145,0.8854962
2026-07-20T18:21:49.263271,-0.09863281,0.0041503906,1.012207,2.2137403,-1.3282443,0.97709924
2026-07-20T18:21:49.275270,-0.095214844,0.008056641,1.0075684,2.167939,-1.3587786,0.8854962
2026-07-20T18:21:49.287265,-0.09448242,0.005126953,1.013916,2.1374047,-1.3435115,0.90076333
2026-07-20T18:21:49.299270,-0.09350586,0.0041503906,1.0080566,2.1526718,-1.4656489,0.8854962
2026-07-20T18:21:49.311236,-0.09399414,0.009521484,1.0129395,2.2137403,-1.4045801,0.9465649
2026-07-20T18:21:49.323244,-0.095703125,0.0068359375,1.0131836,2.1374047,-1.4961832,0.9465649
2026-07-20T18:21:49.335467,-0.09399414,0.011230469,1.0209961,2.076336,-1.4351145,0.9312977
2026-07-20T18:21:49.347262,-0.09399414,0.010498047,1.0158691,2.1984732,-1.3435115,1.0076336
2026-07-20T18:21:49.359636,-0.09106445,0.0078125,1.0102539,2.1526718,-1.4351145,0.870229
2026-07-20T18:21:49.371274,-0.095214844,0.0075683594,1.0097656,2.2442749,-1.4198474,0.90076333
2026-07-20T18:21:49.383239,-0.09082031,0.0029296875,1.0080566,2.183206,-1.29771,0.97709924
2026-07-20T18:21:49.395218,-0.09350586,0.0068359375,1.0148926,2.1374047,-1.4351145,0.9160305
2026-07-20T18:21:49.407267,-0.091308594,0.0087890625,1.0178223,2.1526718,-1.4656489,0.90076333
2026-07-20T18:21:49.419253,-0.092041016,0.0068359375,1.015625,2.1068702,-1.480916,0.8854962
2026-07-20T18:21:49.431253,-0.08984375,0.008544922,1.0109863,2.2290077,-1.4045801,0.97709924
2026-07-20T18:21:49.443267,-0.09790039,0.0075683594,1.0166016,2.1221373,-1.4045801,0.9465649
2026-07-20T18:21:49.455835,-0.092041016,0.0053710938,1.012207,2.2137403,-1.480916,0.97709924
2026-07-20T18:21:49.468125,-0.09033203,0.007080078,1.0153809,2.1526718,-1.4503816,0.8396947
2026-07-20T18:21:49.479711,-0.09375,0.009765625,1.0124512,2.167939,-1.4351145,0.8854962
2026-07-20T18:21:49.491704,-0.09423828,0.006591797,1.0151367,2.1526718,-1.3587786,0.870229
2026-07-20T18:21:49.504235,-0.09326172,0.0063476563,1.0117188,2.1221373,-1.3282443,0.96183205
2026-07-20T18:21:49.516261,-0.099365234,0.008544922,1.0114746,2.259542,-1.3435115,0.99236643
2026-07-20T18:21:49.528264,-0.091796875,0.009277344,1.0236816,2.1068702,-1.3587786,0.8854962
2026-07-20T18:21:49.540269,-0.091552734,0.0087890625,1.020752,2.167939,-1.389313,0.90076333
2026-07-20T18:21:49.552236,-0.09423828,0.00390625,1.0161133,2.1221373,-1.4198474,0.97709924
2026-07-20T18:21:49.564664,-0.09765625,0.0073242188,1.0144043,2.2137403,-1.480916,1.0534351
2026-07-20T18:21:49.577275,-0.09033203,0.0043945313,1.0107422,2.1068702,-1.4961832,0.9465649
2026-07-20T18:21:49.589682,-0.09326172,0.0048828125,1.0151367,2.1984732,-1.389313,1.0076336
2026-07-20T18:21:49.601286,-0.08886719,0.0063476563,1.0209961,2.183206,-1.389313,0.9312977
2026-07-20T18:21:49.613293,-0.09350586,0.009521484,1.0192871,2.259542,-1.4045801,0.8854962
2026-07-20T18:21:49.625289,-0.088134766,0.008300781,1.0222168,2.167939,-1.4198474,1.0076336
2026-07-20T18:21:49.637262,-0.09375,0.009521484,1.0175781,2.1068702,-1.4503816,0.9312977
2026-07-20T18:21:49.649305,-0.09277344,0.008300781,1.0146484,2.2137403,-1.3740458,0.870229
2026-07-20T18:21:49.661727,-0.088378906,0.009277344,1.0117188,2.1526718,-1.389313,0.9312977
2026-07-20T18:21:49.673766,-0.091308594,0.0041503906,1.0119629,2.1221373,-1.4503816,0.9312977
2026-07-20T18:21:49.685728,-0.09301758,0.009521484,1.0100098,2.091603,-1.4351145,0.9465649
2026-07-20T18:21:49.698083,-0.09301758,0.0087890625,1.0185547,2.167939,-1.480916,0.870229
2026-07-20T18:21:49.709731,-0.091552734,0.009033203,1.0085449,2.167939,-1.3587786,0.8396947
2026-07-20T18:21:49.721736,-0.092041016,0.008056641,1.0178223,2.2137403,-1.3587786,0.8244275
2026-07-20T18:21:49.733745,-0.09399414,0.007080078,1.0124512,2.091603,-1.389313,0.97709924
2026-07-20T18:21:49.745752,-0.092285156,0.008544922,1.0107422,2.1984732,-1.3282443,0.96183205
2026-07-20T18:21:49.757708,-0.09277344,0.0056152344,1.0170898,2.167939,-1.4656489,0.9465649
2026-07-20T18:21:49.769744,-0.09716797,0.0068359375,1.0134277,2.183206,-1.4351145,0.8244275
2026-07-20T18:21:49.781712,-0.0925293,0.0056152344,1.0080566,2.1984732,-1.3587786,0.8854962
2026-07-20T18:21:49.793742,-0.095458984,0.0041503906,1.0192871,2.076336,-1.3435115,1.0229008
2026-07-20T18:21:49.805788,-0.091552734,0.0053710938,1.012207,2.1374047,-1.389313,0.9160305
2026-07-20T18:21:49.818314,-0.095458984,0.010498047,1.0200195,2.1374047,-1.480916,0.9465649
2026-07-20T18:21:49.830320,-0.09423828,0.006591797,1.0119629,2.1068702,-1.4351145,0.8396947
2026-07-20T18:21:49.842305,-0.0925293,0.0078125,1.0080566,2.167939,-1.4198474,0.99236643
2026-07-20T18:21:49.854718,-0.0949707,0.0034179688,1.015625,2.2442749,-1.5419847,0.9465649
2026-07-20T18:21:49.866684,-0.09863281,0.011230469,1.0119629,2.167939,-1.4198474,0.870229
2026-07-20T18:21:49.878759,-0.0925293,0.0087890625,1.0114746,2.167939,-1.4503816,0.870229
2026-07-20T18:21:49.890732,-0.09399414,0.005859375,1.0178223,2.2748091,-1.3740458,0.96183205
2026-07-20T18:21:49.902703,-0.09472656,0.0056152344,1.0146484,2.2137403,-1.3740458,0.8396947
2026-07-20T18:21:49.915156,-0.09375,0.0068359375,1.0119629,2.183206,-1.4351145,1.0229008
2026-07-20T18:21:49.926774,-0.09423828,0.0075683594,1.0148926,2.2290077,-1.3587786,0.8396947
2026-07-20T18:21:49.938699,-0.09423828,0.0068359375,1.0146484,2.1526718,-1.389313,0.96183205
2026-07-20T18:21:49.950697,-0.09448242,0.005126953,1.017334,2.1374047,-1.389313,0.8854962
2026-07-20T18:21:49.962741,-0.09472656,0.0041503906,1.0185547,2.167939,-1.29771,0.96183205
2026-07-20T18:21:49.975337,-0.09350586,0.0073242188,1.0178223,2.2290077,-1.480916,0.8549618
2026-07-20T18:21:49.987727,-0.09375,0.0043945313,1.0148926,2.167939,-1.3435115,0.8091603
2026-07-20T18:21:49.999725,-0.092041016,0.0021972656,1.0148926,2.2442749,-1.4503816,0.90076333
2026-07-20T18:21:50.011734,-0.09448242,0.010498047,1.0166016,2.1526718,-1.4045801,0.9465649
2026-07-20T18:21:50.023768,-0.0949707,0.010009766,1.0180664,2.183206,-1.5114504,0.9160305
2026-07-20T18:21:50.036281,-0.09277344,0.011230469,1.0075684,2.2137403,-1.4351145,0.90076333
2026-07-20T18:21:50.048312,-0.09301758,0.0073242188,1.0200195,2.2442749,-1.4351145,0.9465649
2026-07-20T18:21:50.060322,-0.09692383,0.007080078,1.0151367,2.183206,-1.4503816,0.9160305
2026-07-20T18:21:50.072344,-0.09399414,0.006591797,1.0141602,2.1526718,-1.4045801,0.90076333
2026-07-20T18:21:50.084315,-0.09277344,0.0075683594,1.0092773,2.167939,-1.4351145,0.8244275
2026-07-20T18:21:50.096300,-0.09375,0.0048828125,1.015625,2.2137403,-1.5267175,0.9160305
2026-07-20T18:21:50.108333,-0.09326172,0.0075683594,1.0200195,2.2290077,-1.3587786,0.9465649
2026-07-20T18:21:50.120294,-0.09375,0.008056641,1.0158691,2.259542,-1.389313,0.97709924
2026-07-20T18:21:50.132330,-0.09033203,0.010253906,1.0151367,2.1526718,-1.4045801,0.9465649
2026-07-20T18:21:50.144557,-0.09301758,0.0073242188,1.0119629,2.1526718,-1.3435115,0.9312977
2026-07-20T18:21:50.156747,-0.09399414,0.0087890625,1.0195313,2.2290077,-1.389313,1.0229008
2026-07-20T18:21:50.168748,-0.09423828,0.005859375,1.0095215,2.2137403,-1.4656489,0.90076333
2026-07-20T18:21:50.180715,-0.095458984,0.004638672,1.0158691,2.1526718,-1.3282443,0.99236643
2026-07-20T18:21:50.193333,-0.09301758,0.0053710938,1.0129395,2.183206,-1.4351145,0.9160305
2026-07-20T18:21:50.205336,-0.0925293,0.0061035156,1.0148926,2.1984732,-1.2824427,0.90076333
2026-07-20T18:21:50.217330,-0.09472656,0.004638672,1.0095215,2.2442749,-1.3740458,0.8854962
2026-07-20T18:21:50.229354,-0.09448242,0.0107421875,1.0097656,2.1526718,-1.4198474,0.96183205
2026-07-20T18:21:50.241835,-0.095214844,0.0024414063,1.0158691,2.183206,-1.3740458,0.9465649
2026-07-20T18:21:50.253770,-0.09448242,0.010009766,1.0117188,2.183206,-1.3129771,0.870229
2026-07-20T18:21:50.266338,-0.09375,0.0048828125,1.0144043,2.1984732,-1.3740458,0.9465649
2026-07-20T18:21:50.278763,-0.09448242,0.0063476563,1.0114746,2.1984732,-1.4198474,0.8549618
2026-07-20T18:21:50.290768,-0.088378906,0.0043945313,1.013916,2.1984732,-1.4656489,0.90076333
2026-07-20T18:21:50.302748,-0.092285156,0.010009766,1.0119629,2.1984732,-1.4503816,0.97709924
2026-07-20T18:21:50.314755,-0.09472656,-0.0009765625,1.0144043,2.167939,-1.4656489,0.8854962
2026-07-20T18:21:50.326755,-0.09350586,0.004638672,1.0146484,2.1068702,-1.480916,0.870229
2026-07-20T18:21:50.338750,-0.092041016,0.005859375,1.0153809,2.167939,-1.389313,0.8244275
2026-07-20T18:21:50.350760,-0.09301758,0.0041503906,1.0131836,2.167939,-1.3740458,0.8396947
2026-07-20T18:21:50.363224,-0.095458984,0.0075683594,1.0178223,2.183206,-1.4198474,0.870229
2026-07-20T18:21:50.374753,-0.09106445,0.006591797,1.0134277,2.259542,-1.480916,0.99236643
2026-07-20T18:21:50.386767,-0.09326172,0.0048828125,1.0178223,2.1984732,-1.3740458,0.8244275
2026-07-20T18:21:50.399408,-0.092285156,0.0068359375,1.0151367,2.167939,-1.4198474,0.870229
2026-07-20T18:21:50.411372,-0.0949707,0.0043945313,1.0175781,2.183206,-1.4198474,0.96183205
2026-07-20T18:21:50.423358,-0.095458984,0.005859375,1.0102539,2.167939,-1.3587786,1.0076336
2026-07-20T18:21:50.435351,-0.09399414,0.009765625,1.0058594,2.1526718,-1.3282443,0.9160305
2026-07-20T18:21:50.447375,-0.09399414,0.004638672,1.0109863,2.1984732,-1.4351145,1.0076336
2026-07-20T18:21:50.459775,-0.091552734,0.0075683594,1.013916,2.2290077,-1.4351145,0.9160305
2026-07-20T18:21:50.471571,-0.09790039,0.008056641,1.0109863,2.167939,-1.4351145,0.99236643
2026-07-20T18:21:50.483395,-0.09423828,0.008056641,1.0202637,2.167939,-1.2366412,0.90076333
2026-07-20T18:21:50.495332,-0.09692383,0.006591797,1.0166016,2.183206,-1.4198474,0.8244275
2026-07-20T18:21:50.507373,-0.09375,0.0107421875,1.0187988,2.2290077,-1.3587786,0.8549618
2026-07-20T18:21:50.519412,-0.092041016,0.010498047,1.0129395,2.167939,-1.3282443,0.9160305
2026-07-20T18:21:50.531467,-0.095458984,0.010253906,1.019043,2.2442749,-1.4351145,0.9312977
2026-07-20T18:21:50.543386,-0.09326172,0.005859375,1.0185547,2.1984732,-1.4351145,0.97709924
2026-07-20T18:21:50.555415,-0.09008789,0.008544922,1.012207,2.167939,-1.4351145,1.0229008
2026-07-20T18:21:50.567437,-0.09326172,0.008056641,1.0058594,2.183206,-1.3282443,0.8396947
2026-07-20T18:21:50.579441,-0.08984375,0.007080078,1.0109863,2.1221373,-1.389313,0.77862597
2026-07-20T18:21:50.591681,-0.091796875,0.0061035156,1.0170898,2.1526718,-1.4503816,0.870229
2026-07-20T18:21:50.603410,-0.09741211,0.008544922,1.0158691,2.1984732,-1.3587786,0.8854962
2026-07-20T18:21:50.615854,-0.09692383,0.006591797,1.0244141,2.1374047,-1.3129771,0.8549618
2026-07-20T18:21:50.627399,-0.09277344,0.009521484,1.0163574,2.091603,-1.3587786,0.9160305
2026-07-20T18:21:50.639406,-0.09423828,0.005126953,1.017334,2.1068702,-1.4351145,0.99236643
2026-07-20T18:21:50.651878,-0.09765625,0.004638672,1.0119629,2.1374047,-1.389313,1.0229008
2026-07-20T18:21:50.663868,-0.091308594,0.0017089844,1.0153809,2.1374047,-1.480916,0.90076333
2026-07-20T18:21:50.676466,-0.09008789,0.0053710938,1.017334,2.2137403,-1.3282443,0.9465649
2026-07-20T18:21:50.687826,-0.091796875,0.009033203,1.0136719,2.1068702,-1.3282443,0.9160305
2026-07-20T18:21:50.700220,-0.09057617,0.0061035156,1.0151367,2.1221373,-1.4351145,0.8396947
2026-07-20T18:21:50.712393,-0.09448242,0.008544922,1.0136719,2.091603,-1.4961832,0.96183205
2026-07-20T18:21:50.724390,-0.09423828,0.009033203,1.0117188,2.167939,-1.3740458,0.97709924
2026-07-20T18:21:50.736879,-0.09375,0.0053710938,1.0161133,2.2442749,-1.3129771,1.0992366
2026-07-20T18:21:50.748901,-0.09326172,0.008544922,1.0168457,2.1984732,-1.4503816,0.9312977
2026-07-20T18:21:50.760812,-0.09326172,0.0041503906,1.0134277,2.1374047,-1.4198474,0.96183205
2026-07-20T18:21:50.772812,-0.095214844,0.00390625,1.0158691,2.091603,-1.3587786,1.038168
2026-07-20T18:21:50.784792,-0.09667969,0.005859375,1.0185547,2.2137403,-1.3435115,0.99236643
2026-07-20T18:21:50.796830,-0.09301758,0.0075683594,1.0144043,2.183206,-1.3740458,0.97709924
2026-07-20T18:21:50.809458,-0.09472656,0.004638672,1.0107422,2.183206,-1.4961832,0.9312977
2026-07-20T18:21:50.821396,-0.09301758,0.0014648438,1.0090332,2.167939,-1.4656489,0.9465649
2026-07-20T18:21:50.833466,-0.095214844,0.009277344,1.0134277,2.2137403,-1.4045801,1.0076336
2026-07-20T18:21:50.845420,-0.09375,0.005859375,1.013916,2.1526718,-1.3587786,0.9465649
2026-07-20T18:21:50.857427,-0.09692383,0.009277344,1.0087891,2.1526718,-1.4045801,0.8549618
2026-07-20T18:21:50.869844,-0.09033203,0.0053710938,1.0112305,2.1221373,-1.5114504,0.97709924
2026-07-20T18:21:50.881918,-0.092285156,0.0087890625,1.0136719,2.1221373,-1.4045801,0.90076333
2026-07-20T18:21:50.893850,-0.08935547,0.0075683594,1.0095215,2.1984732,-1.4656489,1.0839695
2026-07-20T18:21:50.905907,-0.09277344,0.006591797,1.0153809,2.1526718,-1.3587786,0.79389316
2026-07-20T18:21:50.918241,-0.09277344,0.0056152344,1.0102539,2.2442749,-1.5267175,0.90076333
2026-07-20T18:21:50.929852,-0.09667969,0.009277344,1.0205078,2.2137403,-1.4503816,0.96183205
2026-07-20T18:21:50.941814,-0.09375,0.01171875,1.0163574,2.167939,-1.4045801,0.99236643
2026-07-20T18:21:50.953883,-0.09350586,0.012207031,1.0134277,2.183206,-1.29771,0.8396947
2026-07-20T18:21:50.965845,-0.09643555,0.001953125,1.0183105,2.183206,-1.3587786,0.8854962
2026-07-20T18:21:50.977808,-0.09838867,0.0029296875,1.0087891,2.0305343,-1.389313,0.9312977
2026-07-20T18:21:50.989845,-0.092041016,0.0061035156,1.0107422,2.167939,-1.5114504,0.90076333
2026-07-20T18:21:51.001852,-0.092285156,0.008300781,1.013916,2.2137403,-1.4351145,0.96183205
2026-07-20T18:21:51.013853,-0.095458984,0.004638672,1.0144043,2.091603,-1.5114504,0.870229
2026-07-20T18:21:51.025849,-0.091308594,0.009033203,1.0144043,2.1984732,-1.3282443,0.9312977
2026-07-20T18:21:51.038357,-0.09375,0.010253906,1.015625,2.1221373,-1.3435115,0.97709924
2026-07-20T18:21:51.049851,-0.091308594,0.005126953,1.0192871,2.1984732,-1.3587786,0.96183205
2026-07-20T18:21:51.062435,-0.095947266,0.0048828125,1.0178223,2.1221373,-1.3435115,0.9312977
2026-07-20T18:21:51.074405,-0.095214844,0.0078125,1.0163574,2.167939,-1.3282443,1.038168
2026-07-20T18:21:51.086459,-0.09643555,0.0056152344,1.0205078,2.1984732,-1.480916,0.90076333
2026-07-20T18:21:51.098464,-0.088134766,0.008544922,1.0151367,2.1221373,-1.3282443,0.9160305
2026-07-20T18:21:51.110444,-0.09350586,0.0107421875,1.010498,2.1068702,-1.4503816,0.8549618
2026-07-20T18:21:51.122461,-0.095214844,0.008056641,1.0148926,2.183206,-1.3282443,0.8396947
2026-07-20T18:21:51.134400,-0.09716797,0.005126953,1.0195313,2.167939,-1.5114504,0.9312977
2026-07-20T18:21:51.147237,-0.091308594,0.0053710938,1.0124512,2.3206108,-1.3587786,0.8396947
2026-07-20T18:21:51.159488,-0.091796875,0.0043945313,1.0183105,2.1068702,-1.4198474,0.96183205
2026-07-20T18:21:51.171454,-0.09301758,0.004638672,1.0126953,2.1374047,-1.5419847,0.9160305
2026-07-20T18:21:51.183913,-0.09448242,0.0073242188,1.0192871,2.1068702,-1.4351145,0.99236643
2026-07-20T18:21:51.195861,-0.09448242,0.0087890625,1.012207,2.1526718,-1.4045801,0.8854962
2026-07-20T18:21:51.207853,-0.09423828,0.006591797,1.0078125,2.091603,-1.4045801,0.79389316
2026-07-20T18:21:51.219858,-0.09326172,0.0061035156,1.0168457,2.1374047,-1.389313,0.8854962
2026-07-20T18:21:51.231854,-0.08984375,0.006591797,1.013916,2.076336,-1.2824427,0.8854962
2026-07-20T18:21:51.243891,-0.09423828,0.0078125,1.0222168,2.167939,-1.3129771,0.99236643
2026-07-20T18:21:51.255486,-0.08984375,0.008544922,1.0170898,2.2442749,-1.4503816,0.8244275
2026-07-20T18:21:51.267873,-0.08984375,0.0056152344,1.0070801,2.2290077,-1.4045801,0.9312977
2026-07-20T18:21:51.279868,-0.09448242,0.0061035156,1.0131836,2.1984732,-1.480916,1.0076336
2026-07-20T18:21:51.291874,-0.09472656,0.0107421875,1.012207,2.1984732,-1.2824427,0.96183205
2026-07-20T18:21:51.303920,-0.08984375,0.0041503906,1.0075684,2.1068702,-1.4351145,0.8854962
2026-07-20T18:21:51.315867,-0.09448242,0.006591797,1.0102539,2.2900763,-1.29771,0.90076333
2026-07-20T18:21:51.327864,-0.09472656,0.006591797,1.0102539,2.183206,-1.389313,0.90076333
2026-07-20T18:21:51.339909,-0.09301758,0.0056152344,1.0187988,2.2290077,-1.3129771,0.99236643
2026-07-20T18:21:51.351885,-0.09277344,0.0061035156,1.0183105,2.2137403,-1.3435115,0.9465649
2026-07-20T18:21:51.364338,-0.095458984,0.001953125,1.0100098,2.2290077,-1.4198474,1.0534351
2026-07-20T18:21:51.376485,-0.09326172,0.0063476563,1.0178223,2.1526718,-1.4351145,0.97709924
2026-07-20T18:21:51.388741,-0.091796875,0.0043945313,1.0131836,2.2290077,-1.4656489,0.9312977
2026-07-20T18:21:51.400510,-0.09399414,0.008056641,1.0095215,2.2442749,-1.4045801,0.9312977
2026-07-20T18:21:51.412876,-0.09667969,0.007080078,1.013916,2.2137403,-1.3740458,1.0076336
2026-07-20T18:21:51.424870,-0.095458984,0.011474609,1.0141602,2.1984732,-1.480916,0.99236643
2026-07-20T18:21:51.436874,-0.09277344,0.008300781,1.015625,2.183206,-1.5267175,1.0839695
2026-07-20T18:21:51.448880,-0.09326172,0.008056641,1.0180664,2.183206,-1.5114504,0.9160305
2026-07-20T18:21:51.460850,-0.09350586,0.005859375,1.0141602,2.183206,-1.4198474,0.870229
2026-07-20T18:21:51.473268,-0.09423828,0.010986328,1.0209961,2.091603,-1.4198474,0.870229
2026-07-20T18:21:51.484836,-0.0949707,0.009765625,1.0197754,2.1526718,-1.389313,0.8549618
2026-07-20T18:21:51.497510,-0.09033203,0.010498047,1.0195313,2.1984732,-1.4045801,0.8854962
2026-07-20T18:21:51.509513,-0.09399414,0.0075683594,1.0180664,2.1221373,-1.4198474,0.9465649
2026-07-20T18:21:51.520821,-0.09448242,0.01171875,1.0102539,2.167939,-1.3740458,0.8549618
2026-07-20T18:21:51.533544,-0.09667969,0.0075683594,1.0095215,2.1984732,-1.4656489,0.99236643
2026-07-20T18:21:51.545484,-0.09399414,0.005859375,1.0134277,2.167939,-1.4198474,0.870229
2026-07-20T18:21:51.557501,-0.092041016,0.008544922,1.0161133,2.2137403,-1.4045801,0.8244275
2026-07-20T18:21:51.569478,-0.092285156,0.009521484,1.0141602,2.2900763,-1.4656489,0.9160305
2026-07-20T18:21:51.581517,-0.09692383,0.009033203,1.0185547,2.2290077,-1.3282443,0.8396947
2026-07-20T18:21:51.593796,-0.09423828,0.011474609,1.0109863,2.0610688,-1.4503816,0.96183205
2026-07-20T18:21:51.605461,-0.092041016,0.0078125,1.0131836,2.091603,-1.3282443,0.8091603
2026-07-20T18:21:51.617511,-0.09423828,0.0056152344,1.0168457,2.2748091,-1.4198474,0.96183205
2026-07-20T18:21:51.629879,-0.095458984,0.0043945313,1.0114746,2.2442749,-1.4198474,0.97709924
2026-07-20T18:21:51.641921,-0.092285156,0.0073242188,1.013916,2.1221373,-1.389313,0.8396947
2026-07-20T18:21:51.653912,-0.09326172,0.009033203,1.0175781,2.1221373,-1.4503816,0.8396947
2026-07-20T18:21:51.665854,-0.092285156,0.0078125,1.0166016,2.167939,-1.4045801,0.8854962
2026-07-20T18:21:51.678479,-0.09350586,0.0053710938,1.017334,2.1984732,-1.4656489,0.97709924
2026-07-20T18:21:51.690472,-0.091308594,0.0075683594,1.012207,2.259542,-1.3740458,0.8549618
2026-07-20T18:21:51.703321,-0.091552734,0.0063476563,1.0205078,2.1526718,-1.4045801,0.96183205
2026-07-20T18:21:51.714868,-0.092041016,0.0021972656,1.0222168,2.1984732,-1.3740458,0.9465649
2026-07-20T18:21:51.726858,-0.09667969,0.010009766,1.012207,2.167939,-1.4656489,0.8396947
2026-07-20T18:21:51.738942,-0.09375,0.008056641,1.0163574,2.3206108,-1.4961832,0.8244275
2026-07-20T18:21:51.751486,-0.095703125,0.0073242188,1.0170898,2.167939,-1.3587786,0.8854962
2026-07-20T18:21:51.763551,-0.09399414,0.0075683594,1.0129395,2.2137403,-1.389313,0.90076333
2026-07-20T18:21:51.775452,-0.09423828,0.010009766,1.0192871,2.2748091,-1.4503816,0.9160305
2026-07-20T18:21:51.787861,-0.095947266,0.0073242188,1.0144043,2.183206,-1.3282443,0.9312977
2026-07-20T18:21:51.799863,-0.09008789,0.005859375,1.0144043,2.091603,-1.389313,0.7480916
2026-07-20T18:21:51.811443,-0.095947266,0.0061035156,1.010498,2.2137403,-1.4961832,0.8854962
2026-07-20T18:21:51.823946,-0.09350586,0.0075683594,1.0087891,2.2442749,-1.4045801,0.870229
2026-07-20T18:21:51.835921,-0.095703125,0.0061035156,1.019043,2.1068702,-1.4198474,0.8549618
2026-07-20T18:21:51.847874,-0.09814453,0.0041503906,1.0119629,2.1984732,-1.4656489,0.97709924
2026-07-20T18:21:51.859915,-0.0949707,0.0075683594,1.0151367,2.1526718,-1.389313,0.9160305
2026-07-20T18:21:51.871867,-0.095458984,0.005859375,1.0107422,2.1221373,-1.4503816,0.9312977
2026-07-20T18:21:51.883900,-0.092285156,0.0068359375,1.0136719,2.091603,-1.3587786,0.9312977
2026-07-20T18:21:51.895873,-0.092285156,0.008056641,1.0168457,2.2442749,-1.480916,0.870229
2026-07-20T18:21:51.907872,-0.09472656,0.009277344,1.0148926,2.1526718,-1.4503816,0.9160305
2026-07-20T18:21:51.920385,-0.09448242,0.008300781,1.0151367,2.2137403,-1.389313,1.0076336
2026-07-20T18:21:51.931955,-0.09350586,0.005859375,1.012207,2.1221373,-1.5114504,0.8854962
2026-07-20T18:21:51.943932,-0.091552734,0.006591797,1.0202637,2.183206,-1.3129771,0.9465649
2026-07-20T18:21:51.955935,-0.09448242,0.009765625,1.0124512,2.2137403,-1.4656489,0.8854962
2026-07-20T18:21:51.967913,-0.09692383,0.0078125,1.0136719,2.183206,-1.3740458,0.8396947
2026-07-20T18:21:51.979939,-0.08886719,0.009033203,1.0166016,2.1068702,-1.4198474,0.96183205
2026-07-20T18:21:51.992537,-0.08886719,0.0043945313,1.0126953,2.183206,-1.3587786,0.90076333
2026-07-20T18:21:52.004517,-0.0925293,0.010498047,1.0246582,2.2442749,-1.480916,0.9312977
2026-07-20T18:21:52.016567,-0.09765625,0.0053710938,1.0119629,2.1526718,-1.4198474,0.90076333
2026-07-20T18:21:52.028603,-0.09472656,0.008300781,1.0168457,2.1374047,-1.4045801,0.8854962
2026-07-20T18:21:52.040954,-0.095703125,0.013183594,1.0126953,2.1526718,-1.4503816,0.96183205
2026-07-20T18:21:52.052982,-0.08984375,0.0073242188,1.0129395,2.091603,-1.389313,0.9160305
2026-07-20T18:21:52.064901,-0.0949707,0.0075683594,1.0102539,2.183206,-1.4503816,0.9312977
2026-07-20T18:21:52.077568,-0.095947266,0.0053710938,1.0114746,2.1526718,-1.4198474,0.9312977
2026-07-20T18:21:52.089555,-0.09863281,0.0068359375,1.0153809,2.1526718,-1.5267175,0.8854962
2026-07-20T18:21:52.101484,-0.09277344,0.011962891,1.0134277,2.1984732,-1.389313,0.9160305
2026-07-20T18:21:52.113598,-0.09399414,0.0029296875,1.012207,2.1984732,-1.5725191,0.90076333
2026-07-20T18:21:52.125571,-0.09082031,0.012451172,1.0170898,2.2290077,-1.4503816,0.8396947
2026-07-20T18:21:52.137591,-0.09423828,0.010253906,1.0136719,2.1526718,-1.480916,0.96183205
2026-07-20T18:21:52.149824,-0.09399414,0.008300781,1.019043,2.1374047,-1.4503816,1.0229008
2026-07-20T18:21:52.161570,-0.09350586,0.0078125,1.0148926,2.091603,-1.4045801,0.9312977
2026-07-20T18:21:52.173620,-0.09692383,0.0078125,1.0124512,2.1068702,-1.3740458,0.9312977
2026-07-20T18:21:52.185599,-0.09716797,0.009521484,1.0141602,2.2748091,-1.480916,0.97709924
2026-07-20T18:21:52.197595,-0.09667969,0.009033203,1.0087891,2.1526718,-1.389313,0.8091603
2026-07-20T18:21:52.209944,-0.09643555,0.0056152344,1.0117188,2.167939,-1.3435115,0.96183205
2026-07-20T18:21:52.221978,-0.09448242,0.008300781,1.019043,2.259542,-1.4656489,0.8549618
2026-07-20T18:21:52.233979,-0.095703125,0.008544922,1.0136719,2.167939,-1.4656489,0.9465649
2026-07-20T18:21:52.246037,-0.09326172,0.0075683594,1.010498,2.2290077,-1.389313,0.870229
2026-07-20T18:21:52.257578,-0.09375,0.009521484,1.0231934,2.1526718,-1.4503816,0.8396947
2026-07-20T18:21:52.270120,-0.0949707,0.0061035156,1.0178223,2.1221373,-1.4045801,0.96183205
2026-07-20T18:21:52.282612,-0.08959961,0.0073242188,1.0112305,2.1374047,-1.3435115,0.9465649
2026-07-20T18:21:52.294575,-0.0949707,0.008300781,1.0187988,2.2442749,-1.3282443,0.9312977
2026-07-20T18:21:52.306604,-0.09838867,0.009521484,1.012207,2.2442749,-1.4045801,0.8091603
2026-07-20T18:21:52.318611,-0.09033203,0.0021972656,1.0178223,2.2290077,-1.4503816,0.9312977
2026-07-20T18:21:52.330651,-0.09082031,0.010253906,1.0163574,2.1984732,-1.389313,0.870229
2026-07-20T18:21:52.342568,-0.09301758,0.0061035156,1.0102539,2.1984732,-1.389313,0.8854962
2026-07-20T18:21:52.354523,-0.09716797,0.0068359375,1.0061035,2.1068702,-1.4656489,0.90076333
2026-07-20T18:21:52.366881,-0.0925293,0.009521484,1.0131836,2.1984732,-1.480916,0.96183205
2026-07-20T18:21:52.378667,-0.092285156,0.008544922,1.0170898,2.1221373,-1.3587786,0.9465649
2026-07-20T18:21:52.390566,-0.0925293,0.0107421875,1.0124512,2.1526718,-1.4045801,0.870229
2026-07-20T18:21:52.402579,-0.09472656,0.005859375,1.0102539,2.167939,-1.29771,0.8549618
2026-07-20T18:21:52.414536,-0.095458984,0.0068359375,1.0134277,2.1526718,-1.389313,0.96183205
2026-07-20T18:21:52.426616,-0.092285156,0.0068359375,1.0197754,2.1984732,-1.4503816,0.99236643
2026-07-20T18:21:52.438946,-0.09423828,0.0063476563,1.017334,2.183206,-1.4045801,0.9465649
2026-07-20T18:21:52.450994,-0.09448242,0.005126953,1.0146484,2.183206,-1.480916,0.90076333
2026-07-20T18:21:52.462959,-0.09277344,0.0068359375,1.012207,2.167939,-1.4503816,0.90076333
2026-07-20T18:21:52.475301,-0.09643555,0.0056152344,1.0097656,2.2442749,-1.3587786,0.8854962
2026-07-20T18:21:52.486948,-0.09375,0.0061035156,1.0144043,2.183206,-1.4503816,0.870229
2026-07-20T18:21:52.499020,-0.09033203,0.004638672,1.0136719,2.1984732,-1.4045801,0.9312977
2026-07-20T18:21:52.510961,-0.09423828,0.008056641,1.010498,2.2137403,-1.4198474,1.0076336
2026-07-20T18:21:52.522969,-0.09106445,0.008056641,1.0129395,2.1526718,-1.4045801,0.99236643
2026-07-20T18:21:52.534924,-0.091308594,0.008056641,1.0158691,2.2290077,-1.3587786,0.9465649
2026-07-20T18:21:52.547165,-0.095458984,0.009765625,1.0166016,2.1526718,-1.5267175,1.0839695
2026-07-20T18:21:52.559156,-0.09399414,0.0075683594,1.0109863,2.2748091,-1.389313,0.9312977
2026-07-20T18:21:52.571618,-0.09399414,0.0053710938,1.017334,2.2290077,-1.4198474,0.9465649
2026-07-20T18:21:52.583584,-0.091308594,0.00390625,1.0136719,2.1984732,-1.3740458,0.90076333
2026-07-20T18:21:52.596441,-0.091552734,0.0073242188,1.0109863,2.2442749,-1.3587786,0.99236643
2026-07-20T18:21:52.608622,-0.09399414,0.0053710938,1.0170898,2.1526718,-1.4351145,0.9465649
2026-07-20T18:21:52.621064,-0.09301758,0.0043945313,1.0080566,2.1526718,-1.4656489,0.9312977
2026-07-20T18:21:52.633110,-0.09448242,0.0068359375,1.0124512,2.167939,-1.5114504,0.9312977
2026-07-20T18:21:52.645070,-0.09082031,0.009521484,1.0185547,2.259542,-1.5877863,0.8854962
2026-07-20T18:21:52.656948,-0.09350586,0.008056641,1.0134277,2.1984732,-1.3587786,0.9160305
2026-07-20T18:21:52.669069,-0.09277344,0.009277344,1.0126953,2.1068702,-1.3435115,0.96183205
2026-07-20T18:21:52.681057,-0.0949707,0.008056641,1.0161133,2.183206,-1.4198474,0.9312977
2026-07-20T18:21:52.692943,-0.09423828,0.0053710938,1.0141602,2.183206,-1.2519084,1.0076336
2026-07-20T18:21:52.705138,-0.095703125,0.0078125,1.0158691,2.1374047,-1.3435115,0.9465649
2026-07-20T18:21:52.717595,-0.09375,0.0087890625,1.0146484,2.2137403,-1.4503816,0.9160305
2026-07-20T18:21:52.729606,-0.09375,0.0063476563,1.0163574,2.259542,-1.5114504,1.0229008
2026-07-20T18:21:52.741620,-0.092285156,0.009033203,1.0100098,2.1984732,-1.5267175,0.9312977
2026-07-20T18:21:52.753592,-0.09423828,0.008300781,1.0124512,2.1374047,-1.4351145,0.8854962
2026-07-20T18:21:52.765648,-0.09301758,0.012207031,1.0170898,2.183206,-1.4961832,0.8854962
2026-07-20T18:21:52.777617,-0.09423828,0.010498047,1.0129395,2.1068702,-1.389313,0.96183205
2026-07-20T18:21:52.790028,-0.09350586,0.009521484,1.0195313,2.183206,-1.480916,0.8244275
2026-07-20T18:21:52.802602,-0.0949707,0.0043945313,1.0087891,2.2290077,-1.29771,0.9312977
2026-07-20T18:21:52.814938,-0.09033203,0.009765625,1.0107422,2.1984732,-1.4503816,0.96183205
2026-07-20T18:21:52.826638,-0.09326172,0.0078125,1.0131836,2.1984732,-1.4351145,0.99236643
2026-07-20T18:21:52.838609,-0.09277344,0.009521484,1.0053711,2.0610688,-1.480916,0.8091603
2026-07-20T18:21:52.850620,-0.091308594,0.010253906,1.0141602,2.1526718,-1.4961832,1.0076336
2026-07-20T18:21:52.862604,-0.09106445,0.0078125,1.0185547,2.2748091,-1.4656489,0.9160305
2026-07-20T18:21:52.874590,-0.09472656,0.008300781,1.0114746,2.2900763,-1.5114504,0.8396947
2026-07-20T18:21:52.886617,-0.09057617,0.0063476563,1.010498,2.1374047,-1.3282443,0.9160305
2026-07-20T18:21:52.898620,-0.0949707,0.0036621094,1.0109863,2.183206,-1.3587786,0.9160305
2026-07-20T18:21:52.911041,-0.09326172,0.010253906,1.0151367,2.183206,-1.3740458,0.97709924
2026-07-20T18:21:52.923390,-0.095947266,0.007080078,1.013916,2.1526718,-1.3587786,0.97709924
2026-07-20T18:21:52.935300,-0.08959961,0.0063476563,1.0048828,2.2290077,-1.4351145,0.90076333
2026-07-20T18:21:52.947195,-0.09082031,0.0075683594,1.0151367,2.167939,-1.3740458,0.8854962
2026-07-20T18:21:52.959190,-0.095214844,0.005859375,1.0244141,2.2137403,-1.4503816,0.7633588
2026-07-20T18:21:52.971059,-0.095214844,0.008544922,1.0124512,2.183206,-1.3740458,0.97709924
2026-07-20T18:21:52.983189,-0.09399414,0.006591797,1.0112305,2.1984732,-1.3587786,0.8549618
2026-07-20T18:21:52.995040,-0.09350586,0.007080078,1.013916,2.183206,-1.480916,0.99236643
2026-07-20T18:21:53.007060,-0.0925293,0.012207031,1.0100098,2.1526718,-1.5267175,0.90076333
2026-07-20T18:21:53.019027,-0.09350586,0.007080078,1.012207,2.183206,-1.4961832,0.90076333
2026-07-20T18:21:53.031066,-0.095703125,0.011962891,1.0144043,2.1221373,-1.389313,0.90076333
2026-07-20T18:21:53.043463,-0.09277344,0.008056641,1.0097656,2.1068702,-1.389313,0.9312977
2026-07-20T18:21:53.055031,-0.09326172,0.0075683594,1.0109863,2.259542,-1.4351145,0.8854962
2026-07-20T18:21:53.067644,-0.095214844,0.0073242188,1.0114746,2.1526718,-1.4961832,0.9160305
2026-07-20T18:21:53.079623,-0.09277344,0.0056152344,1.013916,2.167939,-1.4198474,1.0534351
2026-07-20T18:21:53.091661,-0.09301758,0.0068359375,1.012207,2.2748091,-1.4351145,0.97709924
2026-07-20T18:21:53.103691,-0.09326172,0.0078125,1.0129395,2.1526718,-1.3587786,0.97709924
2026-07-20T18:21:53.116067,-0.095214844,0.0063476563,1.0119629,2.167939,-1.4503816,0.9465649
2026-07-20T18:21:53.128042,-0.09326172,0.0061035156,1.0107422,2.2137403,-1.4503816,0.99236643
2026-07-20T18:21:53.140072,-0.095214844,0.0056152344,1.0163574,2.259542,-1.4351145,0.90076333
2026-07-20T18:21:53.152375,-0.08984375,0.005859375,1.0231934,2.2442749,-1.3740458,0.9312977
2026-07-20T18:21:53.164599,-0.095458984,0.0053710938,1.0141602,2.076336,-1.4503816,0.8854962
2026-07-20T18:21:53.177093,-0.09008789,0.0073242188,1.0119629,2.1984732,-1.3587786,0.97709924
2026-07-20T18:21:53.189136,-0.09301758,0.006591797,1.0102539,2.1526718,-1.3435115,0.90076333
2026-07-20T18:21:53.201652,-0.09448242,0.0053710938,1.0146484,2.076336,-1.4351145,0.8854962
2026-07-20T18:21:53.213692,-0.09423828,0.005126953,1.0131836,2.1526718,-1.4351145,0.9160305
2026-07-20T18:21:53.225675,-0.09448242,0.00390625,1.0161133,2.1526718,-1.4045801,0.90076333
2026-07-20T18:21:53.237675,-0.09423828,0.0048828125,1.0117188,2.1984732,-1.389313,1.0534351
2026-07-20T18:21:53.249687,-0.09350586,0.0068359375,1.0131836,2.0152671,-1.4351145,0.9312977
2026-07-20T18:21:53.261681,-0.095703125,0.005859375,1.0117188,2.183206,-1.4503816,0.96183205
2026-07-20T18:21:53.274014,-0.09326172,0.0107421875,1.0119629,2.167939,-1.3740458,0.8854962
2026-07-20T18:21:53.286059,-0.08935547,0.009033203,1.0146484,2.167939,-1.480916,0.9465649
2026-07-20T18:21:53.298067,-0.09423828,0.009033203,1.0166016,2.1526718,-1.3129771,0.96183205
2026-07-20T18:21:53.310045,-0.09375,0.009033203,1.0161133,2.1526718,-1.3435115,0.9312977
2026-07-20T18:21:53.322056,-0.08911133,0.0078125,1.0214844,2.1374047,-1.4045801,0.8244275
2026-07-20T18:21:53.334024,-0.09350586,0.007080078,1.0095215,2.0152671,-1.4045801,0.7480916
2026-07-20T18:21:53.346085,-0.095214844,0.005859375,1.0170898,2.2137403,-1.4503816,0.9465649
2026-07-20T18:21:53.358047,-0.09375,0.0056152344,1.017334,2.2442749,-1.3740458,0.97709924
2026-07-20T18:21:53.370489,-0.08959961,0.0048828125,1.0129395,2.167939,-1.389313,0.9312977
2026-07-20T18:21:53.382033,-0.09350586,0.0078125,1.010498,2.259542,-1.3740458,0.870229
2026-07-20T18:21:53.394043,-0.0949707,0.008300781,1.0141602,2.091603,-1.4198474,0.870229
2026-07-20T18:21:53.406665,-0.091552734,0.0043945313,1.0205078,2.076336,-1.3129771,1.038168
2026-07-20T18:21:53.418663,-0.08959961,0.008544922,1.0148926,2.167939,-1.5267175,0.8549618
2026-07-20T18:21:53.430675,-0.08984375,0.0041503906,1.0136719,2.1984732,-1.3282443,0.8854962
2026-07-20T18:21:53.442721,-0.091552734,0.0087890625,1.0141602,2.1526718,-1.3435115,0.8244275
2026-07-20T18:21:53.455051,-0.0925293,0.0063476563,1.0117188,2.2290077,-1.389313,0.9312977
2026-07-20T18:21:53.467191,-0.09082031,0.0041503906,1.0200195,2.167939,-1.480916,0.9160305
2026-07-20T18:21:53.479076,-0.09082031,0.004638672,1.0183105,2.183206,-1.4503816,0.9160305
2026-07-20T18:21:53.491574,-0.09106445,0.006591797,1.0178223,2.259542,-1.4045801,0.870229
2026-07-20T18:21:53.503687,-0.09399414,0.0063476563,1.017334,2.183206,-1.389313,0.9160305
2026-07-20T18:21:53.515664,-0.09277344,0.0068359375,1.0205078,2.183206,-1.4198474,0.8244275
2026-07-20T18:21:53.527678,-0.09008789,0.009277344,1.0144043,2.167939,-1.4198474,0.9312977
2026-07-20T18:21:53.540103,-0.09472656,0.0073242188,1.0131836,2.1068702,-1.3282443,0.8091603
2026-07-20T18:21:53.552683,-0.09106445,0.0073242188,1.0166016,2.2137403,-1.4045801,0.870229
2026-07-20T18:21:53.564678,-0.09423828,0.010498047,1.0170898,2.1374047,-1.4198474,0.97709924
2026-07-20T18:21:53.576710,-0.09008789,0.008544922,1.0192871,2.1526718,-1.389313,0.8091603
2026-07-20T18:21:53.588672,-0.09375,0.0034179688,1.0109863,2.167939,-1.4351145,0.870229
2026-07-20T18:21:53.600138,-0.09375,0.0056152344,1.019043,2.091603,-1.3435115,1.0687023
2026-07-20T18:21:53.612719,-0.09643555,0.007080078,1.0202637,2.2442749,-1.4656489,0.8396947
2026-07-20T18:21:53.625137,-0.09082031,0.0034179688,1.0124512,2.167939,-1.5267175,0.870229
2026-07-20T18:21:53.637689,-0.0925293,0.0073242188,1.0112305,2.1526718,-1.480916,0.8091603
2026-07-20T18:21:53.649727,-0.09765625,0.013183594,1.0107422,2.1068702,-1.4045801,0.90076333
2026-07-20T18:21:53.661691,-0.09375,0.008544922,1.0141602,2.1374047,-1.4045801,0.8244275
2026-07-20T18:21:53.673655,-0.0949707,0.008544922,1.013916,2.2290077,-1.4045801,0.90076333
2026-07-20T18:21:53.685710,-0.09326172,0.005126953,1.0129395,2.076336,-1.5267175,0.8854962
2026-07-20T18:21:53.697718,-0.09448242,0.0087890625,1.0153809,2.1984732,-1.4045801,0.99236643
2026-07-20T18:21:53.709969,-0.09277344,0.007080078,1.0134277,2.259542,-1.480916,0.7480916
2026-07-20T18:21:53.721633,-0.091552734,0.009277344,1.0114746,2.1068702,-1.4503816,0.97709924
2026-07-20T18:21:53.734142,-0.092285156,0.0107421875,1.0117188,2.2137403,-1.4503816,0.96183205
2026-07-20T18:21:53.746121,-0.09472656,0.0061035156,1.0124512,2.2290077,-1.4961832,0.9312977
2026-07-20T18:21:53.758084,-0.09667969,0.009521484,1.0161133,2.167939,-1.5267175,0.870229
2026-07-20T18:21:53.770117,-0.09082031,0.007080078,1.0129395,2.1374047,-1.3587786,0.9160305
2026-07-20T18:21:53.782108,-0.091552734,0.0068359375,1.0148926,2.2442749,-1.4198474,0.9312977
2026-07-20T18:21:53.794100,-0.09008789,0.010986328,1.0144043,2.183206,-1.3740458,0.8549618
2026-07-20T18:21:53.806124,-0.096191406,0.0061035156,1.0134277,2.183206,-1.4198474,0.90076333
2026-07-20T18:21:53.818523,-0.096191406,0.0031738281,1.0102539,2.259542,-1.3740458,0.9160305
2026-07-20T18:21:53.830663,-0.09692383,0.0063476563,1.019043,2.1526718,-1.4198474,0.8244275
2026-07-20T18:21:53.842677,-0.091308594,0.008056641,1.0144043,2.2137403,-1.4656489,0.9160305
2026-07-20T18:21:53.854677,-0.096191406,0.009765625,1.0131836,2.183206,-1.4961832,1.0534351
2026-07-20T18:21:53.866711,-0.09057617,0.005859375,1.0100098,2.076336,-1.4351145,0.8244275
2026-07-20T18:21:53.878669,-0.095458984,0.010498047,1.0129395,2.183206,-1.4656489,0.97709924
2026-07-20T18:21:53.890680,-0.095458984,0.008544922,1.015625,2.183206,-1.3587786,0.9465649
2026-07-20T18:21:53.902692,-0.0949707,0.0056152344,1.0144043,2.091603,-1.3740458,0.90076333
2026-07-20T18:21:53.914674,-0.095703125,0.008300781,1.0231934,2.259542,-1.4351145,0.8854962
2026-07-20T18:21:53.926698,-0.09765625,0.0075683594,1.012207,2.2442749,-1.4198474,0.90076333
2026-07-20T18:21:53.939025,-0.09472656,0.010498047,1.0175781,2.1374047,-1.389313,0.9160305
2026-07-20T18:21:53.950728,-0.095214844,0.0078125,1.0158691,2.091603,-1.3435115,0.8396947
2026-07-20T18:21:53.962718,-0.09106445,0.009765625,1.0126953,2.2442749,-1.3587786,0.8854962
2026-07-20T18:21:53.975116,-0.09399414,0.0053710938,1.0131836,2.167939,-1.4045801,0.90076333
2026-07-20T18:21:53.987710,-0.092041016,0.0073242188,1.0078125,2.2748091,-1.5572519,1.0076336
2026-07-20T18:21:53.999702,-0.091796875,0.010498047,1.0178223,2.2442749,-1.3435115,1.0076336
2026-07-20T18:21:54.011705,-0.09326172,0.0056152344,1.0151367,2.2442749,-1.4961832,0.8854962
2026-07-20T18:21:54.023743,-0.095703125,0.005126953,1.0119629,2.1526718,-1.5114504,0.90076333
2026-07-20T18:21:54.035684,-0.09448242,0.005126953,1.0148926,2.091603,-1.480916,0.9312977
2026-07-20T18:21:54.047908,-0.0925293,0.005859375,1.0183105,2.167939,-1.4503816,0.9160305
2026-07-20T18:21:54.059697,-0.0949707,0.004638672,1.0183105,2.167939,-1.4961832,0.99236643
2026-07-20T18:21:54.071725,-0.091552734,0.0107421875,1.0109863,2.2290077,-1.4045801,0.9312977
2026-07-20T18:21:54.083735,-0.09399414,0.004638672,1.0109863,2.2137403,-1.480916,1.038168
2026-07-20T18:21:54.095751,-0.09350586,0.0068359375,1.0087891,2.2290077,-1.5267175,1.0076336
2026-07-20T18:21:54.107745,-0.08886719,0.0087890625,1.012207,2.2290077,-1.4198474,0.870229
2026-07-20T18:21:54.119749,-0.09277344,0.011230469,1.0187988,2.1984732,-1.3587786,1.0534351
2026-07-20T18:21:54.131752,-0.095458984,0.009277344,1.0158691,2.2137403,-1.3587786,0.8091603
2026-07-20T18:21:54.143768,-0.09399414,0.006591797,1.0163574,2.167939,-1.389313,0.870229
2026-07-20T18:21:54.156099,-0.095947266,0.005859375,1.0134277,2.259542,-1.4198474,0.8091603
2026-07-20T18:21:54.167788,-0.092041016,0.009521484,1.0161133,2.1374047,-1.4503816,0.9312977
2026-07-20T18:21:54.180153,-0.09033203,0.00390625,1.0195313,2.2137403,-1.3435115,0.90076333
2026-07-20T18:21:54.192161,-0.091796875,0.009765625,1.0180664,2.1526718,-1.29771,0.77862597
2026-07-20T18:21:54.204159,-0.092041016,0.0087890625,1.0095215,2.076336,-1.4656489,0.96183205
2026-07-20T18:21:54.216167,-0.09716797,0.005126953,1.0141602,2.1374047,-1.5114504,0.97709924
2026-07-20T18:21:54.228116,-0.09301758,0.005859375,1.0107422,2.1068702,-1.4656489,0.8091603
2026-07-20T18:21:54.240145,-0.09643555,0.007080078,1.017334,2.2290077,-1.480916,0.8396947
2026-07-20T18:21:54.252205,-0.09082031,0.008300781,1.0175781,2.2137403,-1.5267175,0.8549618
2026-07-20T18:21:54.264598,-0.09277344,0.008056641,1.0109863,2.2290077,-1.4198474,0.90076333
2026-07-20T18:21:54.276208,-0.095947266,0.0068359375,1.020752,2.1526718,-1.2824427,0.8396947
2026-07-20T18:21:54.288240,-0.092285156,0.008056641,1.0192871,2.1374047,-1.4961832,0.9312977
2026-07-20T18:21:54.300165,-0.092285156,0.008300781,1.0161133,2.1526718,-1.4961832,0.90076333
2026-07-20T18:21:54.312147,-0.096191406,0.001953125,1.017334,2.2137403,-1.389313,1.0076336
2026-07-20T18:21:54.324155,-0.095214844,0.0061035156,1.0178223,2.2290077,-1.4656489,0.870229
2026-07-20T18:21:54.336837,-0.09423828,0.0075683594,1.0151367,2.1526718,-1.5267175,0.8854962
2026-07-20T18:21:54.348851,-0.09643555,0.008056641,1.0090332,2.2137403,-1.3587786,0.9465649
2026-07-20T18:21:54.360763,-0.09350586,0.0073242188,1.0151367,2.183206,-1.3740458,0.8549618
2026-07-20T18:21:54.372724,-0.0949707,0.009521484,1.0134277,2.076336,-1.389313,0.97709924
2026-07-20T18:21:54.384717,-0.09008789,0.0075683594,1.0180664,2.2442749,-1.4198474,0.97709924
2026-07-20T18:21:54.397246,-0.09008789,0.0073242188,1.0129395,2.2290077,-1.4503816,0.9312977
2026-07-20T18:21:54.409234,-0.09106445,0.009033203,1.0134277,2.1984732,-1.4198474,0.7633588
2026-07-20T18:21:54.421393,-0.0925293,0.0056152344,1.015625,2.1984732,-1.4198474,0.8854962
2026-07-20T18:21:54.433238,-0.09326172,0.009033203,1.0087891,2.1221373,-1.4656489,0.90076333
2026-07-20T18:21:54.445243,-0.091308594,0.009033203,1.0119629,2.1068702,-1.480916,1.0076336
2026-07-20T18:21:54.457198,-0.0925293,0.010253906,1.0153809,2.183206,-1.4503816,0.9160305
2026-07-20T18:21:54.469236,-0.091552734,0.008544922,1.0134277,2.076336,-1.4198474,0.9465649
2026-07-20T18:21:54.481811,-0.087402344,0.0063476563,1.0092773,2.2748091,-1.3740458,0.8396947
2026-07-20T18:21:54.494014,-0.092285156,0.009521484,1.0144043,2.167939,-1.3282443,0.9160305
2026-07-20T18:21:54.505754,-0.09667969,0.0078125,1.015625,2.2900763,-1.3129771,0.8549618
2026-07-20T18:21:54.518177,-0.09472656,0.0053710938,1.0170898,2.2442749,-1.4503816,0.8396947
2026-07-20T18:21:54.530211,-0.09277344,0.0075683594,1.0114746,2.3206108,-1.5419847,0.90076333
2026-07-20T18:21:54.542838,-0.09375,0.0073242188,1.0183105,2.2442749,-1.3587786,0.9312977
2026-07-20T18:21:54.555153,-0.09277344,0.0053710938,1.0214844,2.183206,-1.4656489,0.9465649
2026-07-20T18:21:54.567239,-0.0949707,0.0063476563,1.0146484,2.2290077,-1.3587786,0.90076333
2026-07-20T18:21:54.579275,-0.09399414,0.008056641,1.0153809,2.1984732,-1.3129771,0.96183205
2026-07-20T18:21:54.591301,-0.09716797,0.008056641,1.0119629,2.2137403,-1.4351145,1.0076336
2026-07-20T18:21:54.603939,-0.09814453,0.0073242188,1.0075684,2.2442749,-1.3587786,0.99236643
2026-07-20T18:21:54.615849,-0.092285156,0.0061035156,1.0175781,2.2137403,-1.4503816,0.8854962
2026-07-20T18:21:54.627822,-0.0949707,0.007080078,1.0180664,2.1526718,-1.29771,0.9465649
2026-07-20T18:21:54.639884,-0.095703125,0.0061035156,1.0163574,2.1374047,-1.4961832,0.96183205
2026-07-20T18:21:54.651742,-0.09082031,0.009033203,1.013916,2.183206,-1.4961832,0.99236643
2026-07-20T18:21:54.663768,-0.09423828,0.0036621094,1.0136719,2.1374047,-1.4961832,0.9160305
2026-07-20T18:21:54.675798,-0.091308594,0.008300781,1.015625,2.2442749,-1.4351145,0.97709924
2026-07-20T18:21:54.687780,-0.09423828,0.007080078,1.0178223,2.1221373,-1.4503816,0.870229
2026-07-20T18:21:54.700193,-0.09350586,0.00390625,1.0170898,2.1221373,-1.4351145,0.79389316
2026-07-20T18:21:54.712103,-0.09277344,0.008056641,1.0129395,2.1984732,-1.4351145,0.870229
2026-07-20T18:21:54.723804,-0.09350586,0.010253906,1.0175781,2.2137403,-1.4351145,0.90076333
2026-07-20T18:21:54.735791,-0.09643555,0.006591797,1.0175781,2.1221373,-1.4961832,0.9160305
2026-07-20T18:21:54.747745,-0.09814453,0.011230469,1.013916,2.2442749,-1.4045801,0.870229
2026-07-20T18:21:54.759803,-0.095947266,0.0021972656,1.0180664,2.1221373,-1.4045801,0.9160305
2026-07-20T18:21:54.772255,-0.095458984,0.0073242188,1.0146484,2.1374047,-1.4198474,0.870229
2026-07-20T18:21:54.784160,-0.09472656,0.0078125,1.0114746,2.091603,-1.480916,0.9160305
2026-07-20T18:21:54.796811,-0.091796875,0.0073242188,1.0097656,2.1374047,-1.3740458,0.9160305
2026-07-20T18:21:54.808855,-0.09350586,0.0036621094,1.0202637,2.2290077,-1.4045801,0.7633588
2026-07-20T18:21:54.821057,-0.095703125,0.0068359375,1.0197754,2.1526718,-1.3435115,0.9465649
2026-07-20T18:21:54.832797,-0.09350586,0.0068359375,1.0126953,2.183206,-1.4351145,0.8854962
2026-07-20T18:21:54.844811,-0.09423828,0.005126953,1.0073242,2.076336,-1.3129771,0.96183205
2026-07-20T18:21:54.857241,-0.09375,0.0073242188,1.0112305,2.183206,-1.4045801,0.8854962
2026-07-20T18:21:54.869238,-0.091796875,0.005126953,1.0236816,2.1984732,-1.4503816,0.8854962
